payload,memory_used,start_time,request_id,duration,init_duration,memory_size
{'n': 3810},285,1723641596606,016b233d-a0c6-4133-9864-f742dd6bbe36,1720,,1792
{'n': 9610},452,1723641616836,bfb9337e-b097-4969-a9d6-ce75b6606947,3000,,1792
{'n': 1010},71,1723641585171,56326ea9-c721-4cfd-b95b-b91c280fd56f,196,184,1024
{'n': 6110},352,1723641605680,1fd5fda5-77d7-41dc-adb8-976e5b290293,3000,,2816
{'n': 5410},98,1723641599212,d9e89efa-5f9b-4672-a572-87115309eaa7,3000,,256
{'n': 9410},66,1723641613520,bd33c69b-9bf9-45cc-a8b3-7b4c56367680,3000,,128
{'n': 4210},226,1723641595722,b6fb9a19-ca3a-4070-8cb7-bce6d3165f8b,3000,,768
{'n': 8710},83,1723641610484,b4e3709b-ec05-4b6f-828c-069723daa8a1,3000,,256
{'n': 4810},274,1723641590911,2f008f9d-798e-452c-8124-f8939b7b3847,2575,189,1920
{'n': 110},44,1723641585668,4ce9565f-3282-4bab-a843-b9c5ee0043f6,6,179,2944
{'n': 3910},200,1723641587804,4ea8bded-2282-45b4-bd79-020cc89a9bdc,3000,182,768
{'n': 3710},248,1723641595278,4d2b1190-7ca1-46c3-a225-6a458339b5ed,1602,,3008
{'n': 5010},353,1723641595410,6aa0c5a3-8bb2-46e4-8518-97879e8d7960,2580,,3008
{'n': 9810},459,1723641608669,75d19338-2edb-4f6c-bc04-50e80436a38b,3000,,2688
{'n': 5810},132,1723641590421,0bfbc74d-0b3b-4395-8f83-0cca741fddb5,3000,,384
{'n': 1510},97,1723641585881,c96d526f-650d-4972-8038-b17bee9bdfa4,904,187,768
{'n': 3410},275,1723641595646,46a9d099-366b-4b15-b146-7bbcb1c4b5f4,1453,,1792
{'n': 8710},420,1723641604196,cf6ce70a-052f-42f3-a5d7-2d375ad2c700,3000,,1792
{'n': 7710},161,1723641597206,8d24d4ac-797a-4e33-8dc9-f1fc252be55c,3000,,384
{'n': 2710},269,1723641592771,173d8416-d1f0-44e8-8f60-de09a3bc5c3a,968,,1920
{'n': 2210},155,1723641587468,acf2549b-e6d6-482e-9205-b1591960ec7b,617,,2048
{'n': 3210},215,1723641595534,676249ff-d154-4ae1-bfba-09aedef26bf1,1286,,2560
{'n': 10},98,1723641586288,ed8342ba-172a-44d0-ab65-887c676ec388,2,,2048
{'n': 3810},328,1723641598447,e8bfa8fe-8b4a-493e-8726-4cbbc4dc7d79,1846,,3008
{'n': 1210},81,1723641585831,bf727faf-67c3-4125-b9c3-402408c62a11,176,,2560
{'n': 7910},432,1723641601856,447c218d-5173-4f53-9b88-45d5e9c65375,3000,,2688
{'n': 1910},119,1723641586656,b98a9690-f014-4f83-9a96-3fedab09be37,470,,1920
{'n': 7210},386,1723641599099,00e92af7-0e50-43f0-946f-70f0c2ca2b13,3000,,2688
{'n': 3310},194,1723641588049,fa70b734-69ff-4c8a-b702-34793ecf6115,3000,186,896
{'n': 3810},122,1723641587885,02055bdd-c220-4128-878a-1b58c0343df6,3000,185,384
{'n': 7610},438,1723641609625,989d2916-d15e-4f22-b3d2-0eb099831257,3000,,1792
{'n': 4710},351,1723641598360,ec39f7ba-607d-4cb5-81b2-1e32d5f4e400,2302,,1792
{'n': 3610},272,1723641594679,5c93e9ca-0fb3-44e7-a4ff-0e32d6336fd2,3000,,896
{'n': 6910},341,1723641594868,0129dad0-b5bf-4ed2-a596-c5c65c649a21,3000,,1024
{'n': 9710},455,1723641610813,9d194297-7083-413f-abb3-c0956c6db198,3000,,3008
{'n': 6110},314,1723641592955,84db0a3a-4cd4-43a8-a9ad-015c9d8b5237,3000,,1024
{'n': 7710},82,1723641597131,1e0c6c65-8794-4b47-bea8-cf26abc2dc16,3000,,256
{'n': 9610},68,1723641604387,d151dea5-c511-4aef-97f2-45e486747924,3000,,128
{'n': 4310},247,1723641590456,d43c98dd-60a7-4279-963b-668e25a0ea55,2008,159,2560
{'n': 4910},280,1723641601792,fa5f6a63-5401-4a8b-a374-a1e36d96b7cc,2628,184,2944
{'n': 5210},260,1723641590137,8bd9584f-679b-4a4d-8ae9-cfd2f24e8b4b,3000,,896
{'n': 4510},228,1723641596124,e314f35a-2318-4500-955d-d3c9b62942e0,3000,,1024
{'n': 3410},203,1723641589300,840795f7-ada9-46f6-9ef3-9ea6eecd3c69,1452,,1920
{'n': 7810},92,1723641607093,5c2aa92d-1cdf-4036-b032-c780fc4903ee,3000,,256
{'n': 3410},199,1723641589673,6ba8b758-bd92-4e2e-aad7-9773ca4713f4,1468,160,2560
{'n': 710},57,1723641586543,2067ea89-b091-4181-aaa0-6997c729822a,41,,3008
{'n': 5510},339,1723641602137,2eb13a8c-4d77-4d88-8fd0-28dfdda8f353,2801,,2688
{'n': 8610},451,1723641613475,01350f2d-be00-42d7-abeb-07b30f26d40e,3000,,1920
{'n': 2010},140,1723641587344,71d9c0a8-08db-43de-9e18-22c55410d15a,547,,2560
{'n': 4510},258,1723641590734,87a7a17b-1a5c-429c-a65e-d4c48258a6c2,2286,180,2048
{'n': 4610},82,1723641587634,d9e59a58-78f4-4b65-b39b-3a2b7ed12fea,3000,174,256
{'n': 510},50,1723641585137,2965d5cf-4fcf-47ee-b65c-f23198cc7e42,422,185,128
{'n': 910},66,1723641585547,c96e1467-3af8-45c7-b3ae-74f99471b72b,92,,2688
{'n': 6810},381,1723641597996,9ede3c68-b6ed-4514-b2f7-899d8f9be6ae,3000,,2816
{'n': 8910},457,1723641605097,19d13c53-5af5-4a20-9643-c9414e433aa2,3000,,2688
{'n': 1410},178,1723641589295,53700e55-cb3c-473b-b315-5e75cc7bb61b,243,,1920
{'n': 210},81,1723641586189,8fef08b8-8712-43e7-90d1-7bd30894d297,5,,384
{'n': 6810},454,1723641610414,c43675ab-6330-4816-b14e-d56e1b675fcc,3000,,2944
{'n': 810},61,1723641585201,45844242-0ebb-4eae-9687-f24508f194cf,74,,1792
{'n': 9010},434,1723641615542,358a4f8a-3bef-40b6-80ca-447c0331c13f,3000,,1920
{'n': 7210},351,1723641602293,ab0829e0-57d9-40a8-8625-76034c2998fe,3000,190,2944
{'n': 9110},84,1723641612661,ef67e505-0251-482c-99db-5136c93e5bbc,3000,,256
{'n': 9810},459,1723641611573,37f0f323-0b8e-4ee3-a700-bd4e917843fc,3000,,2944
{'n': 4610},264,1723641598841,60a0f61a-2f5a-4ee8-9e98-e9c7de11ec6a,2313,,2688
{'n': 7610},438,1723641612702,4833fe0a-336a-4587-b72e-fb06e7fb3e67,3000,,2944
{'n': 3010},281,1723641593468,0abcf031-ad83-4e38-b4f6-f58f6787d49d,3000,,768
{'n': 7910},425,1723641611206,767aa6b5-ce41-4fd6-af0a-b94aaf8d0bfa,3000,,1792
{'n': 1010},71,1723641585591,906e46d3-bd8f-40e3-98c0-38b338f82330,114,179,2048
{'n': 1910},185,1723641591188,a60b8aa0-81fe-4cf6-9dc8-6bbda2f0d388,533,,3008
{'n': 6010},314,1723641601172,c761cde9-824c-4d8e-8462-c47e9079b0d6,3000,,1024
{'n': 1510},173,1723641590237,3debdda5-f248-44ef-972a-21ff98c44ab6,279,,3008
{'n': 8510},384,1723641613613,dae921d4-ed59-435c-bd36-4efb7c6feb5e,3000,,1920
{'n': 1810},238,1723641590120,13f05c13-5c02-4d1f-bae7-f69fa948051d,408,,2048
{'n': 7310},143,1723641596158,1260513e-5790-41b0-a4ee-0c4014206a0a,3000,,384
{'n': 1610},103,1723641585784,704d848a-147b-49a4-9f41-83bf46c3b088,889,190,896
{'n': 610},76,1723641586257,e7fdd680-58c0-4126-8694-a51f19b41bfa,212,,256
{'n': 6210},279,1723641604198,9dff898e-ed68-4ce7-9f65-a40988c25d4c,3000,,896
{'n': 5410},98,1723641590090,a4dfa6e8-5fce-466f-840d-16c1226d0b28,3000,,256
{'n': 8110},393,1723641602158,4a5b45fa-51d7-44a5-adcc-6cdcb3829161,3000,,2944
{'n': 7910},384,1723641601854,9426bc8d-8874-416c-8298-39484676f04a,3000,,2560
{'n': 4410},253,1723641598485,8e17d683-205a-4cb1-b88c-d842d4b09467,2115,,2816
{'n': 7510},86,1723641596544,641d6646-722e-4514-bfd4-1c9307605547,3000,,256
{'n': 310},46,1723641585698,083748a5-980b-4d23-bd20-e3b5d0ba7eb3,14,182,2944
{'n': 9010},434,1723641615391,106124ac-9162-4869-acb6-a9050861d8f0,3000,,1792
{'n': 9910},135,1723641614926,384faae9-c55f-4c85-be0c-51596e0594dd,3000,,384
{'n': 1710},183,1723641590298,d36a0cfb-2861-4555-98cd-cf4348779794,423,,2816
{'n': 3210},189,1723641588951,02f161eb-466d-4289-b655-92847c55aab7,1375,,1792
{'n': 710},57,1723641585076,a05ef01d-099d-4116-be2c-2bb86156cf76,99,189,1024
{'n': 7710},65,1723641606617,c57b9aac-5b5a-47c1-b610-61e26c135390,3000,,128
{'n': 5910},334,1723641593946,68582c92-1ca1-4bf5-aa43-494fc17dfd41,3000,,2048
{'n': 9210},281,1723641613012,e483c950-425a-4a7d-9a00-c559c4cc7407,3000,,768
{'n': 310},65,1723641586347,0ce0ba64-4559-4b19-ae4c-2270cbad0bb4,8,,2560
{'n': 6310},105,1723641594725,6faed0bd-09a6-4c4a-ab30-d3a3de160e96,3000,,256
{'n': 4910},279,1723641590677,4f8c767a-8b32-4223-b2e3-0bb88a1e8fba,2558,182,1920
{'n': 6410},360,1723641600989,153bd2a0-6e76-48c3-90f6-348d8df2f792,3000,,3008
{'n': 6410},98,1723641604234,a18b4a3c-c032-4c75-89e5-f6766451eeb2,3000,,256
{'n': 5410},74,1723641599274,13136ae0-52ea-43f7-8f4e-7825ee8c040a,3000,,128
{'n': 3210},334,1723641595770,47d50c86-ae45-43f8-aabf-c9f705e49b0c,1530,,2816
{'n': 6810},305,1723641594819,72cecc56-7f63-4fd2-863c-6a0b26558938,3000,,1024
{'n': 3510},204,1723641589794,ce272913-a7dc-4deb-ab86-81106df8f759,1564,180,2560
{'n': 9810},128,1723641605394,7d877843-437b-4456-bcd6-5c499cf8a479,3000,,384
{'n': 5110},275,1723641590121,3cf74847-c732-49b4-b71e-7ec78da2ba97,3000,,896
{'n': 4510},259,1723641592869,a7419b68-507e-4120-888e-807856ae14f9,2168,,2944
{'n': 3110},183,1723641589940,6ac95d5b-2210-45ca-a386-116b4b7efa93,1450,192,2560
{'n': 8310},66,1723641599835,b245088d-8cf7-49b8-87c5-80e7d641b3d9,3000,,128
{'n': 7810},446,1723641610176,59faf052-7f22-4c2a-860a-6ae57813bf3d,3000,,1792
{'n': 7110},341,1723641605073,6ca1b2f2-206c-4335-9210-e53f38f3fea9,3000,,1024
{'n': 3710},164,1723641593504,db7a5b09-480b-4552-8dd0-c3df110080c3,3000,,384
{'n': 1010},71,1723641585130,5b38c7dc-23ec-4a23-9216-44d4a990c11f,235,188,896
{'n': 9410},312,1723641613532,40f75a8d-f6c0-4357-9e65-5490caa23c61,3000,,896
{'n': 7910},456,1723641611250,c5cde652-cb67-4374-8a16-12c18fc6bf19,3000,,2048
{'n': 1610},198,1723641589368,113d4483-231c-4b88-8b1c-a8b185047a96,321,,1792
{'n': 2410},146,1723641587489,b7dee6c1-e8dc-4d1b-a2d7-b4ceeb8b1793,846,,1792
{'n': 6010},369,1723641604228,0261e74e-518d-4185-97e2-3bde4b8e94a4,3000,,1792
{'n': 2610},65,1723641592407,4c4617bf-5318-4fa2-bf19-e160f1da6cf1,3000,,128
{'n': 1410},173,1723641589596,cc3458d8-a820-4254-a0b6-b754c18962ff,230,,2688
{'n': 3110},183,1723641596395,859d09b7-28b1-41e1-adb6-fa46a2edf5d4,1324,,3008
{'n': 410},48,1723641584921,280b3455-8773-4b1e-89e5-5e4a14b59f3c,33,182,896
{'n': 2810},215,1723641593739,b6900815-3b2b-4ac1-9017-3c369571ba9b,1049,,2560
{'n': 8410},439,1723641603852,fb061e59-78f8-46be-a220-7a4e2d3cbdfb,3000,,1920
{'n': 9110},465,1723641615854,5fa989da-fd61-450d-b878-5a9ff822b4cd,3000,,2560
{'n': 9210},443,1723641606687,9a67de87-1451-4829-b9ab-5202be839e05,3000,,2048
{'n': 8110},284,1723641598914,1ceb8c64-5363-4a1f-8107-b33a43e8ccb2,3000,,1024
{'n': 2310},231,1723641592251,b30130bf-80be-42d6-8b0f-23fd98302a0f,720,,2688
{'n': 110},46,1723641586177,64354062-6dc8-4558-9749-4745ebb08648,3,,2048
{'n': 3510},181,1723641587732,10b13d3b-8a4d-491b-a181-d0011196c1b7,3000,165,768
{'n': 4910},281,1723641596510,9d03dd96-ccd3-4f78-9387-c36b220bf7a6,3000,,768
{'n': 5910},334,1723641596944,109b0920-49ad-4727-ba44-028847bb31f7,3000,,3008
{'n': 7210},391,1723641598949,a4f61918-dcf0-4978-b93f-66207db2cd94,3000,,1792
{'n': 9210},82,1723641603536,00f887e5-c64d-4c86-8599-92d0cebecede,3000,,256
{'n': 8010},389,1723641601819,76f8bc6b-3b95-478b-afe5-32e544bda2fd,3000,,2560
{'n': 6010},106,1723641591606,c2d74916-379e-4ab5-9fed-b2be901b392f,3000,,256
{'n': 5210},319,1723641595328,32ee8ea5-90e8-4bbd-9fa3-4cb08c35001c,2568,,2944
{'n': 4110},237,1723641587955,4f0816bd-44a1-4d9d-92ce-d69f9f4df2cd,3000,180,1024
{'n': 8510},411,1723641603977,05db54ea-190e-404c-890a-6650d950af8b,3000,,2560
{'n': 8810},456,1723641614601,a3610714-f412-4002-9c39-2c223617ea48,3000,,2048
{'n': 5910},255,1723641600199,41c87cda-8b26-47a6-86b6-1ff2ef7b62aa,3000,,768
{'n': 4210},98,1723641587896,6696d215-8102-4afe-a8f9-94859ac2c097,3000,186,384
{'n': 3410},199,1723641589669,96afbf08-d6fb-4c11-8213-a806f2fc1edc,1626,189,1792
{'n': 310},46,1723641585431,ceaab43b-5134-4dc9-9148-76c39e660ccd,12,150,1920
{'n': 8310},402,1723641606075,da077a7b-c929-4ddb-8bfd-c0fe896df9f9,3000,,3008
{'n': 2410},279,1723641592262,17c38ea4-ad02-4e63-9e20-c5ee5b6a3ee5,868,,2560
{'n': 8210},397,1723641612306,2358224f-8595-4ea4-9dd0-ad1dd962af0c,3000,,1792
{'n': 7310},357,1723641611892,a7eaf84c-f74c-433c-9332-4a90a8886d0d,3000,,2944
{'n': 2210},219,1723641590950,31f1909b-ea50-48e3-aed3-8771829b4474,669,,1920
{'n': 1210},81,1723641585366,45c696c5-ad78-496c-881f-64c2e42eab43,441,161,896
{'n': 110},44,1723641584957,2dcdb34f-7a00-4b51-889a-50518ed99007,6,180,896
{'n': 1310},164,1723641589668,7ef971a8-1404-4bf2-8e24-3ad63ffe7adc,177,,2944
{'n': 6610},402,1723641597943,8d143334-df40-43d1-accd-75b79f121502,3000,,1792
{'n': 1610},94,1723641591080,adf43bf7-f44b-45cc-8750-0dcf6353741f,3000,,256
{'n': 4910},98,1723641587889,9780f451-8be0-4a63-b2af-90280ab1b546,3000,190,384
{'n': 2810},274,1723641594000,7e1426b7-eff9-4551-b5d2-3d1159d7fc26,1074,,2816
{'n': 10},43,1723641585411,4832d8eb-854b-4ddc-8298-00d883c532a0,5,170,1920
{'n': 9310},449,1723641606802,b175a54b-f789-4535-a651-04eba246e750,3000,,1920
{'n': 7210},351,1723641611802,6b55be23-7762-4ea5-8c8c-9f379c5479f4,3000,,2944
{'n': 9510},458,1723641607298,47e9115d-3cdc-41b1-af14-6c5e7385277e,3000,,2560
{'n': 3710},191,1723641587875,18ae623d-b051-4b46-82d9-8ac2f0dbcbd4,3000,160,768
{'n': 5310},301,1723641593202,e3d025f7-5d2b-4521-bd8c-84e4bf00bd3d,2864,,2560
{'n': 9610},454,1723641617009,02628e52-8ef7-4b98-85fd-617ba5d4a39a,3000,,2048
{'n': 3010},285,1723641594672,2ccebcb4-30fb-466f-b2ba-37b71b26e737,1071,,2816
{'n': 2010},113,1723641591465,104d3823-808c-4cc9-8ae8-ab0ccee08bf0,3000,,384
{'n': 2310},126,1723641587897,581585be-369d-4fba-8397-40d984e1c9d2,3000,181,384
{'n': 4910},246,1723641596504,aa92e5a6-aa96-4d60-a51d-fb905930369c,3000,,1024
{'n': 9810},66,1723641614833,d161b9f7-b318-4c28-9d81-7d5c11046843,3000,,128
{'n': 2310},140,1723641588614,2a13a857-82f8-467f-9556-e3403ed60f30,765,,3008
{'n': 1810},215,1723641590626,32055e39-633e-44a6-96b0-4609185ce8a0,398,,2944
{'n': 5810},296,1723641599846,b87bc101-d733-44ce-abf3-a925c715abf5,3000,,1024
{'n': 2010},134,1723641587962,f7008ee1-c5f7-4044-a656-bfbbf2cae610,571,,2944
{'n': 5710},280,1723641599454,ab5c0ad9-423e-4359-b94e-cb9fea474b26,3000,,1024
{'n': 4010},82,1723641588057,705707fe-954a-430a-b211-61086e26f5fa,3000,186,256
{'n': 6810},78,1723641604272,ff093d06-cebf-4eab-b73c-9ded86ac0b3c,3000,,128
{'n': 6110},299,1723641592966,743bd3cf-b055-4a34-bf4e-8c3f28222096,3000,,896
{'n': 8210},276,1723641599817,9409dd65-6332-4509-9929-c11370c70bb7,3000,,1024
{'n': 3410},66,1723641594252,b689f624-302b-4a6d-a9dc-c1cbc6ef8ab5,3000,,128
{'n': 5710},100,1723641599405,8df8f8d8-3da9-48dd-a0b5-5a5e35d15439,3000,,256
{'n': 5110},291,1723641595270,abfd5e37-e37d-4257-91d2-526e0b5c2662,2659,,2944
{'n': 4610},269,1723641598535,b71a6dbb-d4fa-4b62-9080-8ff9ba4f61a7,1998,,2816
{'n': 3610},329,1723641596416,822bb5e2-43e8-460e-bc6a-03cede562094,1609,,2560
{'n': 5010},65,1723641598647,73749f08-4a61-4f05-922f-dd08879e6dc4,3000,,128
{'n': 7510},320,1723641606056,3189dfec-98d0-48d5-838d-7a4b60c5b7f6,3000,,1024
{'n': 310},84,1723641586381,65998b7b-0aeb-4d17-aaaf-a77fd56bf2f8,7,,2688
{'n': 7910},384,1723641601778,3a505bc8-0596-4d15-a82f-dd2d4651e9d9,3000,,1920
{'n': 8010},118,1723641598614,03577e56-767b-40d7-9308-18acfe02d70d,3000,,384
{'n': 1110},76,1723641585733,e2400266-f186-40ac-886a-9ee38ac7d2fe,158,,2560
{'n': 1610},188,1723641590108,983cdf72-4a8e-4c74-876d-a72a09b05b7d,330,,2816
{'n': 10},43,1723641585660,8cb78522-9252-466f-83ef-d82560689e27,5,183,2560
{'n': 6810},86,1723641594770,2adb16f2-70fc-4f08-bcf7-2db8884bb936,3000,,128
{'n': 2510},232,1723641593176,579f10cd-8ef3-4822-821a-13f654025447,859,,3008
{'n': 410},119,1723641586051,d5eb1e11-21ff-4c7f-a1ba-dbc8854df431,12,,1024
{'n': 8510},164,1723641610365,76128277-1ca5-479a-9105-f9cffd5686fb,3000,,384
{'n': 1710},108,1723641586058,37e43e16-6a38-4a77-bc89-e0d5b7fca14e,1193,186,768
{'n': 4310},247,1723641590486,16bb54bb-808e-4722-a7a4-a71c87aa09e5,1981,160,2816
{'n': 7710},277,1723641597185,99376abc-c908-4ae4-9a2c-0e99ae870d7c,3000,,896
{'n': 1210},156,1723641589460,d300e905-1e6e-426f-ac54-6425e3766ffe,162,,3008
{'n': 1010},124,1723641587028,73ec8aac-669f-4d3e-a8fa-abd164f81f5f,75,,1792
{'n': 8210},397,1723641603018,500284bc-6a39-413c-924f-1d3d570a8676,3000,,2688
{'n': 5910},334,1723641593945,683b16b6-4bd7-413f-85ab-4366ac3c7dd6,3000,,2560
{'n': 910},65,1723641585361,89833ce5-3194-41df-ae7f-85046d201a3e,648,186,256
{'n': 3310},219,1723641589561,75515f7b-ae3d-4612-8417-7735816686c1,1432,,1920
{'n': 610},65,1723641586271,d4b9ce02-b224-455f-85b8-6660e7fff524,29,,1792
{'n': 1110},76,1723641588084,8744757e-0e0d-4b09-a3e7-d6187f2f3ab4,137,,2560
{'n': 4710},237,1723641596076,877e93b5-9236-4fac-b175-135a989348f0,3000,,896
{'n': 4810},274,1723641590816,db61ddc5-25bc-4c69-a1d0-73a2e2c4e515,2448,186,2048
{'n': 7210},393,1723641608717,8b5f86ac-f6b5-4455-9ca0-61f2afcb629d,3000,,1792
{'n': 9910},463,1723641621098,632f845c-be15-4cac-b57e-bb2c8b62372c,3000,,2944
{'n': 8410},65,1723641600708,a6b794f6-9f2b-4e36-8a80-30716e9fdbcb,3000,,128
{'n': 4410},253,1723641600482,ee51ccf0-5cb4-4d5d-8912-23a1e4daf22d,2123,,2944
{'n': 6510},369,1723641597943,eec63847-dd74-4a22-ab9d-298046c2c511,3000,,1792
{'n': 7510},365,1723641609249,92f8d3b3-a9e4-4203-8258-f265a0fd01c8,3000,,1920
{'n': 8610},466,1723641616553,c1e6015b-d068-403a-b72f-684db39efc7f,3000,,3008
{'n': 5110},127,1723641598533,e9ef497d-0934-4905-b1fe-8502f3d0d02d,3000,,256
{'n': 9810},242,1723641614873,f25a57c0-b03d-4be3-9297-cc1dbc5d4d56,3000,,896
{'n': 1510},227,1723641589052,e483736c-a888-4d3c-bc15-33f0e37ef3f2,777,,1024
{'n': 3310},274,1723641594394,99f6bf0b-da2f-4d40-ae37-90fbe356229f,3000,,896
{'n': 8310},434,1723641612573,eac0714e-a927-4946-a1a0-583f37c33251,3000,,1920
{'n': 8410},412,1723641603921,d9e84e13-de95-4b0e-9bef-b4f54aa72961,3000,,2688
{'n': 9510},457,1723641610251,c4332e7c-88d6-4465-bf71-0fb80a969468,3000,,3008
{'n': 310},87,1723641586393,f5f178e8-495f-4346-b1e3-f2df892b1353,8,,2944
{'n': 7010},399,1723641598277,893f01bc-abcd-4883-8276-468bb13e0653,3000,,1792
{'n': 1710},204,1723641589168,3351e11a-1d4d-4707-920a-85100a24f4da,1154,,896
{'n': 7110},460,1723641608281,29602e5a-fc3f-44f7-86f6-2598b4d7b8d7,3000,,2560
{'n': 610},111,1723641586346,377ded7b-616a-4003-ac29-494578dcc5c3,29,,2048
{'n': 3810},221,1723641589913,4b5bdf70-e3fc-4c12-8586-71d28e1ff944,1653,161,2816
{'n': 8310},402,1723641603115,0674516c-0b31-46ec-b04d-4ee9d80fea5c,3000,,2688
{'n': 9110},438,1723641618840,116da170-45b2-4001-96ca-a1def69c234f,3000,,3008
{'n': 5210},296,1723641592832,d4203c53-d869-4b37-a6e8-a9febc4e73da,2615,,1792
{'n': 7210},65,1723641595842,e3f662da-7217-4b73-a0bc-e28cf8bd7c9c,3000,,128
{'n': 9010},465,1723641606002,4e21a1c3-d730-49b7-89c7-349984184214,3000,,2560
{'n': 4410},253,1723641590453,4690e0ae-3749-4181-a6e4-8270062f8ecc,2247,181,1792
{'n': 5710},329,1723641593360,10803acd-84f2-44c5-be50-14b22850c6ee,3000,,2560
{'n': 9910},82,1723641605431,0c4bfa4e-7c4e-40b4-aa27-84a4c870767a,3000,,256
{'n': 10},65,1723641586280,309d72e3-a514-413f-bdc9-bfcc4f5e2e8e,2,,2560
{'n': 4110},143,1723641595392,3656c77f-5f92-4442-9af2-9107508710e6,3000,,384
{'n': 9610},263,1723641613783,f399068f-25da-4f99-9cd0-d19e0653411b,3000,,896
{'n': 5310},361,1723641604683,d76a0be5-edd1-4402-bf87-919cecddb773,2764,,3008
{'n': 5810},399,1723641603045,5d8fb20d-0ace-4549-a56a-d44d070121c5,3000,,2816
{'n': 6410},361,1723641607473,e0d19ae2-8ded-489e-b497-982f2fa67060,3000,,2048
{'n': 910},65,1723641585916,a4c71928-96b8-4bf0-9ec5-13985cd04a46,95,186,2944
{'n': 2010},205,1723641591733,ca79204c-14e2-4b26-9741-93508e8b4eae,620,,3008
{'n': 7910},331,1723641598627,aaf8bb76-0947-4e53-b3d1-98f4f33086dd,3000,,1024
{'n': 2710},258,1723641593637,33bd64b0-007a-413b-b0ac-432c0e1fb7ae,1003,,2688
{'n': 2410},156,1723641587923,4f4ef062-4ae6-43b3-955d-b7af48fec64f,849,,2048
{'n': 7510},66,1723641606038,2dc127c0-04ad-406d-ba29-c2c7ae9417c3,3000,,128
{'n': 1810},113,1723641586198,d4624960-245a-4410-b2f3-e1c5330b8743,1260,153,1024
{'n': 2010},190,1723641590503,cd7712c9-7483-4674-b68d-377e73456604,524,,1920
{'n': 7410},434,1723641609209,84e6741f-5303-496c-bb17-1313316a39f6,3000,,1920
{'n': 7210},351,1723641608755,e75541b3-b3ac-448e-b991-09f9757dff0c,3000,,2048
{'n': 210},44,1723641585858,04803e3a-d769-419d-9b55-70b976bfeb49,9,182,3008
{'n': 3710},216,1723641593497,7dba7a77-1efa-423e-8d41-eb6eda02ebea,3000,,896
{'n': 4010},232,1723641597992,19096b4b-0db5-4746-8ae3-b6318e67421a,1852,,2688
{'n': 8510},425,1723641603995,f65127de-1fbd-47ca-8e37-5bc6d9b82875,3000,,2688
{'n': 7310},360,1723641608956,10afd9cd-6e30-4897-bf42-2ebf5fc36987,3000,,2048
{'n': 310},108,1723641586136,56a93453-be94-4241-8706-c07fc24a1eef,7,,896
{'n': 7810},456,1723641610301,f89811b5-6bd7-4078-9f0e-18326bf5017e,3000,,2048
{'n': 9110},438,1723641615753,24a8b841-e07d-4633-af11-043686d07da3,3000,,1920
{'n': 7610},395,1723641600197,98643021-e15e-4331-9d93-2fc231b0241f,3000,,1920
{'n': 6810},422,1723641600995,5266eab5-f5ef-473c-ab7a-2ca498b978b8,3000,,3008
{'n': 510},50,1723641585404,24b78b89-3387-4afc-bd8b-790224831a1d,31,187,2048
{'n': 2410},154,1723641588604,14aeba9b-5755-49d8-b1be-7c6c40c0263c,807,,2816
{'n': 3010},149,1723641588002,271d12a8-7539-441d-af59-b9f819d18062,3000,178,384
{'n': 7810},66,1723641607065,a8d2128c-c1f6-4781-a465-0d732bc9d93f,3000,,128
{'n': 6210},94,1723641594877,46ee5150-3ca9-47cb-83ea-6326f3c620d3,3000,,256
{'n': 10},43,1723641585121,00f606f9-b0ea-4a5c-8151-944f9868eb46,6,188,1792
{'n': 6910},388,1723641597915,40ad1ffe-d422-4124-b905-2791f1652885,3000,,1920
{'n': 210},48,1723641586430,a27c1d76-905a-4504-9d7a-f86a9348f0c6,5,,2688
{'n': 5010},328,1723641601202,d89923a8-3ea3-4c3f-855c-6209372672c6,2369,,2688
{'n': 1110},76,1723641585252,5ec33a24-f767-4ad0-8b5a-d0462fa3f80f,316,149,1024
{'n': 1110},178,1723641587641,326c756e-fd3f-4be0-8f65-fb75b9974ff7,228,,1024
{'n': 8910},430,1723641605074,32a45120-fe1b-453f-bcad-2f5dda8e5d45,3000,,2048
{'n': 9710},415,1723641617259,bfac743d-a589-48fb-a937-c4629abd2494,3000,,1920
{'n': 3010},178,1723641590224,8183504f-1b16-42ad-8506-11c36e518037,1178,,3008
{'n': 3710},238,1723641594990,a6c619f5-adc7-40ad-afb5-e5123dba32ac,1518,,2048
{'n': 810},71,1723641586472,5f4c0881-0675-4ef5-9aaf-30574386a81a,43,,1920
{'n': 6110},259,1723641602506,9ba60e68-6cfc-492e-ac0c-a87dc663ca4a,3000,,768
{'n': 7610},370,1723641600282,37578a59-a28f-4e96-8f90-f18f5664cdf4,3000,184,2048
{'n': 5210},314,1723641592952,30658bcd-364f-44aa-bcf3-9c2046df84fa,2651,,2048
{'n': 7410},360,1723641602940,a9d0c7d5-fc4e-44f1-b3df-fdbaf7269e22,3000,146,2944
{'n': 5310},68,1723641590148,d70dff3f-31e7-46cb-bffa-4463ef8209c1,3000,,128
{'n': 9610},461,1723641617006,64f337d4-b942-4ff5-be7a-745130e338c1,3000,,2688
{'n': 7310},356,1723641599417,e625adff-703e-4cf3-9e1c-72724208e565,3000,,2560
{'n': 8710},142,1723641610465,d3e1f68f-6fbe-4f59-9ed4-5db4b3d5bf3e,3000,,384
{'n': 7510},369,1723641599776,55453b9b-aff6-4718-b0d0-80e8ab40a731,3000,,2048
{'n': 2310},133,1723641591888,97f98fcd-98c8-4571-be93-d5bce3cc0efe,3000,,384
{'n': 4310},218,1723641588075,b890077c-ef03-4c59-86ea-011e7bb6a393,3000,184,768
{'n': 3010},199,1723641592974,47d66f63-cced-4798-9c9a-2349418dbb97,2517,,896
{'n': 2610},156,1723641587708,e6e0f00c-919a-45ff-b8c4-6ec88d5c4f8f,2963,154,768
{'n': 4210},65,1723641587758,b3b56321-bc16-41dd-9dff-252abb05c3db,3000,187,128
{'n': 7110},320,1723641595650,909a155d-d116-47f1-9907-0b63cad37aaa,3000,,1024
{'n': 3210},318,1723641595192,b99c4f50-a2a4-45a6-989d-93defda3fceb,1339,,1920
{'n': 5810},328,1723641596588,50c2e15c-3f07-495d-afb1-9e4efaa08494,3000,,3008
{'n': 5110},242,1723641598553,d5a13b4b-b7f6-4ecf-bfe2-b90270f95289,3000,,896
{'n': 8210},86,1723641599821,bed64686-cd14-45b0-b247-84f92fa2de02,3000,,256
{'n': 1510},97,1723641585630,40c4e45c-a27a-45f4-bb38-a760a402afe4,656,183,1024
{'n': 510},61,1723641586304,c7541bdd-c941-43f4-bd79-5779df4b6594,20,,2560
{'n': 9510},454,1723641607259,036e4eb1-22cb-4dcd-aa59-2ea0b1e77aa2,3000,,2688
{'n': 8310},281,1723641599893,a68d41b6-86ca-4ee2-9208-46c7b1807b16,3000,,768
{'n': 7710},448,1723641609903,9066130d-bde8-43ec-9c3b-dcd304d3c39a,3000,,2688
{'n': 1110},162,1723641587703,c0fdcaaf-6262-4874-a0d5-5cdde3cabf19,290,,768
{'n': 3010},317,1723641594668,b94aa9bf-b9ff-44a6-aef4-dc3d9af5121b,1090,,2688
{'n': 5310},99,1723641599032,1fd5b8a1-afd0-4ce8-a295-be100e10d2d9,3000,,256
{'n': 4110},237,1723641597312,5faa450c-d275-4980-b1c1-295ecea5f2b8,1817,,1792
{'n': 7610},466,1723641603280,4eacd716-52b2-4607-87b8-6228eb5bda73,3000,,3008
{'n': 5510},291,1723641590180,1f1e4a98-b2ba-4736-a03b-52b85b911cc5,3000,,896
{'n': 10},43,1723641584900,addf8507-4007-42d4-9404-cfea15471a7a,5,186,896
{'n': 1910},119,1723641586030,d52a05fb-21ba-4b4a-8dc3-7f13be474ef7,1075,180,1024
{'n': 8710},420,1723641604331,c2477fad-b2cf-4e5c-9f62-035ba1c8f8fa,3000,,2816
{'n': 7110},291,1723641605057,2f2cc791-a482-460f-9476-bd963a9b0b83,3000,,768
{'n': 6110},119,1723641602498,5864b6e1-d60e-4bbe-8c86-47f4b380e49a,3000,,384
{'n': 9310},474,1723641619364,fe040753-7ecb-4eaf-af9d-00807408d6ca,3000,,3008
{'n': 8910},429,1723641617566,926d65a8-b97c-4c75-b68f-99537574285a,3000,,2944
{'n': 9510},224,1723641604120,59d3b1f4-b847-4716-b9dc-3fde48c408c4,3000,,768
{'n': 4810},274,1723641601987,a1fb4024-6ef5-404f-a67f-3a290676981e,2584,180,2944
{'n': 4410},99,1723641587909,cecac399-9475-4d05-8a0d-9961e982825a,3000,,384
{'n': 9010},434,1723641608953,94bb3ea3-fc3d-454e-a6f9-738f96fc175e,3000,,2944
{'n': 3910},226,1723641590237,cecb5bf2-e00a-4658-8222-bc4036a73f8f,1905,180,2816
{'n': 9110},438,1723641609363,187adbc3-b289-47da-bd16-33f28551a098,3000,,3008
{'n': 8110},393,1723641608928,ef503ce7-44f9-4431-8559-d7de5f0c90f4,3000,,2688
{'n': 2410},275,1723641591338,b5b086de-5350-4d6f-a803-ab9c102a5aef,776,,1792
{'n': 9010},435,1723641605989,22c72a3b-23d4-4f52-b0f3-ca0b6621cea1,3000,,2048
{'n': 2310},141,1723641588189,b0889edb-129d-48e8-9338-89caed31851e,733,,2688
{'n': 4310},105,1723641596111,a01deda6-992d-482f-aed6-0f951c83c489,3000,,256
{'n': 3210},296,1723641596448,9020cd99-a54b-41eb-b012-4bb8b599c174,1201,,3008
{'n': 3510},317,1723641596017,e0b46d53-4ff7-44df-b5a5-e98fbf79c498,1494,,2048
{'n': 6610},371,1723641598085,018b41dd-238c-4d70-8c88-4c00b4965dde,3000,,2688
{'n': 9710},332,1723641604640,5a762a34-7999-43da-a976-a0c669e82376,3000,,1024
{'n': 7910},384,1723641601858,5f2f63fd-d3bd-44e3-a2a7-602b0de98164,3000,,2816
{'n': 8710},420,1723641613654,25a1eb72-44c6-4703-b71e-b6a7d71d9cb9,3000,,2048
{'n': 7110},89,1723641605056,7fc7632f-870f-4e90-95de-c4cb4744cb3c,3000,,128
{'n': 6210},380,1723641604188,6e6e1634-e0b8-43e0-80e8-802d13ffce02,3000,,1024
{'n': 9910},454,1723641608679,74fe11b5-2152-420c-a669-03d338b4a8c4,3000,,2816
{'n': 8210},342,1723641609262,5a4f11ef-cddf-4cf1-95a7-d5f8478f201d,3000,,1024
{'n': 5610},278,1723641599396,08f6bcc6-322c-4509-bd58-8578cf7705d1,3000,,1024
{'n': 5410},307,1723641593059,c5c27000-c993-4472-8116-a5d1446ccf70,2855,,1920
{'n': 4310},65,1723641588052,df17d7d9-3fce-4d22-b5a9-abab91f867f0,3000,185,128
{'n': 1610},87,1723641587883,9b29a282-4e0d-4517-9501-36f9335af0c3,3000,186,128
{'n': 5110},362,1723641592865,a90151f2-e4e3-4631-8534-575a30e10b43,2668,,1920
{'n': 1310},87,1723641585616,33e16fde-0aa9-407c-bdd5-516848ecf8fe,627,181,768
{'n': 5910},370,1723641603267,79843b77-3b71-4c79-be1c-79427688a839,3000,,1792
{'n': 1210},164,1723641589444,42e602fe-6c29-42b5-8089-dd92918b820a,163,,2944
{'n': 1810},122,1723641587197,fadaa328-200f-496c-856e-3cf42f46d56b,369,,2816
{'n': 5110},255,1723641590133,a5b19519-d94b-4847-9964-b5c9c69f6685,3000,,1024
{'n': 2410},65,1723641587792,97c4d752-059c-4416-bc00-8e5706446090,3000,181,128
{'n': 7510},366,1723641602788,b16e98ea-b419-419b-89e4-1b8c29545609,3000,,2944
{'n': 3210},334,1723641595703,7b124ded-b7bf-4f49-9535-ee299ed44297,1454,,2688
{'n': 8910},429,1723641614526,c896e6f1-a88b-477d-b7e5-c4b7957a4d87,3000,,2688
{'n': 3010},178,1723641589589,ab3daab7-01d8-4e72-970a-a647aa045a24,1228,181,2560
{'n': 610},53,1723641585328,2d6ad76f-1fd6-46cb-a923-34c0cb0e8088,302,189,256
{'n': 810},98,1723641586489,c0f1ef26-480a-46d6-8e05-e78c99dd7b67,45,,2048
{'n': 2210},135,1723641586799,c5335cfd-cf1d-401c-bf6c-c29d84408d13,1938,183,768
{'n': 4010},317,1723641597938,13776606-ad32-4723-942b-876e35af63e5,1861,,2048
{'n': 5810},76,1723641590477,fc11e4f7-dd23-40ed-b9f6-5fe17c53003a,3000,,128
{'n': 1210},81,1723641585662,0ca63232-d10d-476a-91a8-bc92e1ab9f2e,239,,1920
{'n': 6810},382,1723641597871,82181da7-5651-4040-bcba-5da5a3661d3c,3000,,1792
{'n': 410},48,1723641584949,a66af29c-5916-421a-9f14-9a8334b2e659,30,148,1024
{'n': 6210},116,1723641594859,d6b3b9cf-7c30-4ef9-b47c-cfd55a68622e,3000,,384
{'n': 7610},438,1723641609764,5d0b13b9-d992-4f83-822b-8341f1a19a73,3000,,2688
{'n': 3010},247,1723641594693,964b45c9-d249-49c2-9650-5d4a97e0d178,1195,,2048
{'n': 6610},392,1723641607502,1ef61833-09e9-4690-82f6-4c55c17bf959,3000,,2048
{'n': 6710},376,1723641598062,69386a02-ad46-46cc-b4b6-7cf4755dd8e5,3000,,2816
{'n': 6210},359,1723641598007,8a4cd9d3-1f6f-4077-9762-47f6d99b05a6,3000,,2560
{'n': 9610},456,1723641607446,5f4f725a-0ffc-4f8d-80c9-3ab874824bee,3000,,1920
{'n': 5010},291,1723641598674,91ac980c-a0bb-417f-8800-c10adc8ca8fa,3000,,1024
{'n': 8010},238,1723641608070,1d32c991-9dda-4dad-b16a-971fc146ff37,3000,,768
{'n': 6310},355,1723641598022,a4355cb4-b8ce-4124-a266-270f5f4a5d18,3000,,2816
{'n': 6510},404,1723641601201,596c3656-7c4e-4159-94c6-16b3be0a5af7,3000,,3008
{'n': 610},53,1723641585127,64911791-27d3-4163-a869-9e3959942871,84,187,768
{'n': 2010},188,1723641590167,4767a576-4715-4d04-ab0f-902af78194b3,1745,,768
{'n': 3710},215,1723641589823,6cbd3634-74f2-4fbe-946e-63076f18d736,1724,,2688
{'n': 2810},99,1723641587791,6ce6752d-e79a-4143-8e72-074f819a6f83,3000,183,256
{'n': 1510},205,1723641589790,cf6283e4-063f-4d2d-8a72-7441ca25fad1,311,,2048
{'n': 7710},227,1723641597175,e6a926b7-66ff-4ce7-8d83-50f291a791fa,3000,,768
{'n': 810},61,1723641585920,6ffad073-7669-4eed-b0c0-d3a0895b9778,75,185,2944
{'n': 4410},253,1723641598344,810a5a60-94aa-4a1c-b5c4-03e15c57135c,1977,,2560
{'n': 4910},98,1723641596477,18d21b50-4aa2-43ab-ad21-145acd24c663,3000,,384
{'n': 7910},341,1723641608145,5bea640b-519f-456a-944f-3c012b8041de,3000,,1024
{'n': 710},100,1723641586487,b7b159e3-ed43-4173-b897-98fa717fd268,41,,2816
{'n': 910},66,1723641585577,b40c95d5-5f45-4f51-8db0-88a0551a683a,91,,2816
{'n': 9710},65,1723641614091,44b71d2d-6b9b-4808-a682-b4117769c6dc,3000,,128
{'n': 2210},66,1723641591860,d6c659c8-24f8-41bf-98d0-d4e40e62b4c0,3000,,128
{'n': 2210},135,1723641588552,cdc99ba8-875c-4338-909f-19dd58c8b1b8,708,,2944
{'n': 6510},309,1723641594866,8aaea153-6f30-446b-a825-bd8c10c9a523,3000,,1024
{'n': 4610},233,1723641596339,a7ff4c4b-65c8-4e86-b69f-2550c1578af2,3000,,896
{'n': 1410},92,1723641589955,2b15c941-751a-4dbe-ada0-2795a1ee1457,280,,3008
{'n': 7010},392,1723641598453,94e028d8-701a-4371-8090-43e2db9b57d5,3000,,2048
{'n': 6110},345,1723641596162,9e58a8cc-07a0-4afa-a6d7-392cb63a79d5,3000,,2688
{'n': 8010},455,1723641614340,350924e9-b0c4-4efc-acac-ecc1f8e89953,3000,,3008
{'n': 6910},387,1723641607501,0424d965-c251-4d81-bebf-37d18c7a9959,3000,,2816
{'n': 9010},342,1723641612285,2f4df16f-1e0b-437d-93fd-f87c4746bd4d,3000,,1024
{'n': 7010},66,1723641604597,ff4ceb55-bf9b-4411-90c6-dbe515c51ba0,3000,,128
{'n': 2810},140,1723641592807,7d8cdbd0-7a75-469b-9d7c-6e8960e3a2e8,3000,,384
{'n': 310},46,1723641585514,39eb5276-8575-4580-beb3-7b85bf6326b0,14,186,2048
{'n': 6310},355,1723641600921,59b53d07-1e28-4e32-98dc-ce1fced0f760,3000,,3008
{'n': 1810},116,1723641586750,246b1554-0fe3-4c96-bfb6-1a41327f0a2d,396,,2048
{'n': 5510},87,1723641599083,ba623e50-9d39-4b8a-9c25-708bc677cb35,3000,,128
{'n': 110},44,1723641585480,6d5ee446-68d9-4476-8bf9-d1da59cedb15,7,181,2816
{'n': 5610},317,1723641602576,412a8d2b-efe3-4ef7-b12a-00b07c950ae3,2981,,2048
{'n': 7810},335,1723641607113,77cf49c1-7fbe-4863-8a72-469b750c9cdb,3000,,1024
{'n': 110},119,1723641586081,019a3ad9-39e5-4611-829e-03ebe62b6698,3,,1024
{'n': 2310},147,1723641587332,17b07cd9-bb7b-401a-b13c-9ca5d4e1a64e,721,,1792
{'n': 9510},454,1723641610187,f729e9a0-23a9-4776-9e94-6a04b2c4cf92,3000,,2944
{'n': 5410},307,1723641593038,e72b498c-b48c-4fec-a20c-43225fde4581,2844,,1792
{'n': 5610},317,1723641593309,f521da07-bab5-4574-b3a5-4f3da38ea31c,2967,,2048
{'n': 4610},227,1723641587899,260e6380-3880-4977-b57d-aa97f24765b8,3000,182,768
{'n': 1110},76,1723641585753,ed68bc98-b7e5-4bac-8c9a-096366929214,126,,2816
{'n': 6410},406,1723641607468,25c3e8bf-90ca-40d1-95be-c70451450ff3,3000,,2560
{'n': 3210},188,1723641587991,2347603e-22ff-465d-820a-1847023884db,3000,178,768
{'n': 8910},429,1723641608093,e37997a0-2cb7-4a7d-9b56-2cd5fe7f3638,3000,,3008
{'n': 2910},298,1723641592778,32257733-dff2-481f-9648-b41fffba26f6,2603,,896
{'n': 2810},167,1723641587268,5dd96b64-47a7-4da6-b4c8-99ebfd9147b6,2380,181,896
{'n': 7510},282,1723641606040,7a988936-d134-49b3-9e58-a78b4a87bc9f,3000,,896
{'n': 7710},335,1723641597214,60bad24a-4696-49dd-b7b9-6961daf8645e,3000,,1024
{'n': 3210},188,1723641587959,e55f02c0-fde0-4ea7-9e07-e64fec3d496b,2991,184,896
{'n': 910},65,1723641585068,3ed8abb6-1529-4aab-a991-0a7acd258989,181,180,896
{'n': 310},119,1723641586103,84d211ea-f8f1-40a7-9174-e3dd395a6284,7,,1024
{'n': 6710},267,1723641594839,557b6bd4-cb67-4429-a856-68b96789a11d,3000,,768
{'n': 1710},104,1723641591039,fc885ca2-abeb-4989-927b-85748d739ace,3000,,256
{'n': 510},52,1723641586384,57e102e3-686a-4273-afd3-a39d0f930353,21,,2816
{'n': 210},44,1723641585341,8be0cff0-9443-4fe3-a33b-5560486f9f7c,8,148,2048
{'n': 5710},323,1723641602648,f082b4ef-42de-4db7-9b75-33f812dcb021,2997,,2048
{'n': 2510},170,1723641588559,4415c87d-3ad1-481c-9bf9-861457f757d7,874,,2560
{'n': 8710},421,1723641607312,dbca2388-bbc7-4fdd-9478-ebac1649e5fe,3000,,3008
{'n': 810},66,1723641586694,2097c0e1-5685-41ce-aec6-78a8bce1a32e,48,,2944
{'n': 1310},172,1723641589192,2943d145-1879-420b-b46d-463af83ee514,911,,768
{'n': 2310},140,1723641587669,5e1fdde8-4d9c-4f1f-8aa5-fe01f6de194d,784,,2048
{'n': 3010},85,1723641593470,e8a617c4-a02b-41d1-92bc-a0e0e6fef7c6,3000,,256
{'n': 6510},243,1723641604477,8bb1a6d8-dce9-43ad-ab6c-640d2ea6f389,3000,,768
{'n': 4810},231,1723641588008,2308f13b-ca02-475d-8e4e-96e8af5e754f,3000,187,768
{'n': 6810},231,1723641604256,4faba84d-5fd4-46ed-9882-d906a08652b7,3000,,768
{'n': 9010},434,1723641615521,8caf5958-5d94-4233-909b-62fe7e5c2f1c,3000,,2048
{'n': 410},97,1723641586055,79edd852-321b-4125-b8b0-1a98d93f699f,17,,768
{'n': 7610},385,1723641600277,1741de0a-a22e-40c0-b1d7-653b0fae00b2,3000,,2816
{'n': 910},70,1723641586689,cba2c378-a12f-415b-aa3f-7a4522d09b5f,65,,2560
{'n': 1410},92,1723641591309,2d76531e-9fe5-4acc-9b48-19d7b233a098,3000,,256
{'n': 1510},98,1723641586051,7f4ea881-e831-463c-893c-8f91b747c07a,351,,1792
{'n': 8810},65,1723641601907,8d01eabe-8b93-47a4-9e80-eeb5644098f5,3000,,128
{'n': 5510},312,1723641604787,42bab210-cdef-488c-bd53-7e68dbfaa7f4,2850,,2944
{'n': 8210},397,1723641602920,adffa90f-2342-44fe-8767-5f1e62fe7f8d,3000,,1920
{'n': 4210},275,1723641597815,9d75fcfc-2245-4f4a-abb2-b89cafef5552,1916,,2688
{'n': 5310},329,1723641601900,459cd4e2-ce85-4fb8-a829-8e2712bf3101,2677,,2688
{'n': 7410},246,1723641606177,9fce6466-903d-4630-8c8c-99e46048b165,3000,,896
{'n': 8410},227,1723641610195,fe5fd8bf-efe7-4a43-a1af-f4e5960daf0e,3000,,768
{'n': 910},65,1723641585646,48f59978-5416-4aa1-9164-98a942764a30,93,186,1920
{'n': 1510},97,1723641586660,2172451c-f3c9-4388-b9c5-fab40ef38f13,329,,2816
{'n': 4610},264,1723641590397,ce4f3619-836f-4247-95fc-154bdaf62187,2343,,2560
{'n': 4210},242,1723641590180,2cb24a32-21f2-4e55-8189-e9dba25f6d86,2146,183,1792
{'n': 3710},271,1723641592020,b2b2d924-d7b3-476b-ae7c-e9f909cda00f,1582,,1792
{'n': 4510},259,1723641598572,4950357f-358f-4ff4-acab-eb1b56d69e5c,2228,,2816
{'n': 8010},242,1723641608073,89327f03-c663-4573-8e33-4e4443c3ca8e,3000,,896
{'n': 510},84,1723641586349,b713fb06-66b2-4fee-a1c0-eebc61df3797,18,,2688
{'n': 3110},66,1723641588048,8e46df3c-0f3a-463e-9bfb-270a93c70aaf,3000,180,128
{'n': 4810},274,1723641593397,ef66e405-398c-4bf1-b706-b51eaf7a53ce,2511,185,3008
{'n': 1610},108,1723641587042,d48db0f9-078d-4dd1-99a6-97f37af4766a,377,,3008
{'n': 2810},297,1723641594041,7d6d1300-072a-4b9a-8ee9-8cdc11848a85,1100,,2944
{'n': 7810},380,1723641600875,2fe8a56d-c836-4960-8cbd-cce287744562,3000,,2816
{'n': 8010},235,1723641598605,8c13db2f-9aae-42df-8ce5-25c71af38738,3000,,768
{'n': 1110},76,1723641585961,ef333d42-5901-49bf-b558-96031aacc86b,149,,3008
{'n': 1210},81,1723641586080,88c5e879-ce78-4927-8936-9a2751bd3e43,190,,2944
{'n': 5710},344,1723641593090,fdcceecd-e93d-465f-9762-160b34ddc511,2857,,1920
{'n': 3110},201,1723641590149,a05f59e5-c2c8-4537-8f40-f07307c0da4a,1305,,2944
{'n': 5510},312,1723641595685,98476723-cdc6-4ddb-a2eb-685dad331c0d,2772,,2944
{'n': 1610},183,1723641589760,b27cd411-9532-4095-8f0e-b64df810bd0a,339,,2560
{'n': 3610},210,1723641590058,f92f4571-2f21-4b6e-b58d-3d1a3a7641da,1776,186,2560
{'n': 8010},78,1723641598613,c873c0d1-a3c3-4358-9fcc-8a73c076e175,3000,,128
{'n': 4810},81,1723641596673,ea7d3b63-4108-4cc8-a84a-ea04c73ab8e2,3000,,256
{'n': 4010},204,1723641587994,92825052-272f-46ad-83e1-920dbf1d69bb,3000,185,896
{'n': 6610},372,1723641607547,bccea2ee-72e6-46d4-9206-655552a1e252,3000,,2688
{'n': 5910},82,1723641590708,f03129c1-290d-4dca-8bf8-00cdaf1a1c12,3000,,256
{'n': 7310},417,1723641602490,a6fb442e-347b-426e-b978-bda2095a2a4c,3000,,3008
{'n': 7510},126,1723641606030,3977a212-adeb-4281-8f9e-1606895654eb,3000,,384
{'n': 7210},351,1723641608846,381ea11f-358e-4c40-a8ad-add8fea75f38,3000,,2688
{'n': 2510},159,1723641588129,21df7ac9-a7df-4950-8e3c-cea8970e8951,806,,2048
{'n': 4210},313,1723641597857,708f7b0c-8ea4-4fca-a39c-ccd972ad376d,1960,,2048
{'n': 610},61,1723641586414,4f6f7d0a-ae9c-4f09-a0e4-a56875f863ee,29,,2816
{'n': 5610},106,1723641590161,050834b5-e969-4067-b79d-6bc589777b6a,3000,,384
{'n': 7610},65,1723641597073,edbc0e72-4480-4527-9f52-192f6f2beb00,3000,,128
{'n': 7010},238,1723641604656,d0267fa9-2532-4647-a101-7787547617d3,3000,,768
{'n': 3910},85,1723641594753,5edf6f62-bb97-4a4e-a4ab-a469d63ac940,3000,,128
{'n': 1410},85,1723641588054,ab1def6f-6754-42e4-a78d-531f0e18f848,3000,180,128
{'n': 7410},181,1723641596452,1ed81074-5da3-427b-8354-f7107989d022,3000,,768
{'n': 9210},284,1723641613033,c750340b-ec52-4f2d-840e-aaf6eeff9516,3000,,896
{'n': 5110},291,1723641601220,3040747b-e439-481f-96ee-65d590210e98,2638,,1792
{'n': 8210},397,1723641612372,e7154f52-58a5-4744-9542-e2655ac3c30a,3000,,1920
{'n': 2410},258,1723641592484,a22dff5b-03d9-42c6-ad39-7583d86c227c,816,,2688
{'n': 2710},143,1723641587898,84a88bea-ee87-4324-8040-ae31e5909f80,3000,182,384
{'n': 510},50,1723641585452,8041f654-4a04-43c4-95ab-03591c8f3346,31,184,1920
{'n': 4610},263,1723641590674,02dd728b-ab92-4795-9c3c-4ac590325d0e,2404,184,2048
{'n': 7910},243,1723641598613,c3d12d8e-df77-479c-b850-c267ef0c19fa,3000,,768
{'n': 1410},100,1723641586486,96a4bd28-fdec-47ab-849b-bcd5dcd0ef9a,276,,2944
{'n': 3110},183,1723641588047,1b467c8b-2fe3-442c-a458-101192e88619,3000,185,768
{'n': 5710},398,1723641602681,93cf45d0-39b2-4f93-9d71-1be8921a8f62,3000,,2688
{'n': 4510},279,1723641598408,4ed8c5fc-fa45-4203-b0cc-13347a7e6638,2226,,1792
{'n': 6410},281,1723641604239,a6762500-2558-4c62-8d27-b30c2772f978,3000,,896
{'n': 210},44,1723641585262,336513c7-c5b5-4979-8fff-02dbc723a610,9,183,1792
{'n': 9010},434,1723641618592,ae8fc7e3-f539-41fb-8df2-8d4106e998cb,3000,,3008
{'n': 1510},100,1723641586944,41f599a5-9734-4f4d-b4b0-43d9b7325d57,322,,3008
{'n': 6810},423,1723641600952,d6189cce-9ddd-49ad-8c15-2d3f2259d6b9,3000,,2944
{'n': 4810},323,1723641599091,71f95f51-6491-4575-9ce6-8013bbb3a105,2415,,1792
{'n': 6210},362,1723641600885,590654f4-ab67-478d-a225-eda1ece67d9f,3000,,2944
{'n': 7810},435,1723641600707,9b58d664-6f62-4ac4-b169-3d0b7f93bf95,3000,,1792
{'n': 1010},151,1723641586902,ce25e029-1f39-4c9e-8e92-07f70c31b168,146,,1024
{'n': 3310},194,1723641590664,0a3c54c2-a518-44cf-897c-68b5f764f96c,1388,,2944
{'n': 7010},143,1723641604633,8b841db4-1f82-4982-beba-111e1c994783,3000,,384
{'n': 6810},406,1723641610464,d6f8a3b5-8043-4437-bf2f-1bdaf5112f7e,3000,,3008
{'n': 4110},237,1723641592163,a1d5053d-f339-4471-b22e-13cbc2d1982b,2049,186,2944
{'n': 2010},124,1723641587862,75576ce4-6dee-4348-bf20-5cb1d737f792,3000,160,384
{'n': 2110},135,1723641588423,eceabf2e-0b7c-4c48-99bd-0f216e62d836,653,,3008
{'n': 9110},328,1723641603138,84c9a1d6-5d5a-4bc6-9572-8cda2b5b0e1d,3000,,1024
{'n': 6610},83,1723641594831,812cbc31-a318-4000-bc15-07ba8cadaf5d,3000,,256
{'n': 4810},274,1723641593202,9711d47f-16c4-42b3-a1ea-5e3e176edd33,2554,189,2944
{'n': 6210},421,1723641607395,1ad236f3-2a51-4bc6-8ffb-69457777b51a,3000,,2688
{'n': 2610},136,1723641587864,bb09ff92-1dab-49e7-be26-fe79c08e29db,3000,148,384
{'n': 810},61,1723641585945,fe1aaf40-983f-43ce-b2ea-fb6e8e5fd1e4,80,187,3008
{'n': 7310},356,1723641608960,f32d145d-66f8-4148-82ce-7bd3c754dff0,3000,,2816
{'n': 710},57,1723641585668,d4f13d53-60ee-452b-8f42-593853efa578,58,189,2816
{'n': 8810},425,1723641605122,76b24922-5dff-4caf-82d0-b44cf84acfe3,3000,,2816
{'n': 2110},130,1723641587721,21c84621-35ec-4a0a-ba89-82131e0cb033,576,,2688
{'n': 2410},205,1723641592987,616be62d-7312-4c92-adaa-23290884fcb7,846,,3008
{'n': 610},113,1723641586136,818cc02b-25e0-4cf3-8317-e8e89f75ca9b,37,,896
{'n': 5110},291,1723641595260,475f5eba-cb2f-4a4b-9957-321a40b984f8,2499,,3008
{'n': 3610},351,1723641596033,5b0bf6be-870d-46a3-a9a3-45b83f231fec,1677,,1792
{'n': 3110},183,1723641587797,e18e3a1f-ffa6-476b-b28c-a3ea4e0a2319,2783,191,896
{'n': 8210},434,1723641615385,95661df2-364c-40c1-b1c2-de2faa195b6d,3000,,2944
{'n': 1110},76,1723641585234,97dbbb6e-42c4-4513-bdde-fb4348d12421,326,202,896
{'n': 8710},420,1723641613734,5f51e165-90b8-41f2-b63f-4e34e5ad07f0,3000,,2816
{'n': 7610},438,1723641609757,c5bdf5d8-e7d4-43f0-b10e-b01541e5fc73,3000,,2816
{'n': 4710},269,1723641590265,e041dbdd-301a-4910-ab3d-2096903e46a2,2128,,2816
{'n': 10},43,1723641584668,7ae4bdbc-1547-42e9-91c5-bb0b970ba620,22,181,256
{'n': 2110},87,1723641591621,21fb996a-cfab-46b3-a90c-581ef3564fe8,3000,,128
{'n': 7010},392,1723641607669,0577723c-62d1-44b3-9f13-98ef6657d676,3000,,1792
{'n': 4310},144,1723641596088,f6778025-6bde-4300-b9db-ac2e679ca0b8,3000,,384
{'n': 10},43,1723641585450,cd4834b5-7f2b-4ce6-a5c8-6a156ad772a2,6,185,2688
{'n': 2110},199,1723641590315,dd764451-8896-4ad1-9128-bf474aab1b27,1672,,896
{'n': 10},119,1723641586089,3a36bdbb-5f37-427a-9b35-61c3cd5c0a80,2,,1024
{'n': 1510},157,1723641590656,f6301e75-a9f9-43d1-8310-7fc4312b63e2,2369,,384
{'n': 3410},232,1723641595834,aa4cd97a-1a5f-4585-8b8a-4b1467775769,1402,,2688
{'n': 5610},263,1723641599398,2e027fb0-c59a-4819-8071-c17eea212215,3000,,896
{'n': 7610},443,1723641609729,67c9241f-5f4a-4b36-bac8-4645e5f5be8e,3000,,1920
{'n': 8110},135,1723641598863,32317194-7e92-4adf-bf9c-d9c855471fc4,3000,,384
{'n': 1410},92,1723641587457,b406ef95-d793-4368-8b62-4276e294dd48,2465,183,256
{'n': 1210},227,1723641588942,d8691bde-8f24-48d2-9d03-7c652ba7cd8c,706,,768
{'n': 6310},355,1723641598012,32d564fc-5aae-4049-9e6b-2deceb8380a7,3000,,2560
{'n': 4310},82,1723641588064,bcdadaf0-7ed4-4266-b7a1-9c6c2ac896ac,3000,180,256
{'n': 6810},119,1723641604221,11e907da-ec03-478e-99d5-f0e30a0623fb,3000,,256
{'n': 6810},362,1723641607464,462ccd0e-ec84-47db-b13f-25b8df6c3034,3000,,2816
{'n': 8910},135,1723641611343,a329f637-93ba-4c5c-8961-c054c6816d3d,3000,,384
{'n': 2610},165,1723641588969,5dba9de9-b41f-4a23-8305-9e46d963eb35,1256,,2048
{'n': 7510},392,1723641599769,510aed13-a9da-4e1a-a9dc-671f15a3d0c0,3000,,2688
{'n': 2610},178,1723641591595,8effbb8f-fc6c-4ba1-b00f-e0b559ce807d,2210,,768
{'n': 9710},466,1723641617299,cbd2c7c6-ed3c-4dcb-b8b7-dcb376e2d7d5,3000,,2816
{'n': 1710},183,1723641589503,c529e752-c1b5-41f6-b09e-bb213bc3cb69,402,,1792
{'n': 5910},391,1723641596932,230b2aaf-7f67-4b48-8ab7-d8344d3c4b87,3000,,2944
{'n': 9710},310,1723641604622,f6ef8866-75ed-427e-b986-491502af5916,3000,,896
{'n': 210},65,1723641586234,67b34316-3a46-4697-96fa-aef5e323d684,4,,1792
{'n': 5610},66,1723641599385,204dd19b-41a9-4140-ab86-764d31303c38,3000,,128
{'n': 3210},189,1723641590884,82ece00c-a297-4dd1-9d0c-e59d1e36d279,1402,,3008
{'n': 6210},349,1723641597805,bab8d138-799f-4c70-84b0-a73f8f1b2e81,3000,,1792
{'n': 2610},156,1723641587089,e7ac6e5f-df58-4f57-a7c2-5f04af103bc6,2197,184,896
{'n': 4910},297,1723641593234,84a533ef-ac3c-4e86-95e0-4862c01aa826,2616,,3008
{'n': 5910},334,1723641593929,32ae1ea4-a746-45d0-bbc6-a14542908ecf,3000,,2816
{'n': 110},44,1723641584930,329c1f10-ccd4-404e-87c1-50a7cfae9729,7,181,256
{'n': 8210},458,1723641603012,297198a7-1d93-4180-8881-6ea697aca6ce,3000,,2560
{'n': 1310},87,1723641586030,1a3a56d3-2fe8-4b18-b041-c63c3e51b0a3,187,,2560
{'n': 9510},323,1723641613508,25ebf287-6ee3-4168-a792-70f613ceca8e,3000,,1024
{'n': 4710},237,1723641596102,3fd7efd9-b183-4b0e-938d-c5f756ce3f12,3000,,1024
{'n': 4510},274,1723641600911,da176644-e9d8-4c15-9bfc-d1f975dab956,2322,,3008
{'n': 9110},66,1723641612638,bc9dbfb1-ca12-4785-ae71-140b506864ab,3000,,128
{'n': 5710},384,1723641593233,3eadbf0c-dd1a-40cd-8e0a-be28bc1dd940,2920,,2688
{'n': 7010},391,1723641607868,73d7594f-4741-4d41-99ba-d2b9896fff7a,3000,,1920
{'n': 3510},328,1723641596173,9099d972-5d02-43ab-9135-8f9f2b8983e1,1646,,2688
{'n': 1210},108,1723641589082,dc0d544b-f4c1-435c-be06-20c6962c90d6,800,,384
{'n': 5210},296,1723641592704,02064eee-d006-4399-8ee7-57521e0f831a,2396,,2688
{'n': 7710},375,1723641600388,3386977b-8e08-415a-8fe7-3df9f7ce329d,3000,,2816
{'n': 1310},87,1723641585450,6538cf07-762d-46fa-a041-ee8c3f2e8619,452,179,1024
{'n': 1510},105,1723641586396,d65d6942-e825-49d9-9239-f599d1281aa5,292,,2560
{'n': 2410},221,1723641590764,98a0b536-f8ce-43ca-9bde-63d24b851edb,1749,,896
{'n': 1410},188,1723641588761,4b89220f-d2b3-4599-aa1d-8309b44d3da6,493,,896
{'n': 4210},323,1723641597771,1819eccd-6951-48a1-9b03-2d49f73595b9,1874,,2816
{'n': 2210},194,1723641590738,3250cd28-50cb-40c5-85f7-e00d64e7f8c6,599,,1792
{'n': 4610},265,1723641592288,494e1948-115b-4b41-8ab7-ddba1f324906,2275,,2944
{'n': 8910},461,1723641605092,9e92c923-322e-4cf6-a487-ad0aa9b410bc,3000,,2816
{'n': 8610},303,1723641600909,4592c4c2-cfa6-4e0d-b9cb-ee69b856d2de,3000,,896
{'n': 2510},171,1723641587632,095bf4db-d581-414e-92a1-d84b2a257137,921,,1792
{'n': 4110},263,1723641597525,a6e22a70-5e17-461b-a2a0-1e65fbee0ea1,1931,,2560
{'n': 9010},280,1723641602799,04f77faf-4c33-436e-a12f-5f33486c1153,3000,,1024
{'n': 2710},164,1723641589061,c0455110-db82-4f48-bd79-ee6a1b85c443,1028,,2944
{'n': 4310},247,1723641592829,8f0416e4-2661-477c-92f8-5f2407303e9f,2217,184,2944
{'n': 3110},183,1723641589839,6154ff96-727a-4f5c-bd4c-855fd1f3f30f,1457,183,2048
{'n': 2810},223,1723641592019,76affcc3-83ab-4cc4-85d7-9d37f20278e5,2215,,896
{'n': 7610},158,1723641597056,34f1ab7c-251d-4c54-9b60-22a21580df46,3000,,384
{'n': 8810},127,1723641611415,bd8f4f30-e84b-4f25-8d4d-767d50e7492d,3000,,256
{'n': 6310},354,1723641607459,760bb748-168d-4e1d-a228-9066b18988ba,3000,,2688
{'n': 3310},237,1723641596393,e61fe1b3-7db5-47ca-a368-0af6a2f5a6a4,1969,,1920
{'n': 4010},97,1723641588068,3a7a0919-a549-4853-931d-2cd97e47bd08,3000,192,384
{'n': 1310},87,1723641591064,8badac24-a25a-4fdd-8b7e-e16b2bd42d8b,2851,,256
{'n': 4710},334,1723641598421,40a7fe4b-98a3-4787-b1f0-4766bbd6f735,2260,,1920
{'n': 7510},296,1723641596570,8a18b158-03e2-4d2d-9594-27935a97d9b2,3000,,1024
{'n': 8510},412,1723641607106,25541243-bfb2-4610-a431-35a9cf54a364,3000,,3008
{'n': 7010},393,1723641598456,dac93468-30c7-4c9a-9c07-22bd0920ba8c,3000,,2816
{'n': 1510},172,1723641589384,c845804e-a6e6-443b-9a12-4b78fae9964a,1151,,768
{'n': 5010},398,1723641601410,db838422-ea9f-4a92-bb32-9518e79a6ed1,2597,,2048
{'n': 3910},296,1723641598267,01434031-62d0-411c-8b22-c4f42b7851e9,1551,,3008
{'n': 6210},87,1723641594721,1e00808c-c6cb-4b5a-b0df-1db9fb557b5f,3000,,128
{'n': 6410},106,1723641594781,9ed29e2d-b23f-45b2-afa3-915bec4bf280,3000,,384
{'n': 2510},121,1723641587681,00c2078e-2c87-448f-b0cb-80b9bd804bfa,3000,185,256
{'n': 2010},124,1723641586378,235b2114-d3b8-4818-a7a9-50e39382a9e2,1604,180,768
{'n': 7610},234,1723641597024,42d5b1e3-ba04-4bf7-a12a-c102e9a8d155,3000,,768
{'n': 2410},227,1723641591000,ff8c9a1a-5e34-404b-882f-031375df7d52,1986,,768
{'n': 3510},205,1723641590991,28f2545f-eb5d-443b-b32b-49fcaa39fd97,1601,,2944
{'n': 5010},251,1723641590161,287ce923-216e-4799-adad-78530424fac3,3000,,896
{'n': 2810},105,1723641592849,cfafacc5-bf36-4092-bb70-c609c17fba9d,3000,,256
{'n': 210},44,1723641584869,10ad19f4-6b74-4ef4-a55f-d9753b795c32,9,180,768
{'n': 2610},242,1723641593494,383a95fa-c8cf-4f09-b5ea-92cb40ca4ba6,968,,2944
{'n': 410},61,1723641586306,13377704-5979-461a-aab3-e49b5db6114b,13,,1920
{'n': 6010},339,1723641597807,9ec4fe27-5605-4543-86bd-44aa0e91003f,3000,,2944
{'n': 2910},251,1723641592443,204131a7-e807-432a-817d-88ca7a363abc,2261,,1024
{'n': 4210},242,1723641592456,714dc4e0-e70f-46c0-a289-1f2f3de1007c,2145,183,2944
{'n': 8510},161,1723641600747,bc032b78-ba2f-4f75-98d3-b3f7cdf7f918,3000,,384
{'n': 8310},98,1723641609336,b4444f50-2f67-48f0-9ccf-db976e2a0601,3000,,384
{'n': 7410},117,1723641596456,96cf05a1-18c2-4a7c-8e8b-f2d10cd67ac1,3000,,256
{'n': 8510},277,1723641600748,bd708178-be46-4f24-9212-d221bdf1b298,3000,,896
{'n': 1510},97,1723641585829,8e98e52c-7cb6-4a6f-a1ae-b8f3aadecad7,853,187,896
{'n': 2110},249,1723641590984,7de0feeb-5cfd-4c51-bad2-239158fa7230,616,,1920
{'n': 2510},194,1723641591635,caaec24a-756b-49a5-8208-ac76d703773e,773,,1792
{'n': 8310},434,1723641612565,184fcbf2-65d3-4a87-8380-558d9a2c49f3,3000,,2816
{'n': 4710},345,1723641598584,df495be3-1b7d-4dfd-8126-b9ff8d84d114,2384,,2048
{'n': 6110},345,1723641596188,20c742cf-b13a-46df-8cf9-1da8abd4b9b5,3000,,2816
{'n': 8410},456,1723641613351,4faeb85e-0aa3-4c41-b18a-47387a9b03ea,3000,,2048
{'n': 1410},92,1723641586155,1de1b3c5-4b1d-4be9-8cf9-436ab1097102,276,,2560
{'n': 3210},328,1723641595688,bcf621ee-b2e3-40f1-affd-03bd2a39055d,1493,,2048
{'n': 4910},279,1723641590925,08419ff9-6256-41d9-aec7-484aac051c44,2721,151,2560
{'n': 3510},204,1723641587923,9d0fc42d-e0a1-416e-bd81-ee8a15c4efcf,2960,187,1024
{'n': 8810},292,1723641601912,2fe0fb7d-2b07-4d14-89f9-340ee74deeeb,3000,,896
{'n': 2010},263,1723641591285,4a4e479e-170c-4f12-872d-b6a4705cf266,552,,2816
{'n': 1010},71,1723641585003,e61929ca-6de0-4ff7-9361-433f490517da,281,183,768
{'n': 6310},136,1723641604210,5022e51f-ba88-4b90-90af-417d249de4b8,3000,,384
{'n': 910},124,1723641586357,ddc149da-0c47-4d0a-a67b-3b969d49a67c,106,,896
{'n': 2110},129,1723641586395,0dbda480-b121-4cf7-a5c6-4c0560c0afaa,1511,180,896
{'n': 5410},322,1723641599241,c411bd86-2267-4243-9126-d4322c68bb5a,3000,,1024
{'n': 6310},398,1723641600903,0c592436-7b75-4af4-80ef-f4045c345824,3000,,2944
{'n': 1510},65,1723641591281,6df5023b-628b-4f08-be04-6e9f5a52d219,3000,,128
{'n': 4310},286,1723641598089,78571581-4ad3-4680-b464-091feca0ae78,1821,,2816
{'n': 5510},313,1723641593231,bd1c1666-8624-4aba-bb87-71e7571ad540,2896,,2048
{'n': 3210},206,1723641589425,4c1ede70-c3de-43b2-a0a9-5c85a6205b42,1303,,2560
{'n': 1010},71,1723641585560,d421d464-a178-41d3-bfea-7543a49b2ea8,117,174,1920
{'n': 4710},328,1723641600739,1c13376d-349c-449f-bfb8-460ce76574ae,2274,,3008
{'n': 5110},74,1723641590054,0bf0b7f0-95d8-42da-87b1-64ee1c29e353,3000,,128
{'n': 810},103,1723641586648,7ea1ca07-d527-4b35-9f50-0c95339fe437,39,,2816
{'n': 5510},246,1723641599163,effa802e-6631-49c9-ade1-267604e718bd,3000,,768
{'n': 310},65,1723641586217,277e5892-cddc-43ea-b0d0-1ee90b6b8d94,8,,1792
{'n': 4910},65,1723641587818,8ebecd7f-ed68-4241-b7e1-8c69d436740c,3000,185,128
{'n': 9910},474,1723641611698,c1d6c902-c815-477b-b4d8-c96dd7682535,3000,,3008
{'n': 5710},273,1723641590138,b6a63dfe-3c51-4a7d-aa3e-ef6732b44e5d,3000,,768
{'n': 5810},81,1723641599808,99acc2a8-4a5a-4de3-bde0-dad79795cf0e,3000,,256
{'n': 2910},173,1723641589954,e120cef5-75a2-40d3-bbe1-23ed905f0cfe,1155,,3008
{'n': 2410},149,1723641587719,2dc1288d-973b-4214-bcf5-c2e8d5221cd0,795,,1920
{'n': 810},100,1723641586679,d10b4214-5755-4a34-92c2-10f11a3e6aa6,48,,2688
{'n': 10},50,1723641586035,cbcb7713-ad2e-457d-8ab3-39f7cec2c31e,2,,128
{'n': 2810},192,1723641588356,ef73e8f8-9c63-4855-9472-4b6773360caf,1034,,1920
{'n': 8810},341,1723641601915,389ee320-bd50-41f2-8f97-502be97d7f24,3000,,1024
{'n': 6010},243,1723641591607,fbbf0e31-0115-467e-b495-e841207f66c9,3000,,768
{'n': 4410},119,1723641596196,e1a6982f-ecf5-4297-8a06-13fe46aade41,3000,,384
{'n': 8710},224,1723641601096,44cd7aa1-ecd2-4e5d-85dc-99cf66ea9fa5,3000,,768
{'n': 3410},217,1723641591036,45559792-8ff4-43c7-aad0-d0541210eb48,1513,,3008
{'n': 8110},199,1723641598940,a134a5b4-f3d9-4766-87aa-7e19b6a8b540,3000,,768
{'n': 7310},84,1723641596220,18a0cdd1-7861-4392-b101-934fcba25080,3000,,256
{'n': 8710},420,1723641616672,4a6b947f-2030-4a89-b383-f552eb18899c,3000,,3008
{'n': 5510},313,1723641602165,32a3f3d0-98a5-4a18-81c2-23898a1d8611,2833,,2816
{'n': 9810},65,1723641605461,6100c869-c78e-4a68-8519-dc28ee80dd85,3000,,128
{'n': 6610},117,1723641594829,5630d952-b114-47bd-b069-198b8cfa8570,3000,,384
{'n': 7310},402,1723641608810,6a4c5564-b7a4-4d3e-b04d-72f18e8dd81b,3000,,1792
{'n': 5310},337,1723641595775,446a0316-635b-4abc-81cd-f1634ad2655c,2778,,3008
{'n': 7610},425,1723641600258,4508cc80-9616-40a7-8394-fc8f5e733b22,3000,,2688
{'n': 1710},105,1723641587789,ad4ffb50-19bf-4bf5-bf1a-2e11e32432ce,3000,185,256
{'n': 2110},131,1723641591654,f26c5bae-9ef9-4a0f-a3bb-74bf9b9bb105,3000,,384
{'n': 4310},328,1723641598242,af0a8951-c75b-4ae4-87cb-0e16390e2e90,2019,,2688
{'n': 5510},312,1723641592858,61192767-845d-4950-8807-0c53da989e31,2608,,1920
{'n': 9510},466,1723641619666,e7570cee-b7fd-4c99-9dfa-fae42af19dde,3000,,3008
{'n': 6610},373,1723641598090,dc828d23-03cd-4127-abb4-8c4d8ef8945e,3000,,2816
{'n': 5810},465,1723641602839,659d1bdc-95ac-49b4-97cd-ab9dde320fb4,2832,,2560
{'n': 8510},411,1723641603997,b06e3c1f-4a7d-4871-9111-522e7bf3163e,3000,,1792
{'n': 9610},453,1723641619928,df06b296-8ac1-44e8-b8ff-62e353970e38,3000,,2944
{'n': 4610},264,1723641598736,7a015121-b0c1-4361-8d98-e936f3b6737d,2273,,2048
{'n': 1110},76,1723641589426,e15df0cb-3506-4579-8100-a58631b2a338,2029,,128
{'n': 3110},334,1723641595472,624aa2c6-c113-4314-8d6d-163f368ddca7,1412,,2560
{'n': 8610},117,1723641600954,538dc479-1428-441c-a4ff-84028999cb07,3000,,256
{'n': 5210},291,1723641598614,3854b7c4-8c5d-40d6-b668-0febdb5acded,3000,,768
{'n': 6810},333,1723641597911,1f0359f9-fc41-46fb-8a6e-351b2c0084b4,3000,,1920
{'n': 4710},317,1723641598484,355b6f48-0ec2-4c2c-909c-3a727c84731d,2202,,2688
{'n': 6310},406,1723641607466,64469e4b-f431-4d9f-9de8-ad29ee46e242,3000,,2816
{'n': 9210},443,1723641616307,f8d69989-ecec-4d36-abdc-f455a729bd7c,3000,,2816
{'n': 7810},451,1723641610228,020a7ac6-35b2-4bc1-b782-fef5de8fbc36,3000,,1920
{'n': 7910},404,1723641604862,1a2cf640-90e6-464c-9d1d-15d0eb42cf41,3000,,3008
{'n': 1210},165,1723641589206,ac0c1659-c40a-4bef-bfb4-f81c8945f852,178,,2048
{'n': 9310},448,1723641616334,cdc37623-20fc-4bc4-ad36-b716ff90d56e,3000,,1920
{'n': 1510},227,1723641589195,69d69174-76b6-4673-b278-eb290210c324,942,,896
{'n': 7310},355,1723641608951,2d0803f0-9ee6-4ed9-9de3-17c75c64072f,3000,,1920
{'n': 810},61,1723641585628,f963ce52-6dfd-4a3a-886f-27c7e24827cb,74,186,1920
{'n': 2610},116,1723641587660,a7efb642-a115-4bcd-8167-ca3c03211ea4,3000,183,256
{'n': 4710},345,1723641598750,6be143d5-e21b-4efd-917c-1e39ef07069c,2468,,2816
{'n': 6310},377,1723641597830,840f6cf2-bbf3-4e13-bb05-111cb741c7a5,3000,,1920
{'n': 6910},388,1723641598008,457ab25a-56d0-4879-bd12-27c608dc1eca,3000,,2688
{'n': 1710},172,1723641589942,9dbc8e77-3de2-4215-9509-fa5dd67343c4,386,,2560
{'n': 9410},451,1723641619872,7b768fc8-20a3-4645-8a25-dc6adf6d43bf,3000,,3008
{'n': 610},53,1723641585494,ba9ec359-8e7d-48ea-9681-1cec8f79612c,29,,2816
{'n': 4710},345,1723641598666,3e9a3866-6991-4077-b757-06b193adc56f,2420,,2560
{'n': 8810},425,1723641605087,920feb4c-0a4d-420b-9fc5-84e62a61b800,3000,,1920
{'n': 210},98,1723641586367,b52da849-ae1c-470f-92d5-5f81a0c7aeca,4,,2048
{'n': 8610},126,1723641600955,e8f724a2-e187-4e2c-91b2-16e487fa0060,3000,,384
{'n': 5210},98,1723641590128,30e00b1c-2ebf-4689-a8c4-9e7fdf3d4c91,3000,,256
{'n': 6510},94,1723641604360,3e4ddcbc-4662-4067-87c5-628aa46f83d1,3000,,256
{'n': 410},48,1723641584922,c6b09021-0059-4168-a7d5-3bff508a6533,80,161,384
{'n': 1310},87,1723641585459,467b65fe-6d96-4e29-8a1c-028f81e92b14,501,176,896
{'n': 9410},335,1723641603970,16144bf4-da5f-45ef-acf5-dfb04ef6c88c,3000,,1024
{'n': 6310},421,1723641607372,d6332cd0-e1f4-42d2-8e0a-cd81df62b301,3000,,2048
{'n': 9010},277,1723641602777,190ce859-586d-4fa0-ac87-e1280ae5ea93,3000,,768
{'n': 8310},328,1723641599901,6a83d23a-1c23-46eb-952e-5e52520a8673,3000,,1024
{'n': 7310},273,1723641605723,ba62d6f3-1af0-4f97-9c01-86e3e9a06120,3000,,768
{'n': 2310},158,1723641588501,65e2f272-586d-46fd-b47b-9533df371514,749,,2816
{'n': 7710},374,1723641600532,3846b802-0362-49ed-af1a-918d5dd0cf82,3000,182,2048
{'n': 310},98,1723641586271,8c628dab-bd19-420e-bcc5-d8333a1dd7ba,7,,2048
{'n': 6810},382,1723641598010,5df2845f-6c5f-4048-8200-f3865c4012a1,3000,,2688
{'n': 5410},307,1723641593222,7304ee74-92fd-46c9-9365-af68cb8b12d6,2894,,2560
{'n': 4310},271,1723641590326,5e2cf3a7-727a-4144-a4c7-500b841a2397,2065,,1792
{'n': 8010},388,1723641604703,0cc9ba73-a378-43c8-a556-f16675338276,3000,,2944
{'n': 410},57,1723641586331,00feb39e-ea40-48ad-b7a4-918a43960be0,13,,2688
{'n': 9110},320,1723641612635,f7149d2b-a4da-4734-bf5d-a9f7e44d3216,3000,,1024
{'n': 4410},253,1723641590501,b766c5af-8694-4fcb-ab58-26a12c54bb36,2209,190,2048
{'n': 4710},269,1723641590732,6124052b-528a-41da-9ef3-0ab3c0cc8a1e,2459,151,2688
{'n': 510},61,1723641586153,0f020d94-8668-47ff-8397-938534261310,139,,256
{'n': 9510},286,1723641613525,4b4e6690-a4b8-43a5-974a-750d9d357ee5,3000,,896
{'n': 2810},249,1723641593125,3c6109a1-62db-47df-9a2f-1da22c8adc1e,1053,,1920
{'n': 4410},223,1723641588125,5150d58d-06de-44f5-864e-418c241e084c,3000,187,896
{'n': 1210},81,1723641586589,86833655-c9fb-499b-b968-10b364d80f76,1608,183,256
{'n': 6510},98,1723641594868,bf78dc68-dbc8-426f-9d14-cdf020926213,3000,,256
{'n': 4110},384,1723641597457,b97955d0-6edd-4785-8b92-948de43b7212,1863,,2688
{'n': 7310},67,1723641605721,0d303928-df40-4bcf-b94a-4c51b51e0323,3000,,128
{'n': 9310},448,1723641606801,5d03f6f1-0404-4d1b-8b26-09a2950cbc5f,3000,,2688
{'n': 2610},165,1723641588122,2fddd49f-8e73-46ef-bb44-fca6787a8f62,978,,1920
{'n': 3410},114,1723641594262,d9bda6a6-0223-46c1-9f3d-2834d9ed66a9,3000,,384
{'n': 2110},258,1723641591258,801031ce-0c31-43a7-8714-2dc68ef681fa,569,,2560
{'n': 510},50,1723641584996,ac35894b-a7d1-4565-b41b-a2e650e00ce5,129,187,384
{'n': 7410},361,1723641599703,aaaa84f1-423b-4f2c-ac8d-95e5553c6629,3000,,2048
{'n': 2310},279,1723641591883,b083b869-3e75-4f84-aa88-dfd5081b0d4a,694,,2048
{'n': 3410},278,1723641594285,8211e1a0-38af-4b5f-889a-0da0847a6495,3000,,896
{'n': 7810},120,1723641597625,8581fec4-ac0f-4c11-8ba8-bebff51436f3,3000,,384
{'n': 6010},339,1723641594835,d1217ae8-8512-496e-8bd9-0fefe9812ed6,3000,,1920
{'n': 8810},238,1723641611433,fde2fdb7-38e0-4a61-8b0b-e2785f7124b7,3000,,768
{'n': 3010},178,1723641589602,d0c4d701-90d2-46b9-b5ed-04bf4fd80bba,1272,178,2816
{'n': 2910},71,1723641593185,d7dc066a-e0e3-4074-ad87-ec07cb5a41aa,3000,,128
{'n': 3010},178,1723641587389,d3050b0b-5b65-4172-a1d9-102caf373e41,2385,187,1024
{'n': 110},65,1723641586059,dcc759f5-b75c-448c-82ea-c0dcf11f8683,21,,128
{'n': 610},61,1723641586344,e9a61e2e-667d-4b3a-a9a4-b8da4da3f641,27,,2560
{'n': 2410},148,1723641588742,6a85400a-23ae-43ce-85c6-4d776f235972,897,,2944
{'n': 5010},251,1723641590171,f921e221-cd54-482d-90c6-221b957f6678,3000,,1024
{'n': 6010},345,1723641604381,1f92d075-4f15-4566-8292-fc7d09a3cf1f,3000,,2688
{'n': 4110},312,1723641599346,eef96b62-2f31-4450-802e-95c6d1ad6cbb,1838,,3008
{'n': 3610},220,1723641589592,95e46f2f-84ae-4bd3-b4a1-2777142d130b,1636,,2048
{'n': 1110},76,1723641587190,c1a7da06-3e9b-4a2e-88c7-87a40fc11533,2426,183,128
{'n': 3910},200,1723641594810,17448207-b94c-4e22-be54-5ef79f2814bc,3000,,768
{'n': 1110},108,1723641588024,486d6be3-65c4-4916-b9e2-bcad4768c0d1,625,,384
{'n': 8710},420,1723641613555,2428bf26-33ee-4ef5-b2a8-8524ddffc82d,3000,,1792
{'n': 8210},397,1723641606002,ab84446b-dce3-4e0f-b172-5b0494c655a2,3000,,3008
{'n': 6110},66,1723641602486,47ed8c55-44f7-467a-bafd-b5ab7e4453a0,3000,,128
{'n': 6210},291,1723641594850,b76f2d82-eb41-4680-9185-09c62d946ce9,3000,,1024
{'n': 9710},126,1723641614076,fae5231c-a172-427a-95e6-793f19388327,3000,,384
{'n': 310},46,1723641585058,80a8180b-dbce-474f-a2df-bd1a74a3b2fe,24,187,768
{'n': 7510},435,1723641609270,1abf45be-e369-4876-aa5f-e0063197a786,3000,,2048
{'n': 8110},93,1723641598986,10281611-4789-46b7-bf66-860f26e96f4c,3000,,256
{'n': 210},44,1723641585554,85083b4f-3da1-40e3-981d-c996cfc15bc0,9,179,1920
{'n': 3410},199,1723641587921,c1b8eebf-7362-44f8-acc6-a306545b505c,3000,180,896
{'n': 5810},328,1723641593657,3af594ff-407e-4460-8665-ce946ca286b1,3000,,2816
{'n': 8810},425,1723641608170,eea309fc-4394-43b8-82e5-615bb3d490ce,3000,,3008
{'n': 3110},83,1723641588051,3c83ad8f-2f86-4e7d-b8ee-319540e7d269,3000,179,256
{'n': 4210},242,1723641589998,e3bcd07c-10dd-45c3-a531-d16cda3ff53e,2185,,1920
{'n': 9910},140,1723641605430,fc40db63-86f3-42b2-9be4-909b6dfe8bba,3000,,384
{'n': 6210},360,1723641597968,b061c1dc-5c18-4fa2-bd4a-10fbf9204a19,3000,,2048
{'n': 9410},452,1723641607220,d7ff54aa-f761-416f-ba87-170ca65e5c3d,3000,,1920
{'n': 3810},221,1723641589692,0e7d60fe-425d-4562-87a9-5498bfcc6c56,1754,,2560
{'n': 2310},279,1723641591475,c2972173-f576-4375-8606-b87454c49ef2,736,,1920
{'n': 4610},264,1723641599486,0a295ee1-ca28-4931-b37f-accb8c1c4118,3000,,1920
{'n': 5910},334,1723641593837,2a0bfd59-d053-47bc-a4b1-ff4a962c3d5a,3000,,1792
{'n': 9210},320,1723641613041,c1250e2e-40be-4b05-a285-db4364e0a982,3000,,1024
{'n': 5610},78,1723641590109,364890c1-259f-4531-9082-16710d9ad42a,3000,,128
{'n': 8510},411,1723641604005,e49d5a41-f563-420c-84fb-c53f888fe1a5,3000,,2816
{'n': 8010},432,1723641611318,f5049928-66c1-4e32-badb-5abdd90ac366,3000,,2688
{'n': 5210},118,1723641590103,1d68c6e5-8d6b-4dd4-b1f8-f3433272c7b0,3000,,384
{'n': 3610},328,1723641597792,32cad974-adeb-4b8e-9e2b-370374e99103,1545,,3008
{'n': 8910},288,1723641601902,a3d84fd0-9956-4acd-b804-5968bdb7c599,3000,,896
{'n': 9010},142,1723641602763,2eab4832-4e31-47f3-b22c-457a8c166901,3000,,384
{'n': 6410},378,1723641610402,002d17a6-a36b-4f73-8b9f-a1d414c60cfd,3000,,2944
{'n': 5210},296,1723641595227,9083b3d2-f3fe-48cf-9478-9d7caee11fb1,2338,,3008
{'n': 7110},293,1723641605067,7f329cd3-d356-4686-9194-8bc3baf41e4d,3000,,896
{'n': 6010},339,1723641604236,5f4fb695-b6d2-4bdc-b295-d1f39f3cf804,2920,,2560
{'n': 9710},130,1723641604647,219e7d87-41f8-486d-8c03-ab7c74677127,3000,,384
{'n': 9110},438,1723641606363,9edb180e-9d96-4efa-853d-86899511b7f8,3000,,2816
{'n': 9510},65,1723641604188,02d45e68-0614-4fa2-b13a-3bbb532b17df,3000,,128
{'n': 5310},371,1723641602010,93d88d75-501e-443f-a6b6-697da856b1e8,2783,,2048
{'n': 7310},103,1723641605727,bb3a39d4-d260-4449-9b89-aebdf8cae722,3000,,256
{'n': 9910},475,1723641618150,a8646306-3257-4722-ae93-e5019baf7eab,3000,,2048
{'n': 2210},221,1723641592280,a5ac012d-d451-41cb-9cda-b091e0c7894b,658,,2944
{'n': 3310},313,1723641595869,404f4273-a3e0-4738-8cec-40d40453084d,1396,,2048
{'n': 1010},119,1723641587118,e549e0eb-9c2c-42fe-bd8a-37a7384acba2,73,,2048
{'n': 2210},215,1723641592416,f9c196a0-004d-490d-b6cf-f121d2ee49ca,700,,3008
{'n': 5210},332,1723641598603,46fdd427-a2cb-47d6-9355-2d2ecbc3ba2e,3000,,1024
{'n': 5810},274,1723641590492,7e80f48c-0fa6-44fa-b3b4-21e01abb5f24,3000,,896
{'n': 6410},369,1723641607319,0b5b17b4-6402-4316-842d-425379163955,3000,,1792
{'n': 4910},297,1723641592812,8b636b98-3f76-4d57-bf14-2402f32c7cb8,2499,,2944
{'n': 7710},466,1723641612818,4c05c675-66a5-46ab-b4d0-94d80091e5b6,3000,,3008
{'n': 1310},81,1723641588053,98c26b3c-d5b5-4643-9468-1b30a2843345,3000,158,128
{'n': 3810},291,1723641594779,e43ea7d7-570d-46a7-8119-54e1e4d1774d,3000,,896
{'n': 3910},251,1723641596725,b7fa4c3a-c16f-4168-ac87-1e22665de672,1771,,1920
{'n': 8410},446,1723641613229,62e67598-e41d-4cc5-8b23-42768ea1b15a,3000,,1792
{'n': 7010},372,1723641610830,2267554e-0d03-44eb-87de-44b04a56b77e,3000,,3008
{'n': 8910},455,1723641617564,3368f9d8-f585-4b7a-86fa-a7c672f3b365,3000,,3008
{'n': 1210},190,1723641589146,ccab4f93-bdc4-4a32-94bd-b7affd65a458,149,,1920
{'n': 5010},98,1723641598587,06dee694-935b-4c11-8aeb-fb3000cd92ee,3000,,256
{'n': 2510},143,1723641592194,8d6a54e0-0734-4599-a8f4-13a5e3be99d9,3000,,384
{'n': 1810},113,1723641591203,ace5712f-6dcd-4c5a-aac9-a70fe85ab3fa,534,181,3008
{'n': 6610},243,1723641594848,e489b977-d9c0-4d42-aeb6-c82077a6b9a9,3000,,768
{'n': 7610},323,1723641606553,6d33e1b1-02e5-4e0d-abad-b5788cf13efc,3000,,1024
{'n': 2010},205,1723641590218,a315f8cf-fd80-412c-8c71-ec0e0afebef8,568,,1792
{'n': 6910},299,1723641604282,e83961cd-616a-4be2-b913-3e49e1466448,3000,,896
{'n': 7310},358,1723641612021,2991c74f-241a-4fbb-9448-63014383e58f,3000,,3008
{'n': 3610},285,1723641596237,c7cb97f0-3974-410e-aa7d-ec4efc25678b,1422,,2816
{'n': 6510},366,1723641598158,f87acbd5-2bd5-42a0-87c0-ba290ec1f474,3000,,2816
{'n': 4010},133,1723641595932,168a2e6f-478d-4216-8a57-3e39dbdb7ac7,3000,,384
{'n': 3010},178,1723641589724,fb3e33f7-e50c-4bbb-850d-d334b31574ba,1352,185,2688
{'n': 7410},361,1723641599807,7c0c2301-67c0-4912-bd50-2691ea899a8c,3000,187,1792
{'n': 7810},454,1723641613255,20c9ec14-62ee-4e9a-89b1-fbaa7ba9120a,3000,,2944
{'n': 6310},300,1723641594829,5a65d609-957a-4105-ab15-2eaea42d073c,3000,,1024
{'n': 810},108,1723641586324,5978758b-931a-4e5d-ae25-fd65c399b61f,77,,1024
{'n': 910},67,1723641586751,2d39dcf7-ad18-4215-ab7f-3d9f996cc39e,74,,2944
{'n': 710},57,1723641585258,bf3ef4d7-490e-42fb-8e3a-f624791245f3,58,180,1792
{'n': 4010},231,1723641590510,a977e787-c35a-49e8-8cf6-beadc8982bb7,1995,187,2816
{'n': 7810},454,1723641610307,077a7eb9-f220-4c2b-97b7-72ed369db422,3000,,2688
{'n': 1010},71,1723641585697,658e1c57-e824-46ea-a139-24538f056cf3,94,,2816
{'n': 7210},315,1723641605620,e569aaee-6978-487f-a477-9aa9589ee793,3000,,1024
{'n': 8910},429,1723641614434,c6a976a7-e47a-4d5e-95d6-1c9e07bf7129,3000,,1920
{'n': 9210},440,1723641606753,50cb1fed-916e-4d72-bac3-cc8e9ac2306f,3000,,1792
{'n': 210},44,1723641584904,cdf425e7-6918-4353-994d-b49fab8df18e,10,179,896
{'n': 9910},341,1723641614935,8a2bc950-cd6e-4c2a-8132-4b4ee1fb90c8,3000,,1024
{'n': 2710},164,1723641588290,0a13d92e-aa15-4c75-a2b0-65249d77d8bc,1079,,1920
{'n': 3510},283,1723641595605,4b6b2168-98a2-4d8b-826b-1b6fd4f0a3f3,1525,,1792
{'n': 4610},142,1723641596307,5b76920c-a42a-447e-92c3-fec42ce96a7c,3000,,384
{'n': 1810},210,1723641590363,d0ab4d47-a291-4438-b686-7865434a380a,402,,2688
{'n': 7110},404,1723641601808,615aa5e5-e549-4f29-b170-8a47bb2b50c9,3000,,3008
{'n': 9710},235,1723641604630,6de7e3f6-ddad-4d86-951b-d92833db2f70,3000,,768
{'n': 5610},318,1723641596141,ccfd0c45-1e1d-4633-a205-2b4d01956173,2896,,2944
{'n': 3810},221,1723641589607,176f8096-304a-49f3-8f74-ed6eb8d4a33d,1763,,1792
{'n': 9210},335,1723641603565,4766a2ee-e6b5-4d40-ae6c-dc050cfe4d08,3000,,1024
{'n': 7910},435,1723641601721,2657dd81-3df8-47ba-b2ca-8bece95f9e7d,3000,,1792
{'n': 4110},237,1723641589920,150ba9c9-05b7-4bd8-b9c8-9aa181e967ab,1960,182,2688
{'n': 9410},452,1723641616797,ef015d99-c940-4933-a257-20006686fc32,3000,,2816
{'n': 4710},82,1723641587842,51e1c8b0-ca42-4f1c-ba67-9a142a6f5777,3000,180,256
{'n': 7910},89,1723641608117,7f6cd924-73a1-4e3d-a20d-73e198e0aa40,3000,,128
{'n': 4010},231,1723641592661,c4522216-7420-4bfd-bad6-9cb2465366b8,1968,182,3008
{'n': 4910},279,1723641602056,b840dc33-7d7c-4717-8510-22637085bc76,2641,187,3008
{'n': 9710},456,1723641607609,0b77b097-20dc-41a5-84da-510386b05d9c,3000,,1792
{'n': 3410},82,1723641587723,53a6978f-f0f4-4c6c-a72b-488743580329,3000,180,256
{'n': 6410},431,1723641597914,4e6fa281-ffea-4865-8db8-656a79c2442b,3000,,1920
{'n': 4510},258,1723641598568,5ed6a4b5-4750-4055-afe3-262192b42865,2226,,2688
{'n': 8210},397,1723641612458,a18bc50f-cbb8-4165-881e-b51460dbdef9,3000,,2688
{'n': 210},44,1723641585671,c3d625d2-14f9-41ad-bad0-26175c93ce11,9,184,2944
{'n': 510},50,1723641584888,1f765144-0e51-4f33-98a3-f0298b8e80c3,203,185,256
{'n': 4910},246,1723641587919,f8f07dab-965a-4ede-9e28-b9f2c56652c6,3000,181,896
{'n': 3510},210,1723641594357,2d83c0c4-9aee-4632-b164-00cd81f439d2,3000,,896
{'n': 4110},237,1723641597449,5abe19fe-fa7f-4da9-8752-3528b041eaf9,1931,,2048
{'n': 810},61,1723641585509,ca398483-cb24-4595-89e2-de4f206ef791,75,180,2048
{'n': 210},103,1723641586116,62a761d1-e186-4961-8302-50447ab8e8a1,4,,768
{'n': 9410},450,1723641616799,28331478-dbac-4f06-8fc1-87c33cbbc8e0,3000,,2048
{'n': 8710},421,1723641604309,63f3f316-345b-4be0-a637-f2ec12c70048,3000,,2048
{'n': 6910},322,1723641604271,2c7c0f1d-5273-47f2-b793-189721eb773d,3000,,1024
{'n': 8610},66,1723641600968,dccdafaa-7cfa-4e4e-81a0-1cba8dc299ec,3000,,128
{'n': 10},65,1723641586114,4c5fac98-fd62-4d53-a2c6-abe74c1d3446,2,,384
{'n': 7610},286,1723641606546,9277988d-0ddc-427e-8bfd-ba1511af6000,3000,,896
{'n': 4910},66,1723641596447,b1e045de-8853-4ec3-a0fb-35bd848253ea,3000,,128
{'n': 1510},91,1723641591325,113260c9-a041-44a2-8eed-695cee28f0e1,3000,,256
{'n': 310},71,1723641586132,053bb259-3b50-417d-a757-55fc8c75e52a,38,,256
{'n': 4710},108,1723641596088,0e289c58-f93d-4e08-9d48-c53a0f0d0de0,3000,,256
{'n': 1610},111,1723641586578,46b4ba6b-b4b8-409a-983e-0e8aa7bf1908,350,,2560
{'n': 6610},371,1723641607431,b2d49678-8dee-4e87-a57c-99d5864f7528,3000,,1792
{'n': 5510},312,1723641595898,a2cbf3de-8797-453a-8c64-766c17bc1fce,2721,,3008
{'n': 5610},83,1723641590149,5db7019a-c264-41af-a766-324ec1daf463,3000,,256
{'n': 9610},284,1723641604337,df164a08-bcef-4f69-99f7-b065226c24e2,3000,,1024
{'n': 2410},130,1723641592051,9d7bd28f-aa73-4007-be77-27f752bc8070,3000,,384
{'n': 5110},291,1723641601205,f09627b3-428f-42f5-951c-9a94b7c6be72,2527,,1920
{'n': 9010},126,1723641612294,4f9f47bf-f873-44c8-ab7b-c5d8309be7e1,3000,,384
{'n': 4610},100,1723641596308,32ade93a-d5b0-4e7c-912f-172e422bb25c,3000,,256
{'n': 2010},65,1723641591371,7de27e1e-b2e9-4b09-97ff-0c07edf2bc57,3000,,128
{'n': 1610},111,1723641586573,5db1583e-8017-4948-b27b-fa4db97c17ca,343,,2688
{'n': 8510},438,1723641613574,c06dcb8d-3d71-4cb1-9b86-42a9febe3c76,3000,,2560
{'n': 8610},438,1723641613575,44df6c31-4695-4b0b-9a53-2fa24faf3be3,3000,,2048
{'n': 9210},65,1723641603535,530f46d3-88e6-46de-b856-31b7c17457c8,3000,,128
{'n': 4510},224,1723641596133,9733bc0d-d743-407a-af36-9726e81c60f0,3000,,768
{'n': 9310},448,1723641616306,3ebc8451-52ec-438a-9267-7c73079a5257,3000,,2688
{'n': 3410},101,1723641594259,90179b98-4ec7-47d6-8adf-25d0d70c7085,3000,,256
{'n': 2610},227,1723641591374,1b0d2197-8fb1-42f5-a1b6-29f8fbef764a,1973,,896
{'n': 7010},420,1723641607822,df87aa09-77f3-476e-9c57-416d7ef0a417,3000,,2560
{'n': 7110},135,1723641605026,aba51868-5ee5-43f4-bda7-1c35b4e61525,3000,,384
{'n': 4410},253,1723641592946,62f1034a-2052-4ac6-a0d5-ce35d17a8583,2194,186,3008
{'n': 3310},194,1723641589932,6aaf7b95-0a3d-4eae-be88-f8db4cd1e6f6,1486,179,2816
{'n': 1910},119,1723641586131,e7c76cf9-5b2c-4e8b-b67c-352583bb6189,1266,158,896
{'n': 7010},392,1723641601396,87df205d-2c1e-4c39-9841-db0896d90124,3000,,3008
{'n': 7010},65,1723641595238,3835dcbd-1128-408e-ae48-1f39020597ea,3000,,128
{'n': 6710},303,1723641594841,eba0a7b5-3109-41de-942e-f87157dca928,3000,,1024
{'n': 6310},126,1723641594830,e4a703d9-8415-4ea3-b7e4-5024403b05f5,3000,,384
{'n': 2310},140,1723641586535,9cdaa3c8-f32c-4fbc-87ef-046065de0636,1815,185,896
{'n': 6310},356,1723641607462,d126dc64-b7fe-4b10-ba6d-53042438e67a,3000,,2560
{'n': 9210},156,1723641613026,24708562-15b8-462b-b4a2-4ccf16dec2bb,3000,,384
{'n': 8110},393,1723641605800,9d9dcb4c-0e33-49ed-b445-9a4f45531e4f,3000,,1792
{'n': 7010},311,1723641604677,1dec74af-8ddb-4faa-879b-0b075d24b643,3000,,1024
{'n': 1210},81,1723641586046,57a78da0-7a1f-4703-8279-d2356a117e91,1035,183,384
{'n': 8410},444,1723641613370,0e76c9df-17c4-4ba3-9c06-28e0a6ec5bac,3000,,2560
{'n': 6110},108,1723641592952,04179279-1d0a-4e69-b119-cde1c151e3c9,3000,,256
{'n': 1810},190,1723641589908,77bf81dd-fe0e-4201-89a3-de86c9e53134,398,,1920
{'n': 6610},373,1723641601036,99a03991-1697-4b55-ad6b-d72806988ddb,3000,,2944
{'n': 3510},334,1723641596105,5e12b5ce-f890-45b8-b79a-1f5810a4ef42,1655,,1920
{'n': 7710},312,1723641606725,ec573633-0e3d-4893-8600-9561746a5e23,3000,,896
{'n': 8210},164,1723641599807,85f00636-6795-426e-b7dd-4a89a4e98f53,3000,,384
{'n': 7110},425,1723641608231,c0aff2cf-18e9-4694-a336-c6847af3d694,3000,,2048
{'n': 2410},146,1723641586863,b0ab02b4-bfec-46cd-b6c1-eb8556e14ae8,1973,186,896
{'n': 7810},227,1723641607088,34a9737f-07a5-4a5d-bcd9-484d7ecab01e,3000,,768
{'n': 2010},136,1723641586888,4b971ffe-8cc8-41fa-8fd4-6b0dcf8261d4,605,,1920
{'n': 3910},226,1723641587922,d403fd61-80e2-407a-8e6a-041e448fe243,3000,182,896
{'n': 1510},172,1723641590094,36c9e58c-066c-4087-99dc-eb971ea31ae7,299,,2816
{'n': 1010},71,1723641586036,25143a07-7751-4f7f-90a1-a2a47d20e3b1,119,191,3008
{'n': 9210},81,1723641613040,3b3e8737-e679-498e-b7de-f66276913d3b,3000,,128
{'n': 6210},388,1723641607395,2adf33eb-fa07-483d-af97-e62aaad8c52e,3000,,2048
{'n': 910},97,1723641586727,97416cb0-dc05-40a5-8bda-72e159329a9e,58,,2816
{'n': 110},89,1723641586274,f7ab9434-3c74-4dbf-a3d7-4aab8e75a53c,3,,2816
{'n': 1910},119,1723641587023,28906755-428f-4d0e-8fc8-985cf3e9beec,566,,2048
{'n': 8610},117,1723641610410,538e6d39-8add-4296-9575-23c0c4dd5b38,3000,,384
{'n': 8310},98,1723641599878,a906d97f-1f08-45f8-9ffe-9a0a71d2d994,3000,,384
{'n': 1310},221,1723641588999,ad11896a-814d-485a-afef-9062ba137c07,715,,896
{'n': 210},65,1723641586431,1487d61d-917b-4854-9633-b5603a80cd5f,4,,2560
{'n': 6710},85,1723641594817,f9ba53c8-962a-4979-9445-eb84c543a803,3000,,256
{'n': 4910},280,1723641599095,7912b425-6695-4c1d-82ce-cede1993840b,2469,,2816
{'n': 3610},231,1723641594302,536f3346-7b8e-423a-b963-b3be0e6e51d5,2656,,1024
{'n': 9810},256,1723641605478,68f67446-0fcd-4106-9f27-393b95d13c82,3000,,1024
{'n': 110},44,1723641585008,be975396-0513-48d8-b4c8-ddccd727329e,12,186,384
{'n': 6110},346,1723641596160,03bd84bd-1e48-409d-a5c0-cb539648e4ac,3000,,1920
{'n': 5410},307,1723641602139,86a5a52d-2117-4816-bdb0-3019b654dd19,2852,,1792
{'n': 8610},416,1723641604025,91d40c7e-c515-4326-8454-8917bc3ae50a,3000,,1792
{'n': 2510},151,1723641588942,5bad279a-b586-4327-a0e4-216c6b50e103,987,,2944
{'n': 9310},66,1723641613104,f25a5111-12fc-4d3c-bc32-e961e0c2265c,3000,,128
{'n': 8810},425,1723641617585,336b5995-f97f-424d-8045-f59d3684212d,3000,,2944
{'n': 9510},457,1723641619627,86b2bc4f-cff8-4273-ad04-926450603e87,3000,,2944
{'n': 1410},167,1723641589344,f67727f7-286c-41df-b234-f35e6850de19,241,,2048
{'n': 4810},233,1723641587954,161425b6-91ff-4041-8178-1ca715349002,3000,151,896
{'n': 7110},372,1723641598726,2ae4e3b6-650f-494c-b614-3951439e13c4,3000,,1920
{'n': 6710},420,1723641607322,20b9c210-2f9d-4de1-9abd-e2d3dcd93ea3,3000,,1792
{'n': 6510},393,1723641601014,7f448b4c-f34c-4c60-8d7a-5b4eb7c9970e,3000,,2944
{'n': 6110},291,1723641602495,870c6b7c-46b4-4190-be09-69e1b8ab28df,3000,,1024
{'n': 6210},317,1723641594770,9b05929f-578f-4ce0-9401-9659c3abe129,3000,,896
{'n': 3110},334,1723641595379,cd4543c3-c9d6-479e-b046-b31b2eab44af,1328,,2048
{'n': 710},57,1723641585849,07035af0-782c-4a47-8639-7b24e076f06f,57,181,2944
{'n': 7810},379,1723641600873,107f81cd-f78b-44a3-813e-d49f5c114972,3000,,2048
{'n': 4310},296,1723641600113,6d6b40a4-1eb0-4864-8f08-17124d78a3fd,1836,,3008
{'n': 5910},306,1723641600198,77b4cd82-a489-4d10-910b-9c99ffd8af5a,3000,,896
{'n': 5110},345,1723641601248,caabb637-e797-4d55-92fa-83f0cf20e916,2541,,2560
{'n': 5810},328,1723641602900,eb861745-e1b3-4d00-a19e-e76ae3150681,2993,,1920
{'n': 3110},328,1723641595016,bc8ad777-da95-488b-a63a-3e72a012bd16,1454,,1920
{'n': 8010},388,1723641601829,d4caef94-81b6-4e97-aafd-245a49981c7d,3000,,2048
{'n': 9410},452,1723641607057,7b5f3fa6-24e9-4c4e-9a1e-0b2232cfe6e8,3000,,1792
{'n': 7510},434,1723641609271,3836c315-f800-4dbf-85c6-0bf3b19f9d41,3000,,2688
{'n': 8510},252,1723641610355,d427a9f0-9094-4d14-ae6b-60040d1f5053,3000,,768
{'n': 1410},246,1723641589000,1b75ba3f-c297-4a34-979e-c2f38390e2cf,724,,1024
{'n': 7810},380,1723641603851,dc57c9f3-3f8b-40fc-bdf3-0f7833bdabd3,3000,,3008
{'n': 4710},66,1723641587848,ef444ce0-b4a1-44e0-a578-6922dc54875c,3000,160,128
{'n': 5310},241,1723641599022,c2d1588a-8ed9-4478-851d-9190f14fabdc,3000,,768
{'n': 3810},242,1723641589740,befe8ef5-9f4b-43d2-93fd-d61a02fe7c92,1803,,1920
{'n': 8510},411,1723641603984,93a245d2-f295-4b8b-9fcd-8e1c49329a0d,3000,,2048
{'n': 110},65,1723641586350,b7b9f003-2003-4777-b5c7-f37d3a9a3b2e,3,,3008
{'n': 1310},176,1723641589117,99f875b6-d61f-4760-9240-aa8b20404971,204,,1792
{'n': 3710},131,1723641587913,047423c6-c84a-4c00-9935-a77154481b62,3000,183,384
{'n': 3810},221,1723641587929,8fbbae92-9eeb-4e33-99a3-f4c2c1c5fe65,3000,186,896
{'n': 1810},194,1723641589689,5fea57a2-9116-44f2-9a82-74b7b5382a59,398,,1792
{'n': 4910},279,1723641599146,9f25ec34-8260-48d5-8787-8ad102f9869a,2598,188,1920
{'n': 9010},246,1723641612292,c0d69021-d127-425b-a032-9c814c620ed9,3000,,896
{'n': 2210},139,1723641588590,a0bb50c7-9fea-4687-8e12-6846b1e16eaf,745,,3008
{'n': 2510},238,1723641592411,9b6730f9-482c-41a3-abfb-b6e41a8f98b4,722,,2048
{'n': 5610},277,1723641599414,6ed4881b-1337-4359-b163-3f97be4c60c7,3000,,768
{'n': 6910},96,1723641594811,3008e5f7-3854-4906-82a8-1bef1043b7d4,3000,,256
{'n': 2710},162,1723641587326,5bc3d830-3e21-4026-a4cf-bb9dee95b340,2676,160,768
{'n': 9410},444,1723641607198,b1c51906-fa4f-493b-a232-411781759774,3000,,2560
{'n': 3410},227,1723641594301,3ae8b8dc-9b6c-4ba1-a5f4-a8f7890adf3a,3000,,768
{'n': 7410},361,1723641609341,60a7f14e-6704-4f35-902c-8d6460f6ca65,3000,,2560
{'n': 2810},247,1723641593923,a038ac47-86a2-4591-9329-6b7aa28c659d,1065,,2688
{'n': 1710},191,1723641590401,ad800011-8801-44ac-a7ae-f4df2ab5fdb0,405,,2944
{'n': 7810},439,1723641600768,3cb714b5-4f9a-4922-abf4-59246a0c5479,3000,,1920
{'n': 2410},243,1723641593020,0d847b52-640d-4a57-a23a-7f184be05685,893,,2944
{'n': 3910},82,1723641587702,1bcaef3d-e070-4dc7-99e0-7565ad122ac4,3000,182,256
{'n': 3510},204,1723641589899,6d75e94a-f090-41c2-ba4d-01f39a758a53,1632,181,2816
{'n': 6210},82,1723641604129,fe603bc3-51c7-43cd-918f-d128cf250663,3000,,256
{'n': 3210},218,1723641593799,0f0753d1-5164-4dd9-ab7a-c22f545aa4cd,2706,,896
{'n': 5110},255,1723641598529,dd9f0c96-885a-4554-b558-0b1458e5bf2c,3000,,1024
{'n': 1610},151,1723641590711,7ae1cff5-75e1-43b2-9744-05d4f24fee4f,2660,,384
{'n': 3010},384,1723641594135,d6c4ace5-98cc-4961-91cb-b3afbc9eddb7,1106,,1920
{'n': 8410},406,1723641603920,058e8a6a-1139-4a33-9eeb-078de1d6e486,3000,,2560
{'n': 4810},231,1723641596657,1da5cd7c-ec6b-4143-96da-5f71689a9ca3,3000,,768
{'n': 6110},345,1723641596040,668b63f0-5d4d-4cc7-8bcf-0d4b61ff0f6e,3000,,1792
{'n': 5410},307,1723641593105,d2013378-4c94-47ab-b492-8570865cdc83,2804,,2048
{'n': 5210},94,1723641598558,8d6c0da3-6328-4b84-b427-79dc118fdcb5,3000,,256
{'n': 7810},455,1723641610282,c539957f-e678-42ec-9e09-ed3a0c229857,3000,,2816
{'n': 8810},130,1723641611427,1e2fd96b-96d1-43b6-af77-b028d9ac67bc,3000,,384
{'n': 310},103,1723641586139,5d23fd9b-3f0d-4029-9848-4767629c3727,7,,768
{'n': 8110},398,1723641602004,9405f030-5beb-4e87-9013-69058997852f,3000,,2560
{'n': 6810},420,1723641597976,22e50cc4-0445-4f38-96e4-4cfcbc12ec6b,3000,,2048
{'n': 6710},393,1723641610424,432370d2-0b9d-4c1b-8238-d3b5749493b1,3000,,2944
{'n': 3610},82,1723641587854,cd181e01-366b-4530-be0c-0833b59d55ec,3000,185,256
{'n': 4710},296,1723641592741,bc1765bc-7371-4772-83bb-31c2b22e624d,2334,,2944
{'n': 2510},191,1723641591701,c4e33890-f465-48d9-a635-cfd364853faf,2538,,768
{'n': 8210},281,1723641609250,cbe1b0d2-422f-4035-9e88-48c7266267e4,3000,,768
{'n': 2110},258,1723641591637,120b7822-4689-457a-b597-7dbefde2f35f,599,,2688
{'n': 1810},121,1723641587697,24f33ebd-8df7-42f4-98e5-46a7cf57e7ea,479,,2944
{'n': 310},46,1723641585515,e33e8695-1554-4540-9859-6084d6759d13,14,184,2688
{'n': 5510},291,1723641590165,61e17c72-609a-4324-bb5d-c64e7c747596,3000,,1024
{'n': 510},50,1723641585007,c930d08b-3b66-4d28-aa68-875bc8483cc8,53,181,1024
{'n': 3510},261,1723641594339,242ad38c-eb16-4ac6-b390-53b468274218,3000,,768
{'n': 8410},455,1723641613375,106ee6a7-099d-4c31-ae05-b9d3ac386892,3000,,2816
{'n': 1610},81,1723641591140,c96aee02-9b75-4a2a-b96a-13121da91e73,3000,,128
{'n': 8010},389,1723641601815,4ce91ac3-4383-4e4b-9068-1822f1894a46,3000,,2688
{'n': 2310},144,1723641587402,b4ca96e2-4b4e-4a3b-80d7-421cdcd034dc,782,,1920
{'n': 1910},121,1723641587888,12ffc8a2-37ae-40ef-a3f7-0350f6c7ccf0,542,,3008
{'n': 8210},241,1723641599810,f20626f8-6dad-4701-ab55-5890f08e2018,3000,,896
{'n': 6310},355,1723641598002,ce16902e-d981-4b5a-8a41-7f701fd049c6,3000,,2048
{'n': 5110},243,1723641590148,b4281b4f-d3f4-4789-84db-09b2547be2d3,3000,,768
{'n': 1910},108,1723641587772,68828fdf-d8e6-4570-ba42-6e84a618cf70,3000,179,256
{'n': 7310},284,1723641605743,9a65e6ce-fa5a-4ee1-a081-180649924d1f,3000,,896
{'n': 7510},215,1723641596560,c1b27cb9-fd38-4f43-a4fc-1a2538c9deda,3000,,768
{'n': 2210},226,1723641590085,5c4ac830-b644-47f9-a434-b9975f6b3c45,1263,,1024
{'n': 7710},374,1723641612769,cc0746cd-a37d-4fbf-908d-f4d56a4caf7a,3000,182,2944
{'n': 210},103,1723641586118,ea3f91da-f872-43c3-8fa4-e1e4e0215c28,4,,1024
{'n': 4010},235,1723641597762,f3e26262-3ae9-4e87-8ed7-e542f3ab6428,1695,,1920
{'n': 3210},161,1723641594141,f347041c-6725-42cc-81ea-e952f89cb2fa,3000,,384
{'n': 9110},438,1723641606219,57894775-f065-4c90-af8b-0c4693eba095,3000,,1792
{'n': 5810},328,1723641593666,78867133-0914-43d4-be8f-6c4d50e4de94,3000,,2688
{'n': 7110},432,1723641608269,96903113-b56d-4c28-8a1f-2cc1872d566a,3000,,2688
{'n': 9010},434,1723641605980,e89c6ce6-5a9e-4bda-b1fc-ab4cf81e3f33,3000,,2688
{'n': 610},76,1723641586497,1cea11ba-bab6-4241-9160-947053007158,32,,3008
{'n': 3710},318,1723641595314,6c461163-533f-4d34-a62d-3ebb544e4d57,1806,,2560
{'n': 610},55,1723641586502,471f462a-5e8c-4993-94c6-5024d0bbcfce,425,,128
{'n': 7810},92,1723641597652,93549fd6-fea8-46af-beb9-b43851b9791b,3000,,256
{'n': 5310},94,1723641590119,752ab4dc-ff2d-4fde-a79d-aee0880a40ba,3000,,256
{'n': 7710},386,1723641603459,c5dbe8d0-37dd-4787-98e0-cd0b8791812e,3000,,3008
{'n': 5010},301,1723641592853,4f9e393f-01c4-4d0a-9513-259e4debc04d,2463,,2688
{'n': 8810},128,1723641601919,97c34617-2975-4afe-b1b8-6f8db802b5a2,3000,,384
{'n': 4910},279,1723641590825,062de224-fb50-49b6-90d9-926742eff639,2563,189,2688
{'n': 7510},393,1723641612312,e19497d5-c0aa-449d-ad85-395990b18640,3000,,3008
{'n': 8710},67,1723641610543,ec3f4ab7-8e19-49b6-8c4e-674c33df02e1,3000,,128
{'n': 1210},81,1723641591373,bfb6bacd-5cc0-4599-97d6-664182f4dd0b,3000,,128
{'n': 8010},389,1723641601778,579cc16a-0324-4afa-bc64-296560fcb7f0,3000,,2816
{'n': 2910},329,1723641594644,0d7d017f-ba14-4a1c-a970-638524c1a8c4,1276,,2560
{'n': 1910},119,1723641587654,085729fa-367e-4ee9-9fde-182e3c9120d6,547,,2816
{'n': 6910},246,1723641604283,946acd55-bd2e-4f2c-8e5f-585ba6164c84,3000,,768
{'n': 9210},443,1723641616109,d01369dd-06c7-4a88-9a91-28881b27af4f,3000,,1792
{'n': 6610},429,1723641607493,42599c96-5d64-48b8-98dd-92025f426e8f,3000,,1920
{'n': 7410},399,1723641599667,8f61bc6f-4196-4e2c-9b6a-25583e6d8abb,3000,,2816
{'n': 1810},121,1723641586723,fe380f95-3b91-4e49-b33f-677e247addfe,470,,1920
{'n': 610},84,1723641586423,6703bb8f-67a9-4d07-8e51-ed8215e5ffdd,25,,2688
{'n': 8710},78,1723641601172,cd6fc1c4-128d-403c-b8e0-c8ee0e20b1a9,3000,,128
{'n': 6310},290,1723641604201,61d4c3b1-4a55-402d-a42f-8045717a1801,3000,,1024
{'n': 1510},87,1723641588046,f576d48f-cf8b-4eff-bb93-eeeb0a761d95,3000,186,128
{'n': 7210},276,1723641605628,d7a00ad5-a72d-40fd-b018-a4f19711194d,3000,,896
{'n': 2510},164,1723641588515,5eeb4b5a-1fe3-4d8d-9194-d01d91445103,776,,2688
{'n': 2110},116,1723641587740,b37a91e2-9d11-4d4d-98c8-f27d18784979,3000,159,256
{'n': 3210},65,1723641594108,3a93c9f0-e515-41c7-84e2-98fecd71ae09,3000,,128
{'n': 6910},406,1723641607418,7f374f9c-5939-4161-b482-79e2becb55e4,3000,,2048
{'n': 810},61,1723641585735,092080ea-c887-4fce-9972-4cacc4b9e51c,73,193,2560
{'n': 4410},255,1723641590393,e5aa2535-b03f-4317-bd7c-4f8e85d14ec7,2097,,2816
{'n': 6410},243,1723641594829,6be17b63-16de-4897-a999-5f37547ce450,3000,,768
{'n': 9610},67,1723641613741,0067fb86-8cf7-4120-8c93-4e4c843ee14f,3000,,128
{'n': 6910},251,1723641594825,1920fee8-eb69-45b4-8094-420dcdc8bcda,3000,,768
{'n': 310},98,1723641586220,9165200f-4897-45df-aa53-adcffceb1616,8,,1920
{'n': 7310},387,1723641599420,4e8af5ac-86d8-414f-9d18-cbf815b78020,3000,,2816
{'n': 3310},120,1723641594405,533d5bad-f01f-4412-9430-950aa09937c0,3000,,384
{'n': 3610},215,1723641591421,e9a19b46-779c-4725-bfc0-63bf986a3384,1553,,3008
{'n': 2310},140,1723641586546,27df9322-02a2-45a0-9b48-6cc64d13ff05,1573,185,1024
{'n': 8910},293,1723641611334,569e4e45-21ca-4b33-a796-b9ebc236ebea,3000,,896
{'n': 2410},65,1723641592059,946b7e76-00f8-45d6-acd2-99a59d839a7f,3000,,128
{'n': 3710},328,1723641595461,43afbe11-bf6a-4733-aa9a-a8b58ee2e609,1775,,2816
{'n': 5610},356,1723641593300,433a692e-4a1f-4c7d-aef2-8f8bd706f45b,2956,,2816
{'n': 510},50,1723641585392,089682ed-cefb-40d0-b80a-690af55c8b72,30,182,2688
{'n': 810},61,1723641586475,21fdacf6-4637-4947-be9f-d764e876c46b,65,,1792
{'n': 1310},87,1723641586983,878124f6-432a-4b7e-8bb8-6f7592a0a5fd,2029,160,256
{'n': 4010},231,1723641590521,5ae3d920-b639-4934-98a5-38b0fb3fdcca,1986,182,2560
{'n': 6510},78,1723641594891,b6826e17-b8db-4f34-b25f-d0b8d073918b,3000,,128
{'n': 7410},434,1723641612312,49c66c78-81ff-43f5-b987-a5a0ba502ffa,3000,,3008
{'n': 2810},173,1723641588256,88239c04-995c-4631-a172-9592b243c93e,1076,,1792
{'n': 510},50,1723641585876,399fdbd8-0f26-458a-b12d-8d52a0ea2554,30,179,3008
{'n': 7010},378,1723641601348,789a872f-91d8-4917-8382-f69deea7c452,3000,,2944
{'n': 210},57,1723641586416,3c03df88-6bc2-406d-914e-9da320489ad1,5,,3008
{'n': 2310},269,1723641592590,9d650190-f4e2-4f4c-b22f-495cd44631ff,631,,2816
{'n': 6210},261,1723641604206,3cc16a5e-d09c-4471-95fc-d846ebc3d7e3,3000,,768
{'n': 4810},266,1723641596678,df353de5-66fa-481b-be7e-2ea98519d550,3000,,1024
{'n': 1110},155,1723641587867,225ba12a-b1ce-4cf9-9229-40b70ddb0aaa,111,,2048
{'n': 2710},163,1723641588402,570d22dc-b61b-43f5-ba0f-9afa04e262d5,1033,,2048
{'n': 9310},86,1723641603562,1299120d-4b1c-4166-8ebb-9478ee1ccd93,3000,,256
{'n': 410},48,1723641585092,0f268819-33ee-4cd2-98a1-34fd9e72ed04,274,182,128
{'n': 6710},397,1723641607471,ecc85c62-d577-4336-b9d1-ed173e3718f1,3000,,2688
{'n': 4710},288,1723641590437,b3a572dd-2157-4539-9dd0-04dff9a95a08,2303,,2048
{'n': 1310},167,1723641589435,0ef55fb2-ba0e-4924-9935-bbbea84d82a3,190,,2560
{'n': 9410},303,1723641603961,6aca3a40-b49f-43c7-a8b3-2576ad13fbaa,3000,,896
{'n': 3010},191,1723641589919,da8f086b-a1cb-495f-982d-425bf5cc6bf1,1233,,2944
{'n': 9610},199,1723641604339,35656d9b-adf9-44e6-83b6-5a1faab03275,3000,,768
{'n': 6410},285,1723641604258,933276c1-f671-465c-bebb-acdccca769e7,3000,,768
{'n': 1010},140,1723641586950,a810a08c-f105-4ee5-be53-d21181f23771,185,,896
{'n': 4310},218,1723641588098,eb204cc3-1367-4275-a017-82e7aa453a87,3000,188,896
{'n': 1710},108,1723641590739,8a90b8cf-e8e0-4ddc-80c7-b2b83b001bbc,425,161,3008
{'n': 7110},103,1723641595650,9db89aa1-5ec8-4539-85b0-29ea1be394bc,3000,,256
{'n': 4310},323,1723641598379,23272437-c705-4ec6-9af7-d1876e61b800,2113,,2048
{'n': 5610},84,1723641599402,3c23c684-05a6-4e94-aac6-bf54dbbd8c47,3000,,256
{'n': 2910},277,1723641593200,144c1217-a779-4c13-b358-ba47009de88b,3000,,768
{'n': 9810},226,1723641605481,0c38e85d-cc46-4bbc-9c2e-35b2f225fe6d,3000,,768
{'n': 9310},259,1723641613107,a64b952f-7d89-4ec7-9621-e79086299216,3000,,768
{'n': 5310},301,1723641593196,ceabdd22-97c7-45da-8114-8c2a91ba27f0,2869,,2048
{'n': 9910},475,1723641608663,3c423d27-8e3f-490d-bc2a-20653cba6a6d,3000,,1920
{'n': 6910},387,1723641598007,3c407a7f-7ee7-451c-9a18-9b5740a98586,3000,,2048
{'n': 7210},393,1723641611835,3bc1992c-9776-441f-b55a-832c01088c07,3000,,3008
{'n': 4910},279,1723641590576,b6100db1-c782-4650-86d0-e3ceb2044dfe,2384,159,2048
{'n': 1610},103,1723641585729,f1716ec4-77ca-4259-88b4-6e8ae6897baf,759,180,1024
{'n': 1310},162,1723641589632,72384428-04ee-4909-a389-d2c5a09c4d2f,191,,2816
{'n': 2910},92,1723641588018,a093e23b-88d5-4b17-bc05-3e7f9ef20733,3000,177,256
{'n': 7910},98,1723641608127,d47a4fd6-8c88-44ee-99d5-00d062f29c81,3000,,256
{'n': 9910},512,1723641611637,fbde6a72-9650-47df-8d0b-1bc08c7cbb03,3000,,2944
{'n': 8610},243,1723641610375,f349ce5b-b783-42d2-af9f-8df3cd2d2a4e,3000,,768
{'n': 2810},87,1723641592859,1c47c264-6530-4bb6-b5de-11c330ad43a9,3000,,128
{'n': 5310},301,1723641593138,a02769ac-5a83-471f-8739-583dcb6a838d,2789,,2816
{'n': 2510},247,1723641592830,3dfe553c-629e-496e-9c73-9649f7b07a9b,869,,2688
{'n': 1710},108,1723641586820,6bdf3d20-5ea9-428f-a69e-352a4df89088,444,,2560
{'n': 1910},204,1723641589741,270c6eee-e347-4e2a-b74d-8744250cbbea,1620,,768
{'n': 10},43,1723641585483,a735fd8f-a811-44fc-9171-7c2fce4c2690,6,183,2816
{'n': 9610},461,1723641607562,f3bd2ad0-75ef-4bca-9994-451fd4b7b564,3000,,2816
{'n': 5710},403,1723641605465,9c01f14b-5484-45a3-8da8-70b8b1467591,3000,,2944
{'n': 9110},281,1723641603132,8497909d-c0c4-47e5-aa29-adaf103b3c78,3000,,768
{'n': 5610},318,1723641593153,b82db9fd-7a79-4ede-84e0-ab02d06f3d58,2929,,1920
{'n': 4010},93,1723641595865,589e3412-d652-4039-975e-0febd0e0aa9b,3000,,256
{'n': 4610},263,1723641590580,0b25a615-b627-4740-b714-63b77b47bc80,2325,179,2688
{'n': 2610},258,1723641592997,cd2be9c8-52d9-4a66-8142-baca4e9aa1f3,906,,2560
{'n': 7610},306,1723641597053,90453fad-b9b4-4a97-8fff-4a84177e903c,3000,,896
{'n': 7010},432,1723641598452,360e718f-bf44-473f-bcdb-4190b198ce22,3000,,2688
{'n': 3710},66,1723641593418,992d3928-304e-407f-93d3-7fe7dca55596,3000,,128
{'n': 8210},81,1723641609299,6b389d42-a07b-42ad-8042-97b732fbbcd0,3000,,128
{'n': 410},48,1723641585396,91ffb759-ed6d-4ad1-984a-a728ea998734,22,186,2048
{'n': 3410},199,1723641589858,0bac7ef4-282c-40f6-b8b6-f962c3edfb42,1573,185,2688
{'n': 3010},198,1723641588626,bb380dcb-1cea-41e0-838d-6d321bed6883,1181,,1792
{'n': 2710},66,1723641587847,2df8af8e-c8f8-4e33-925b-d5c12b216fbc,3000,182,128
{'n': 3110},274,1723641595357,0cdc6d42-f2ba-420d-a1df-97851e9e9c02,1285,,2816
{'n': 6610},285,1723641604330,4a7c261f-64c9-405a-962b-450c1014fecc,3000,,896
{'n': 1810},113,1723641587711,0f9b49ce-cd1a-41bf-9ad3-2266d81a3d87,2815,185,384
{'n': 9010},76,1723641612298,6a6c46aa-3164-4f85-8b41-a90e4808e518,3000,,128
{'n': 3710},237,1723641594378,119559e9-1954-43fb-ac56-bedf9c49083c,2305,,1920
{'n': 910},108,1723641586529,f286ff00-791e-49d9-be53-bcf2e37469b7,56,,1920
{'n': 2410},274,1723641592788,3a18cc5b-3a16-4bb0-a53e-4005fbe8ab1b,848,,2816
{'n': 3310},301,1723641596004,98c18839-c55f-48b5-b8c0-f48033a70898,1461,,2560
{'n': 1310},170,1723641589480,5a46eea5-44c8-4667-8723-f04d02012dab,192,,2688
{'n': 8910},429,1723641614514,432b0305-0a6a-49fb-b06e-9ecd1c3bec5b,3000,,2048
{'n': 10},44,1723641586245,b53312cd-42ec-42a8-aa91-6fb1557e85e3,2,,1792
{'n': 3810},221,1723641591290,f47933d0-1e53-4c0b-8868-c36c0ba5af91,1588,,3008
{'n': 3610},81,1723641594635,419d2990-f996-41d3-a46d-ea5038a8805b,3000,,128
{'n': 8410},406,1723641603917,83db0c4a-e027-4115-9df2-4822daf11ebd,3000,,2048
{'n': 3610},210,1723641589871,64d8a356-0b88-4bea-8f29-64f812c1c900,1657,178,1920
{'n': 810},61,1723641586047,5cadc055-b270-4f19-9da3-daacf57a471d,1080,180,128
{'n': 9210},443,1723641606774,17f318c9-8183-464c-a46e-573e6197e6c9,3000,,2688
{'n': 6610},378,1723641598078,5d71b8a7-048d-421b-a23b-6bbc062b0c77,3000,,2560
{'n': 3910},232,1723641591511,90cc589d-ea71-4c42-9487-5259171961be,1774,,3008
{'n': 5910},158,1723641600174,f183c9f3-a0b6-4b4e-98a4-4a196860bb84,3000,,384
{'n': 2210},144,1723641591850,e13f111e-cbff-46f8-90c6-46f0dd33bf41,3000,,384
{'n': 3810},195,1723641587952,b0583e9b-e4d5-41b7-94f4-bda0501b2f01,3000,147,1024
{'n': 6710},377,1723641601005,e4405797-a487-4100-ba5b-7fdc16e60609,3000,,2944
{'n': 9110},438,1723641615656,68ca1d47-30f5-49b6-8449-647d6b27cefd,3000,,1792
{'n': 4210},135,1723641595685,c251f59f-a71e-4935-80a0-054c0ef2921c,3000,,384
{'n': 8410},435,1723641603785,d5b01918-5cee-45c0-9fc0-f2ff358a4fe2,3000,,1792
{'n': 910},65,1723641585505,05c663ee-be37-4525-9f78-736e14aebd45,91,181,2048
{'n': 510},71,1723641586325,3007db60-6be9-40de-a878-2151ad36d7ab,18,,1920
{'n': 5110},291,1723641592927,885c389e-39da-4c92-b26e-8480ccc668d1,2607,,2688
{'n': 2710},162,1723641586892,dc0e8f84-56c2-4a6f-b4fc-6ff4ccc43a9f,1925,177,1024
{'n': 9210},443,1723641619201,bff31202-463a-4fdc-8c3b-1ebd2ea2d3b7,3000,,2944
{'n': 4910},280,1723641598862,ae89bc17-9c37-4b96-a879-23fe85f56ac2,2204,,2048
{'n': 4310},301,1723641598328,10946929-aea6-4897-9db6-9d482151efe6,2062,,2560
{'n': 5010},285,1723641592627,2f1d2d02-0fcd-4988-bd37-80415b3148c7,2265,,2816
{'n': 6710},386,1723641610435,942f9bc3-a6b3-4c47-b5ce-0a0f5c63612f,3000,,3008
{'n': 3510},337,1723641597536,8107d72f-f4ac-435f-b610-b04f23ae41e1,1495,,3008
{'n': 3610},103,1723641594646,23e307a6-a0c8-46ff-bc4b-e98aa9b28d61,3000,,256
{'n': 410},48,1723641585460,0747acc8-ce32-4d6a-8ab7-9427b77dc226,17,148,2816
{'n': 1510},167,1723641589743,42ca24fd-cff0-40ef-ab4d-d58a022b4e57,259,,2560
{'n': 4210},324,1723641599987,eb91cc8e-7cde-464a-85a1-95787dd25b2e,2213,,2944
{'n': 4910},286,1723641590270,6823d726-d534-4045-a6cf-de2e03657cf0,2530,,1792
{'n': 6510},116,1723641604484,5453378b-135e-4ed9-9868-3620f4e59e79,3000,,384
{'n': 4410},119,1723641596186,1e0fcbbc-3340-40c3-b286-5859a7b93d42,3000,,256
{'n': 4410},253,1723641590765,51670a9a-4351-4713-bd65-e2e0df3ffeed,2317,184,2560
{'n': 4110},233,1723641595400,0cc10878-bcaf-43aa-8f78-65d9ba37a4b1,3000,,896
{'n': 4310},248,1723641592470,d64a63a2-4f56-499d-9fde-17cf2aaa7dcb,2061,,3008
{'n': 2010},231,1723641591068,e6055c8f-b2a1-47a7-bf09-de8d3acb538a,524,,2688
{'n': 6610},144,1723641604291,9c4e3b0e-31f7-4d1e-935b-dca26418ad9c,3000,,384
{'n': 5510},312,1723641593172,04d06e5c-f89e-4cdb-83c2-d6436e3d9fcb,2859,,1792
{'n': 6210},349,1723641600929,52cff199-2c6a-4c46-9b59-0e5564045628,3000,,3008
{'n': 3910},301,1723641596784,578f0d9c-c3ba-486d-a8fe-b6f150af2429,1870,,2048
{'n': 9510},456,1723641607220,7d1b4e59-e30c-4f24-8e59-671c5d2390c1,3000,,2048
{'n': 9410},452,1723641610143,524caa90-114c-46fc-b884-90faa2e1779d,3000,,2944
{'n': 9910},466,1723641618045,fcfe4651-486b-4580-b0b9-7c0c1724c103,3000,,1920
{'n': 1610},111,1723641586224,d1329d51-8505-4bfd-950c-21790307485b,331,,2048
{'n': 510},50,1723641584938,d00fb6ba-6590-436f-8bb2-0c20d48a4694,51,180,896
{'n': 510},50,1723641585699,2d80d186-d9c9-4279-8419-deb3a3ead97d,32,190,2944
{'n': 1310},135,1723641589733,423bb326-61af-415c-a4e2-b2b2343b1a5c,203,,3008
{'n': 410},48,1723641585455,4516aa70-3d4b-4631-804a-33b29343d990,21,179,2688
{'n': 4410},221,1723641596143,a35fc8c0-ff38-4c34-a629-b7b5289c8f1e,3000,,768
{'n': 1710},110,1723641587313,a49bc371-08de-43e2-897e-86861dd2401a,407,,2944
{'n': 6910},387,1723641610516,f38c1942-676b-4545-a2d1-b88c6278852d,3000,,3008
{'n': 1310},66,1723641591288,48c28344-a480-40ab-ba49-688cb89b3a72,3000,,128
{'n': 6210},273,1723641594840,5e5342f0-abb2-4eec-afb2-4c177137759b,3000,,768
{'n': 4410},253,1723641598539,5dd5d49e-cffa-4d03-9fb9-dec509d74b23,2334,186,1792
{'n': 910},65,1723641585103,d0ce7610-c316-4e20-91d9-bf449c9b9507,149,181,1024
{'n': 2510},157,1723641587932,9b6534ec-0aa7-46cc-978b-40c4b87bef98,947,,1920
{'n': 5510},312,1723641602243,d30ac549-094c-475c-8c2a-13e9228afcca,2934,,2048
{'n': 8010},341,1723641598629,7a58a78f-cfca-48dc-81ef-747ecc54f91e,3000,,1024
{'n': 6310},287,1723641604202,3a7e1547-b47d-4cc4-8385-463a178f6c73,3000,,896
{'n': 7010},242,1723641604640,9edc13b3-40e4-4f01-8dde-ccd15d55aaff,3000,,896
{'n': 510},50,1723641586376,f0649ab3-038b-4311-b784-f850ac87d840,320,,128
{'n': 9410},452,1723641619702,66a1a749-2bef-4a44-ae8a-07cb2e2772b9,3000,,2944
{'n': 1610},243,1723641589006,9650e237-57ec-4aed-9023-21032f57d3ee,899,,1024
{'n': 2010},125,1723641587071,3e3f476a-6e18-4de6-b89b-5bff805921c2,647,,2048
{'n': 10},43,1723641585371,38e2320b-dc3b-4a6f-a130-e4623db774ab,6,180,2048
{'n': 2510},215,1723641592610,2bfc4537-014f-41f8-b290-85711f8991be,857,,2560
{'n': 5210},303,1723641598606,214356fb-c09b-4122-8a3f-f28e8c58ed71,3000,,896
{'n': 610},53,1723641585766,f960aeec-1bd6-4714-8da5-b0d2516417c3,42,187,2688
{'n': 7610},443,1723641609770,616393cf-b435-4eff-8521-46954aaf133f,3000,,2048
{'n': 9810},462,1723641611596,f728d08c-12aa-4f4f-a8df-9019f5c36c88,3000,,3008
{'n': 1910},204,1723641590370,96e034b3-b53f-4f1e-a169-3d8ce5754aae,502,,2560
{'n': 5710},265,1723641599452,57492cff-761c-4b2a-a3c5-8f3bddb8a66d,3000,,896
{'n': 710},57,1723641585162,605c0e7c-0d7a-4452-97c5-e9a7b4b6626f,409,183,256
{'n': 9810},95,1723641605392,9327318f-3f59-4ef0-b5e4-a5f8be6992d2,3000,,256
{'n': 1910},127,1723641587261,c66a4d45-0a78-40d8-8357-59cfa25a2bdb,525,,2688
{'n': 2710},89,1723641592655,a028b25b-3d1f-4ae2-bfda-1bd53f2c3afb,3000,,128
{'n': 3310},312,1723641597271,5567365e-2893-4c80-af94-f08411c92bfc,1348,,3008
{'n': 4510},227,1723641588011,6743e28e-92f1-49c2-95b2-15e35e423eff,3000,183,896
{'n': 7410},85,1723641606115,3b27a332-6068-47ef-8905-2bd0ce1383d7,3000,,256
{'n': 4010},328,1723641599668,8237a0ea-d3da-48c5-b59b-0e503b6580b9,1823,,3008
{'n': 4810},279,1723641599400,82d31b42-0311-45c7-a259-601436601c64,2568,,2560
{'n': 4010},231,1723641590540,3970dea2-89cb-4f73-8171-f60076816b19,2001,181,2048
{'n': 3910},323,1723641598555,3ecfd0dd-d921-48a2-be53-0107aefacfd3,1850,,2944
{'n': 5810},328,1723641593665,96f8604a-351d-4bcf-9865-9e8c52c2720f,3000,,2560
{'n': 4510},66,1723641596110,495f7514-2ed6-4b0e-97a1-34b9184a5189,3000,,128
{'n': 4610},277,1723641596333,becd339a-eaa4-4dd7-9ff5-f4299f7c11ca,3000,,768
{'n': 2010},238,1723641590688,d98a8210-09a4-4c74-ac34-50d96b0cc437,475,,2048
{'n': 2710},215,1723641587989,13c57f39-66a7-4d1c-8f74-a618eba38e3c,1052,,1792
{'n': 3510},205,1723641589455,22184779-7a29-4fae-b26c-3e4e175c4b6d,1444,,2688
{'n': 3710},83,1723641587737,b2366bc4-9c47-400f-bcac-381df7cb27a2,3000,,256
{'n': 310},49,1723641586349,89ff4be6-c30a-4a07-ba61-e287697389fb,9,,2816
{'n': 1310},87,1723641586345,ac42c90c-8e0d-4a34-a63b-43c9af3590ad,217,,3008
{'n': 5210},378,1723641604273,c8135cbf-e4f5-408c-9870-9ff04ce2990b,2881,,2944
{'n': 1010},71,1723641585771,027cb144-4ad2-4f4e-8c89-22cdbf0d23a4,120,180,2560
{'n': 8810},425,1723641614651,937aab7d-3d9c-4038-b864-886ec2cf2682,3000,,1920
{'n': 9510},117,1723641613528,3ee8cc5d-2273-461c-8765-3bfb2ee312d1,3000,,384
{'n': 5110},143,1723641598517,69e38dc4-6947-4502-a945-67884f787af3,3000,,384
{'n': 6410},361,1723641597995,89e42924-bf93-4861-be63-d06a7018dc47,3000,,2816
{'n': 4710},271,1723641590330,eebfe1a5-aff9-4a8b-ae9d-0cec3628adf9,2334,,1792
{'n': 5210},130,1723641598574,89d042d6-30d3-4247-9cbb-7257e2866d5c,3000,,384
{'n': 5510},403,1723641602269,52772be7-3987-4c92-9d1b-217c86c1ecfe,2948,,2560
{'n': 810},61,1723641587023,14d30ed4-9a79-4e8b-ad57-b1aa3dfef6e4,793,,128
{'n': 5310},301,1723641592954,dce480a1-b263-4274-924f-3ddd67c58825,2766,,1792
{'n': 2510},151,1723641586657,67772a9e-e261-481e-902b-07458687fae3,1712,158,1024
{'n': 2710},242,1723641591367,069abfb0-775a-4ef3-988b-c8962cb6eec9,1687,,1024
{'n': 610},53,1723641585551,0cd0b13f-5ff1-4fc1-887f-4a4f57b67334,41,184,2048
{'n': 4110},66,1723641595377,4afc08f2-c736-42f6-b5ae-56b044b535c1,3000,,128
{'n': 6910},292,1723641594850,96fc17c2-2e2e-430d-836d-92aa2e73b4d0,3000,,896
{'n': 2010},199,1723641591439,9ed2e918-a2f0-45ed-a437-a9cc38bc78e5,584,,2944
{'n': 3910},131,1723641594769,5c086515-1267-48f7-87cc-578fb217c3fa,3000,,384
{'n': 2010},134,1723641587692,a4b10376-d077-43ce-8e34-d8f799ad037a,553,,2816
{'n': 2810},167,1723641587649,0faf4588-dc1c-425d-8730-838478c62b15,2789,181,768
{'n': 310},46,1723641585067,7b67b7cb-6f06-4002-9e42-7e4b023ed256,39,183,384
{'n': 3910},279,1723641596827,53734e6c-1474-4ac2-a8dd-3e15c1e16af6,1866,,2560
{'n': 7810},444,1723641610292,dee73619-139a-41d1-8bcf-d89eeea41b2a,3000,,2560
{'n': 8410},406,1723641603918,78e8571c-4267-4ccc-b274-e37f5b942576,3000,,2816
{'n': 2810},167,1723641588794,6b88baf9-b809-4c31-9ddb-7e720fd536f5,1091,,2048
{'n': 7710},454,1723641603407,d59e17b1-8f79-4c7e-9332-ae5c1aac000b,3000,,2944
{'n': 1310},241,1723641588857,974f3eb7-43a7-4d27-bfd2-d9462d116b92,572,,1024
{'n': 9310},164,1723641603582,0a4107aa-a720-4421-afaa-aea0ff59dd1f,3000,,384
{'n': 2010},237,1723641589933,95355684-3fa8-4e78-8860-a1d37ca9d27d,1509,,896
{'n': 8810},242,1723641611413,9226acf4-2ef8-44e5-9da6-368921e1619d,3000,,896
{'n': 9710},457,1723641620310,a3533802-f366-4b1d-9d6e-7f6ea48909e4,3000,,3008
{'n': 5810},366,1723641605917,b17d2d2e-d997-4169-b2b1-32155b1076ae,3000,,2944
{'n': 6710},416,1723641607455,5ecc4ddf-a53e-43d2-9f4c-f638d5607df4,3000,,2560
{'n': 110},84,1723641586313,dcbd15b9-e1ab-43a7-8fb3-520dcdd2f389,3,,2688
{'n': 8610},367,1723641600946,c5af1c36-66b5-4368-b26b-ad15a0d80cdd,3000,,1024
{'n': 7910},425,1723641611353,e0e1199b-0274-4cdb-94d8-ab136a9ca5d5,3000,,1920
{'n': 4910},246,1723641596488,c9ddf851-06dd-4d35-a908-e18c0a42d8b4,3000,,896
{'n': 9310},315,1723641613113,ecf46f8a-7a50-4f70-96e9-45abac57906a,3000,,1024
{'n': 3710},215,1723641590091,daa56f0e-3711-4af1-9604-3f13fe5b0873,1780,186,2816
{'n': 4310},247,1723641590697,0d697067-3a6b-456c-ad2a-a20660ea9459,2210,184,2048
{'n': 2210},66,1723641587755,9b1e4f22-1a3e-4590-ae37-3b24213ff111,3000,160,128
{'n': 5610},269,1723641590168,517f824f-10bd-485f-9930-c2d995ad2548,3000,,896
{'n': 2810},167,1723641587122,e6c735eb-57ac-43de-88fb-5e5a8473cecb,2141,202,1024
{'n': 8510},438,1723641613574,b2c31ddf-d839-4432-ab02-59ed53cccf34,3000,,2816
{'n': 7810},274,1723641597669,b58a74a2-910a-4db7-a9b9-865798bb903b,3000,,896
{'n': 1710},108,1723641585829,df1fc4a0-82e1-4f1a-9cc1-eae882aacc6b,852,186,1024
{'n': 2610},283,1723641592038,11b3a21b-9e05-4a2b-a04b-870dcac7b234,899,,1792
{'n': 610},53,1723641585362,b9739672-1aec-4827-bfc3-f606acbf2168,69,187,1024
{'n': 6110},351,1723641608650,fc2f6653-78e8-4005-bea6-d4f0d9a4d625,3000,,2944
{'n': 3510},205,1723641587918,9896ff40-c2f1-4b24-ab99-dec56087d7ac,3000,181,896
{'n': 9910},461,1723641618149,ca529724-f031-4d7f-9e14-e852f2d2787a,3000,,2560
{'n': 410},108,1723641586051,a734b9e8-e982-426f-81b7-9db3a0fcecf2,17,,896
{'n': 2110},283,1723641590637,921b76d3-2c1d-4917-9fec-713c30b08eab,608,,1792
{'n': 9310},276,1723641613114,4fb0d39c-5fc4-4f43-a958-c0e910872264,3000,,896
{'n': 410},87,1723641586337,746506c6-e956-44da-8f36-3289163b61a8,11,,2944
{'n': 810},61,1723641585453,fe802b58-dac2-441f-9f75-1ed6bcd64e8f,517,146,256
{'n': 3810},247,1723641596514,3ba50152-70ad-49a9-bc5d-c2858317637c,1504,,2560
{'n': 2610},156,1723641589119,361fbd5b-4b39-4876-8ebd-7dad38ac3e11,1042,,2944
{'n': 2610},156,1723641588023,9581c60a-919b-42d9-8c7e-533c6aa133e7,1021,,1792
{'n': 9310},445,1723641606773,f1742194-b59a-40d6-8d00-765cce5bb397,3000,,2560
{'n': 1110},76,1723641588119,b70ae036-6574-486f-b17a-d2a6ef087422,155,,2816
{'n': 8510},92,1723641610350,711e208d-9739-45bc-9f10-526e250e08fe,3000,,256
{'n': 4810},301,1723641599236,06b7b4dd-d859-40e9-a473-c98b124dba35,2446,,2048
{'n': 7710},387,1723641600386,5a093e92-2c9b-436c-bbaa-07f5408566dc,3000,,2688
{'n': 2110},130,1723641586652,68fa78e9-7cff-4c9b-bdb5-7bb8fdaa86d0,1867,189,768
{'n': 9810},464,1723641618093,7832f8a0-2af6-4634-ab95-d5be8903e115,3000,,2560
{'n': 9710},462,1723641607730,cbc729b0-6e47-4a28-95c4-5cae57d2a2ba,3000,,1920
{'n': 8110},393,1723641609047,8e7f4a76-b95b-4c24-b1a7-dec211fdba1d,3000,,3008
{'n': 4310},249,1723641590353,e9de2f9a-5e3b-4499-a914-c7c46ad288a6,2060,,1920
{'n': 5410},356,1723641602310,b6f5e4bf-dbc1-42ed-b9c7-2c80c2a10f96,2881,,2688
{'n': 7110},398,1723641598833,c484ae10-76d6-4467-842f-44607dd81184,3000,,2688
{'n': 3910},263,1723641596725,213cc41d-1cbf-4aaa-976d-e219c9686de5,1754,,2816
{'n': 7910},291,1723641608122,5fa7f27f-479c-4aed-8b37-69a62bc872ff,3000,,768
{'n': 2210},135,1723641588005,5a840bb1-186f-4b76-ae64-5a54eef8d3a8,678,,2688
{'n': 7710},252,1723641606675,637d5846-3b4d-49dc-b22d-f8dae97fc78f,3000,,768
{'n': 8510},296,1723641610351,b145888f-cbb9-482d-a7cf-689fac3ef185,3000,,1024
{'n': 4310},218,1723641596098,c4604311-0b5f-4cdb-9ad0-7c01d04ddb99,3000,,768
{'n': 6310},271,1723641594829,3aca3116-70bc-4cae-ade2-5822b041edf1,3000,,768
{'n': 4710},328,1723641600766,a4c102db-3f17-46bf-a019-20c75c8aa6cb,2301,,2944
{'n': 8710},287,1723641601143,f66317f6-abc3-4c42-bed8-398a0d48e80f,3000,,896
{'n': 1510},97,1723641590423,976b3057-eef5-45e8-b2fe-94a77986ad7a,361,185,2944
{'n': 6910},87,1723641604302,ae3eab96-0d62-4b08-9bee-de9779e0f7ce,3000,,128
{'n': 4010},66,1723641595916,09f6eb19-05e5-452e-8a69-0cc02c0c5388,3000,,128
{'n': 3210},153,1723641587975,d9ae8ef8-75de-4df1-81da-35878a87e360,3000,179,384
{'n': 2110},224,1723641590533,75f720ac-b3f1-49b4-87e8-104cf61add4a,1889,,768
{'n': 3810},81,1723641594820,ea0b6bb2-9d78-41db-a1b7-9b77338f1d90,3000,,128
{'n': 7910},135,1723641608105,495e3bdf-82d5-4fb4-9bce-67e5dea4cf1e,3000,,384
{'n': 3410},199,1723641589843,9b565c2e-490b-4861-9467-2f8790f12e8a,1547,187,2816
{'n': 9510},450,1723641616729,742a6d02-1055-443f-bc81-16fc71ea6b8e,3000,,2816
{'n': 5510},85,1723641590171,2b8b9e80-112b-4bb7-a028-e31f32246e93,3000,,256
{'n': 4510},82,1723641587989,1ee4f9ca-3b43-4224-af71-91b50e545a62,3000,181,256
{'n': 8910},429,1723641605069,72259e39-f1e7-44b5-814c-6e681138a5b4,3000,,2560
{'n': 9510},451,1723641607315,1298d7f3-1f9f-42ea-86c8-6edca0c4eac8,3000,,2816
{'n': 8310},84,1723641609359,38d45d42-26c9-46b8-82c0-30121fb5f3ef,3000,,256
{'n': 2810},215,1723641594212,16c05826-4a81-439d-8c86-d531b9f4048f,1033,,3008
{'n': 6910},387,1723641597872,613d6669-08ba-45cc-b4c3-c5ef2e8b986f,3000,,1792
{'n': 410},48,1723641584853,89c365ec-0fb8-4e2c-ae6a-047258d7ea87,35,182,768
{'n': 9110},438,1723641618740,3e01771a-41d4-4098-a896-f22a1f7027a7,3000,,2944
{'n': 8910},429,1723641607945,9525c7b6-82d9-4864-bf3f-bb553f886e33,3000,,2944
{'n': 1010},122,1723641587318,ae5fc9ef-a64c-4bea-b3b8-57d0935693d6,76,,2816
{'n': 1210},81,1723641585599,21d3e520-ac32-429b-9728-174a87f5839f,205,,1792
{'n': 2510},151,1723641586933,37711afe-0000-443f-8185-81cdef2414f3,2069,160,896
{'n': 2310},210,1723641592705,b6bd5ad5-c76d-4a74-9dcb-81229cfb55ca,712,,2944
{'n': 9910},98,1723641614968,e1fc3323-a202-49c3-9091-59a6f388bef9,3000,,256
{'n': 910},66,1723641586557,20c03b2d-6d59-4650-86db-a7b7325a1203,69,,2048
{'n': 3310},194,1723641589965,4e898cd0-bfd0-42f6-83dd-437403d0c6ab,1536,189,2560
{'n': 3410},323,1723641596097,a323a1ca-d29e-4d21-9a09-3a914934d098,1661,,2048
{'n': 7410},393,1723641609195,29c46249-42aa-483b-a513-9dff6f7c6eb3,3000,,1792
{'n': 4910},279,1723641590924,0e9831bb-f505-430a-9829-d6e6f9c6ecbb,2600,186,2816
{'n': 4010},232,1723641597783,9cf56991-f42b-4ca3-a52a-a960457a87d0,1863,,1792
{'n': 7310},320,1723641605740,478b486b-f902-477e-97e1-0c6d18517483,3000,,1024
{'n': 7910},420,1723641611358,2348440e-b57b-4670-9c93-bd3cab03d1d3,3000,,2560
{'n': 6410},402,1723641597829,4e7e9dcd-03f8-45f8-8579-0d0e500b5c77,3000,,1792
{'n': 8110},398,1723641609035,c353472f-08c2-4ecc-b1e8-5c0a1848f976,3000,,2944
{'n': 5310},133,1723641599012,08630e5f-0c6d-4408-b78e-f576bdebb1cc,3000,,384
{'n': 3910},238,1723641589634,83ec5795-1899-4549-8528-96aadbd5bf80,1748,,2048
{'n': 7710},448,1723641609843,b587e6d8-564b-45bd-877b-e11e915ec47a,3000,,2816
{'n': 4910},82,1723641587693,bbf21fe8-a35d-4061-940c-82767a5996a7,3000,180,256
{'n': 8010},389,1723641601725,385fc75e-686b-4c87-963a-6cb3f146f14d,3000,,1920
{'n': 3310},66,1723641594360,2dc73c27-8911-4cda-a5a8-2b3e4d073489,3000,,128
{'n': 8610},286,1723641610428,79ca4674-07dc-4f17-af95-2c297baf1933,3000,,896
{'n': 1110},76,1723641588093,bb81b732-6284-4c88-bc15-72fb76fd2370,156,,2688
{'n': 4610},263,1723641590720,f24396c2-8976-43cd-a23f-4fa9653e48ca,2417,185,2816
{'n': 1810},114,1723641591204,10173066-9896-4c47-a81b-d8795d6cab5a,3000,,384
{'n': 110},44,1723641585552,9f6d526f-5cba-437e-8e6d-2125bbfd08d2,7,179,1920
{'n': 3410},384,1723641595757,0abe59dc-219b-4671-aca6-a2a137491d32,1388,,1920
{'n': 5010},351,1723641601206,72bd25be-3759-4343-aebe-fa050aead761,2565,,1792
{'n': 3910},323,1723641596622,bc3f2c27-955c-4896-b7a3-952eb32c84ce,1799,,1792
{'n': 5110},116,1723641590119,2e79f8cf-cb00-4571-8f25-dd63c35d94bd,3000,,384
{'n': 3810},269,1723641596532,c3c89a82-5aed-4700-a059-4f47dd2ae817,1525,,2816
{'n': 1710},108,1723641585872,5390a586-1220-40da-9b3b-466200086643,1006,162,896
{'n': 1410},156,1723641589585,87738603-1ee2-4c88-a9da-4c1294edba24,188,,2816
{'n': 9810},459,1723641618087,3d4c453f-1ca8-40d2-a676-733ccd9d9f7a,3000,,2688
{'n': 7410},361,1723641609349,873531ed-9b3e-4e3e-89d2-7f2acd743977,3000,,2816
{'n': 8110},393,1723641602444,bf199636-8c7d-48c5-9286-fb8b8cffed65,3000,191,3008
{'n': 710},65,1723641586545,508bab69-1b8c-4462-8bc9-5e3ff5aff166,39,,2944
{'n': 5010},288,1723641598658,dbe6ca14-210b-423b-8f44-89bc88090865,3000,,896
{'n': 5110},66,1723641598595,b22fface-f023-4c91-ab6d-acb8a41bf008,3000,,128
{'n': 9010},435,1723641605869,d7df7bb7-6eef-4a48-a60c-9b2895fa6c81,3000,,1792
{'n': 8410},406,1723641606938,22db3eec-3b48-4be9-b831-92da4eb35367,3000,,3008
{'n': 3210},205,1723641596159,8dd3f54d-15b7-456b-ae60-59af3ca4533c,1313,,2944
{'n': 610},97,1723641586139,86b755c6-2843-4bbb-b464-aed6ae951f93,43,,768
{'n': 6210},350,1723641598013,ff07a9a8-f490-4c50-bedd-7d9f7128b25e,3000,,2688
{'n': 5010},285,1723641601154,3298ab4a-012a-45f4-9a90-8979fffca0ca,2316,,2560
{'n': 8610},416,1723641604135,f1a4b888-3053-4e94-ae9e-444a29b11303,3000,,2048
{'n': 110},44,1723641584977,bdb2b56c-b131-43e0-bad0-7e4e4bf30cad,6,181,1024
{'n': 6710},439,1723641607342,0cf2e548-5953-4f21-bb08-0ed3dfbfed3d,3000,,1920
{'n': 8610},416,1723641607110,a571dc87-83df-482b-be00-bb5a775a2f98,3000,,2944
{'n': 6210},420,1723641607396,18d6dde1-b38d-4523-bb2d-89cade59a7c1,3000,,2816
{'n': 5010},393,1723641601458,f51b1524-6be3-4de6-83b4-c5b53ab443dd,2623,,2816
{'n': 810},61,1723641585050,4df8db54-dd96-435d-a547-36057611b862,171,183,768
{'n': 6210},350,1723641598018,466f7df5-a628-4eff-86e1-d91a0e4dd33c,3000,,2816
{'n': 510},108,1723641586122,cd5b5e6e-63f1-4153-ac62-d378f552277d,18,,1024
{'n': 2210},135,1723641586518,0aad664a-ba68-415f-81d4-4410bd964ca8,1629,182,896
{'n': 9010},434,1723641606006,9a21a28d-d99e-4f72-9882-ad48a0743d1b,3000,,2816
{'n': 4310},299,1723641596094,5657a48b-cdc7-4d8d-b579-2bf4af6e715b,3000,,896
{'n': 310},46,1723641585646,b1fa865f-f1c8-446c-9645-876687b439eb,12,162,2560
{'n': 8810},425,1723641617686,85af2797-02b9-4485-a102-9f1bce72697b,3000,,3008
{'n': 1910},119,1723641590975,623825a0-c6b0-41a1-ac96-f95e3fa7978f,545,,2944
{'n': 4810},275,1723641590478,0c1c3fed-e7cb-4540-b5e5-85d86caea7e2,2449,,1792
{'n': 2610},167,1723641588855,304035a2-c577-4425-86b8-f954801a3a8c,985,,2688
{'n': 6610},371,1723641601061,7561cfb9-d7a3-49cb-a608-4cd89e517a74,3000,,3008
{'n': 7910},68,1723641598609,4f91e26a-9b23-422d-babd-314fbf0c6c87,3000,,128
{'n': 1310},87,1723641585744,a7b6b61f-584a-4707-a055-a9de06483b3f,196,,1920
{'n': 8610},455,1723641604181,b4b0097d-9563-470d-a801-90b94dffa92c,3000,,2816
{'n': 6710},377,1723641607477,38403dfa-40d2-4557-849b-5e22f9d621b7,3000,,2816
{'n': 7710},296,1723641606726,37068baa-0d1b-475a-8292-9b8b31bef35a,3000,,1024
{'n': 8710},420,1723641616640,67c372f0-55f8-472d-abd6-eabd5d927793,3000,,2944
{'n': 9610},335,1723641613786,f615966f-9878-4966-8b2d-57d79fdbc79b,3000,,1024
{'n': 4810},81,1723641588006,b56892e9-c2fb-4815-a0d3-72b06aa3699b,3000,175,256
{'n': 2410},246,1723641590507,1e899618-c322-4c15-8490-c0887d11d195,1498,,1024
{'n': 4010},231,1723641590473,8c074436-4ee8-42ca-b941-f80a77d0f630,1939,180,2688
{'n': 3310},81,1723641588092,178a79fb-a2fc-4d14-8274-7b8fdb39a57a,3000,188,256
{'n': 710},57,1723641585449,c85ae8c4-87dd-4bd8-a7ae-9dc7a2cb92eb,60,187,2048
{'n': 1010},76,1723641587167,4af6ab99-17b7-4c22-afb8-c5febc01607a,87,,2560
{'n': 7310},408,1723641608937,d1b6d2ca-71e6-4026-8944-1f2461d24dcc,3000,,2560
{'n': 9110},98,1723641612576,249881e4-412c-454e-b091-69e7d1699f48,3000,,384
{'n': 6810},106,1723641594821,fcc89ed1-8c93-468e-bd90-90804e7d8569,3000,,384
{'n': 5710},283,1723641590152,6c0de982-7296-496a-81db-265eb433f046,3000,,1024
{'n': 1910},176,1723641589814,60951b41-42d9-4c87-bcbe-c43a496e0351,509,,1792
{'n': 110},57,1723641586304,8dd0a28d-fb28-4fff-9ad6-50296c98b550,3,,1920
{'n': 210},44,1723641584909,2726b4d9-e6ee-4319-a98d-b959bb809f32,98,187,128
{'n': 4210},82,1723641595675,00befcdb-19f6-408b-9609-8ca60a8e5215,3000,,256
{'n': 3310},194,1723641589831,07042f30-0321-40dc-ac7c-5961ae7d360a,1433,182,2688
{'n': 6010},378,1723641607335,2452a033-156c-4ede-8526-480301907275,3000,,2944
{'n': 6710},66,1723641604213,109f9700-c963-441b-a72b-e2625af0d06a,3000,,128
{'n': 5210},260,1723641590132,2ced534e-3da2-480b-a1f7-1dac73e629eb,3000,,1024
{'n': 9310},441,1723641616331,900f0544-c7f6-45c1-b8f0-38f6b56a277d,3000,,2560
{'n': 5310},387,1723641604510,6404fae7-44cd-4c04-827e-c23d9b4bede0,2756,,2944
{'n': 710},57,1723641585128,7d89a4b3-dfa6-4a38-96f2-b3b68f3394bd,267,182,384
{'n': 3110},185,1723641590648,be90e99e-c0c2-4d6b-9046-859d0df5c844,1312,,3008
{'n': 6810},382,1723641607381,53f562e3-f370-4366-ba6b-afd33a4a3c94,3000,,1920
{'n': 6510},422,1723641610528,e3787b42-1b20-4e95-8dfd-c821f1f8d977,3000,,3008
{'n': 8710},113,1723641601082,123ef1a6-9339-417d-9df7-3600dde30295,3000,,384
{'n': 5310},336,1723641601942,17350509-6977-406e-b998-9a8e9546daf4,2712,,2560
{'n': 2910},172,1723641589549,67bfca2b-2a58-4902-9853-b3fa4accbbc0,1223,181,2048
{'n': 2810},167,1723641588999,90925353-5441-48b2-b27a-3afc2bfc0b23,1160,,2560
{'n': 5310},126,1723641590153,85cc1ae5-9f4e-4c71-b092-c36f91b902c4,3000,,384
{'n': 7310},356,1723641608967,8ef5b2ee-c99a-463f-911f-3e4aeec5a3ca,3000,,2688
{'n': 8210},397,1723641612475,02048342-277c-4ee2-98e5-2091afc9ce0c,3000,,2048
{'n': 2410},82,1723641592063,c01a7e38-7211-41e6-bcbe-e60bde1424e0,3000,,256
{'n': 4710},99,1723641587907,9d1cc504-3640-4bc6-afe6-bdb7dbc0b008,3000,176,384
{'n': 3110},312,1723641594437,64d7b066-b35b-4012-8db2-afdd65e384e2,1219,,1792
{'n': 1510},98,1723641586252,e8f73bb1-f3c0-49a2-9613-e3658cc6ccbd,316,,2048
{'n': 610},76,1723641586185,4fef9184-9e35-47fc-aaea-56bf38356f9e,117,,384
{'n': 6410},391,1723641600910,0dde4243-d10e-4da4-a36f-b80d08500743,3000,,2944
{'n': 3410},291,1723641594141,31e780cf-a4a9-4746-82e3-532b38bea857,2888,,1024
{'n': 3910},65,1723641587833,45fa9abd-7276-4857-af54-5b253767f3ba,3000,183,128
{'n': 5410},258,1723641599237,06de2917-9913-4d8c-a575-45561647578a,3000,,896
{'n': 3210},188,1723641589587,44ddadd7-bd69-4445-86df-c7fcc49df5ef,1346,158,1920
{'n': 6010},66,1723641601134,4bf4fa95-864d-4970-a2a2-32e11c6f77d7,3000,,128
{'n': 5110},345,1723641601211,cfbd5773-21a7-47dc-9fc6-962ecab021b3,2490,,2048
{'n': 3410},328,1723641596033,6005be0a-e5c0-493a-9eb5-3920c5d23b13,1585,,2560
{'n': 7410},361,1723641609358,f0b9c096-b4e5-4965-a751-2a026330215a,3000,,2688
{'n': 2210},188,1723641590228,16c69d7b-b8cf-4b74-afa5-ab280d42a4dd,1403,,896
{'n': 3110},247,1723641595262,b4e90d93-f744-41e5-95d1-7bc93ccf8d64,1204,,2688
{'n': 3710},215,1723641588011,bb86ad97-9b79-44a0-922f-e5d27d1a096a,3000,184,1024
{'n': 8610},448,1723641613589,9cc92022-8b25-457b-9cf1-9b90239209ac,3000,,2688
{'n': 7710},376,1723641600335,42e4c63a-2ff4-4843-aead-c1c42663a24f,3000,,2560
{'n': 7210},140,1723641595864,a9c25e70-9c99-442d-9e68-97c36a001218,3000,,384
{'n': 7810},380,1723641603791,d553ed5f-0653-4bd6-b29c-58a76e53372a,3000,,2944
{'n': 9910},458,1723641608549,d994b8a9-5dd7-4ba8-b85c-4e1d85f545cb,3000,,1792
{'n': 5410},264,1723641590139,e9b4aadd-7373-446c-b4ff-aead3ecd1b5c,3000,,896
{'n': 4210},242,1723641590401,8770d46c-0767-4b93-a674-a4da93117162,2164,184,2688
{'n': 2610},231,1723641593468,4ebb9c46-466d-4f0d-b560-67e350e73e73,938,,2816
{'n': 9210},442,1723641609762,4bb2ec5c-7ca4-4beb-bf6e-9bc9262a6350,3000,,2944
{'n': 1010},71,1723641586543,838afebb-178f-4b84-9089-439cc6b9791e,1777,183,128
{'n': 9810},464,1723641618010,604f6fa0-0583-45dc-a31b-b6def31f08f2,3000,,2048
{'n': 7110},425,1723641608256,0bee5743-a801-4714-b7ab-274b3df0c4c3,3000,,2816
{'n': 410},48,1723641585644,30ddd9f7-5de4-4c0c-a65b-91e5b4073891,21,185,2560
{'n': 4110},98,1723641587859,2298ae7f-6876-4b47-830b-088acd299ea5,3000,164,384
{'n': 6510},366,1723641607422,525610a9-4c2a-4dc8-9384-c5fc338e7b1a,3000,,1792
{'n': 3010},178,1723641588015,1096c6ce-35ea-46c0-97ce-bd1dda72b42c,3000,186,768
{'n': 2210},135,1723641588048,3efa5b3a-fd08-4eb5-abb1-ad68639b9620,765,,2560
{'n': 1710},163,1723641589820,6986948c-e068-4a82-ba2d-81f45088d049,405,,2048
{'n': 910},81,1723641586568,c8433c6f-c7a1-4c35-b190-c937fd042019,323,,384
{'n': 4110},237,1723641591913,8709c5da-7391-44b8-91a8-560ddb51b911,1894,,3008
{'n': 4510},227,1723641588030,9a24866f-0868-4657-91c5-de067902f94b,3000,186,768
{'n': 5310},301,1723641592798,c73212c4-7a0d-4884-865a-e27cf0cd76a7,2568,,1920
{'n': 6110},136,1723641592935,111d2356-def8-4581-aa6d-6e157dc4c482,3000,,384
{'n': 6510},118,1723641594847,81bcfdec-41a8-4cc1-b8da-47f1810c57bb,3000,,384
{'n': 3610},243,1723641594650,bd83c29f-265b-4439-82a3-5fadeb52865c,3000,,768
{'n': 1410},183,1723641589049,47c1aef5-6304-4e80-8e93-4a092e54ddc9,232,,1792
{'n': 1810},113,1723641586300,b56eea49-f98b-4c02-a39d-ff221d1f047c,1363,187,768
{'n': 4210},242,1723641590170,0ee45182-bc46-487f-bc25-5a1b21806c28,2046,,2816
{'n': 9610},461,1723641616982,3e321380-701a-4b80-ac22-88289b788ce9,3000,,2816
{'n': 2210},135,1723641586458,a28d6380-ec03-41d1-9c4c-3b88846197c0,1480,187,1024
{'n': 310},46,1723641585865,a9fddfc3-1415-498f-9c82-63d7c8bd2985,14,183,3008
{'n': 5210},65,1723641598599,d86833fa-8bb8-4881-b557-e3e74a378c1f,3000,,128
{'n': 9510},277,1723641604147,a51ac38e-9c09-4fc1-8513-2d94ab85311d,3000,,896
{'n': 1410},100,1723641586421,e52e90c5-d862-4fd0-bcd4-ea8ef2a89f31,249,,2816
{'n': 6910},389,1723641607476,218f06c4-c835-435d-aa74-aafabc277af9,3000,,1920
{'n': 510},50,1723641585288,28eb2d86-7ed4-489c-bc2c-ffe118356c65,31,186,1792
{'n': 9110},438,1723641615863,93e13622-9a45-438a-aa85-5246c7204783,3000,,2816
{'n': 110},44,1723641585006,b4628c83-2547-423d-9099-f9323e52a993,7,191,768
{'n': 3210},189,1723641590400,112ede72-7a49-4c18-a1de-bebaa1d2168c,1396,,2944
{'n': 8910},291,1723641601878,98add1f8-2064-41ee-98e2-c7bcd48ba627,3000,,1024
{'n': 2010},242,1723641589605,14e6b9be-59b0-4aee-ad30-cc5e2b267e31,1182,,1024
{'n': 2510},127,1723641592193,17b6bda6-e17a-4eae-80c8-7501742007c2,3000,,256
{'n': 8510},412,1723641607102,7cde04a8-4883-40c6-b13b-adbb03708811,3000,,2944
{'n': 8910},341,1723641611311,0184b12e-c70e-46b0-adbf-00784db4e753,3000,,1024
{'n': 210},44,1723641585433,dce5d341-e60b-4eb1-a847-4219d478c016,9,185,2560
{'n': 10},43,1723641585669,ae1235f4-7c4d-4cc8-ab17-3a31ca1cf4fa,6,185,2944
{'n': 6210},350,1723641597850,c6c497e9-d262-42f4-b1cd-838f2cdba9d0,3000,,1920
{'n': 4510},227,1723641587999,b927b2ad-58fa-40e3-9470-77e5f718c82b,3000,182,1024
{'n': 7410},384,1723641609279,9c667ab2-754f-4281-8f59-ea45b276ec61,3000,,2048
{'n': 2910},146,1723641588086,2ac2f606-8bf4-495c-aeb0-4e1ffe056cbf,3000,187,384
{'n': 8110},83,1723641605749,8f51c02d-8303-4943-9436-321f905c8b04,3000,,256
{'n': 4610},97,1723641587877,27e7d318-82a0-4524-8114-454865e575e8,3000,182,384
{'n': 4110},81,1723641587755,b2d40404-5123-4349-86b5-a795a48d8ee7,3000,191,256
{'n': 8410},224,1723641600724,dbfd8ea6-c73f-4965-aa53-d259d47f02bd,3000,,768
{'n': 5610},417,1723641605503,56b176ce-f7b8-4e60-880e-edb7587ed92a,2928,,3008
{'n': 5210},71,1723641590128,2b568617-ee14-46af-83bf-907bf08ecbf6,3000,,128
{'n': 5010},287,1723641595163,2fc9dd99-ee04-4c9e-a088-3e49d533acdc,2480,,2944
{'n': 8110},335,1723641605765,befc9cc2-41da-4e28-bb01-d641d14d12d0,3000,,1024
{'n': 2110},130,1723641587905,91bf2529-41a0-4859-843a-42d0f359eaa5,3000,180,384
{'n': 6710},380,1723641597925,f1027947-4608-42e7-ae29-89a16f0beb1a,3000,,1792
{'n': 8510},312,1723641610349,3c3025cc-3915-4412-92a1-c936c2348e3c,3000,,896
{'n': 1210},82,1723641585900,28a31cd7-9ac3-480c-a58c-3f1e74e14249,183,,2688
{'n': 7210},199,1723641595843,0e790362-a2c7-4102-a230-6435147d2e75,3000,,768
{'n': 3810},221,1723641590184,d46bc1dd-efdd-4f7f-94d7-dcf77167aab1,1923,188,2688
{'n': 3910},106,1723641587896,d2e17553-d9d2-42bb-9667-4e401ff7062f,3000,183,384
{'n': 2110},136,1723641587685,d4633927-aa4e-4a9e-b31f-f7d513d02c04,629,,2560
{'n': 5910},261,1723641590713,27d13bd2-5e67-4a98-a5e5-527fa5c58bc6,3000,,768
{'n': 5710},106,1723641590181,a3b85324-2ada-4e2a-b98a-54200779635b,3000,,384
{'n': 8010},391,1723641611256,3dbcf870-1094-46ca-8c1c-c02b5b2420f1,3000,,1920
{'n': 8110},393,1723641598943,44f403d0-f169-49bc-8557-13f34a4bbce8,3000,,1792
{'n': 510},50,1723641585653,dde8e518-2ecf-4f16-b078-e10a88be9d1c,30,184,2560
{'n': 7710},395,1723641609694,7b641476-64e2-4e32-aecf-1c45d85edb0b,3000,,1792
{'n': 6510},331,1723641604484,e1b89970-7919-4bc6-8e80-95f83cfbadf1,3000,,1024
{'n': 9310},448,1723641609858,c6815fe9-8b4b-4372-ac6c-4acb36fe9a34,3000,,3008
{'n': 410},48,1723641585638,d320c3e4-314d-4b55-bc2c-de337d8b78b5,21,181,2944
{'n': 9310},512,1723641619293,918d9d04-0431-47f3-9351-1c11f3cc2b31,3000,,2944
{'n': 7110},156,1723641595632,0fe7d50d-efe5-482a-8dac-d9c8f7dca348,3000,,384
{'n': 210},92,1723641586214,f5016886-ef49-46bf-a56a-df12d6114bb4,4,,1920
{'n': 7210},440,1723641599095,56446772-2573-49a7-a44b-d1a637d00ca3,3000,,2816
{'n': 910},65,1723641585395,c8f5db0a-0230-43b4-b714-8908d6c9dd15,94,188,1792
{'n': 5510},105,1723641599188,fba42be4-33da-4666-bb2d-1102f2ce498e,3000,,256
{'n': 4410},253,1723641596202,839944cc-77d8-4efd-966d-60c6831311be,3000,,1024
{'n': 2710},275,1723641592398,c29f7ef2-dada-4433-9e73-34ff5505a9ef,987,,1792
{'n': 5810},328,1723641593501,2a7f54f9-ea1d-4ec4-8854-497819cf5f5d,3000,,1920
{'n': 1710},108,1723641586344,c6fc35a2-6296-4645-866e-f31c4be2c7e3,413,,1920
{'n': 9710},335,1723641614074,f503cb86-47e0-4431-8fc0-e8f17bb2c1dd,3000,,1024
{'n': 2210},263,1723641592123,3549c5ab-25b7-47b2-867e-b6cc97af58c0,606,,2816
{'n': 110},44,1723641585855,00c2c9d7-edb9-42d6-ba6b-a56e99468198,7,182,3008
{'n': 7710},438,1723641609807,7047d236-3686-4427-8533-76a97f709be9,3000,,2048
{'n': 910},65,1723641584984,b5fd2d76-1741-45c6-a63c-31371453e9f7,208,181,768
{'n': 6010},386,1723641607345,0b95054a-f7b8-4389-8680-8cb55aadbf46,3000,,3008
{'n': 7210},431,1723641608801,621bfc12-4689-4150-9df2-f67902493887,3000,,1920
{'n': 6710},388,1723641598064,a420eb4a-55df-4a5b-baa8-e8e3866bff11,3000,,2048
{'n': 8310},434,1723641612583,23ab5757-3b35-4ad7-86f7-d2912e926db1,3000,,2688
{'n': 8310},435,1723641612581,8377ef62-832c-47a0-9526-d498ece850c3,3000,,2048
{'n': 2610},253,1723641591088,0883297b-9099-4057-90fd-e86ec8c7f0a5,1689,,1024
{'n': 5710},323,1723641602602,66858277-d502-4347-ae33-e47e702389d3,2948,,2560
{'n': 5910},395,1723641603356,510592b6-abe2-457d-ab11-8c4a493878f0,3000,,1920
{'n': 4710},285,1723641596083,c911a9a3-99fe-483d-83c3-ba90c8f0599d,3000,,768
{'n': 2810},167,1723641589443,00143e00-f326-4511-b00b-7394afea91d8,1189,183,2816
{'n': 2610},135,1723641592423,3411b33d-19a7-4784-8010-fb1394848c49,3000,,384
{'n': 9610},451,1723641616873,ee91f8c3-45a8-48bc-8558-ead53d51be5e,3000,,1920
{'n': 6910},455,1723641601000,cd706812-6b09-4afe-bf2d-cb38f3fe436a,3000,,3008
{'n': 4710},237,1723641587981,17db04d3-6535-44b4-9f0e-58cd08c914c4,3000,176,1024
{'n': 2510},227,1723641590808,8120b0d8-1ffb-4fcc-810c-fbc1f4599fd6,1641,,1024
{'n': 5710},323,1723641593257,ad5c0174-7910-4115-8be3-75dbd4a5802a,3000,,2048
{'n': 5310},391,1723641601887,c820ec22-07a6-41a7-8935-abb9f8e5fdb4,2820,,1792
{'n': 9910},293,1723641614934,185b8580-6d2f-49aa-94ae-f296a4591b38,3000,,896
{'n': 6510},291,1723641594860,81226890-f6a0-4f7e-afb6-6f83f095284c,3000,,768
{'n': 7110},352,1723641598845,573935e8-bc4a-4190-812f-8381198794fa,3000,,2816
{'n': 4410},74,1723641596171,333fa5be-2c80-46d4-8bd1-f435d51e70ce,3000,,128
{'n': 610},119,1723641586149,d478ca74-45b9-4461-8e7f-ece87db31972,38,,1024
{'n': 4110},241,1723641595405,bad4662d-7a88-4209-b8df-3c2ecb007ef4,3000,,1024
{'n': 6810},106,1723641594750,4fd67803-1bc2-4808-80ed-c85ce22487fb,3000,,256
{'n': 4410},224,1723641587903,8f92b696-307f-49a7-8bbc-b2e08a5acfba,3000,,768
{'n': 4110},301,1723641599259,3375ee77-841a-4a85-9796-15f1f2d908ee,1892,,2944
{'n': 8410},86,1723641610121,03c2cbfc-fc2a-4381-b627-8f90df02458c,3000,,256
{'n': 7910},383,1723641604802,4dbe6dfa-6ec4-4036-9d8e-7bd2332f8052,3000,,2944
{'n': 5510},67,1723641590144,303ea573-c838-49ce-8470-e3a380b8ea53,3000,,128
{'n': 1110},167,1723641587662,28e7be80-3f02-4b3d-abc8-e355c57fdd6b,247,,896
{'n': 9310},252,1723641603574,def408c8-77c8-4dee-b7c0-55c184aea595,3000,,768
{'n': 3110},183,1723641589281,b4d2fec5-b33a-4d53-806f-ebed4621673a,1429,,1920
{'n': 9910},463,1723641618010,ca058b25-f6c2-4a4e-ab91-fef718cf8735,3000,,1792
{'n': 6410},307,1723641594816,138da2a4-7f27-4bf8-996e-7df55ae6f3ed,3000,,1024
{'n': 7910},293,1723641608116,28654718-4a4d-4454-923e-f9aa14d86881,3000,,896
{'n': 5610},297,1723641590145,47b72745-8020-471f-afd6-ee46a692aa92,3000,,1024
{'n': 6410},391,1723641607395,c3dd15a1-2654-46fc-803c-f39aaa7413f9,3000,,1920
{'n': 4110},65,1723641587812,4b18e3e2-1bd6-4ea8-b894-8b73236447b3,3000,187,128
{'n': 5810},351,1723641593476,dade7e69-5dd2-46cb-a1b3-033728410b33,3000,,1792
{'n': 1910},127,1723641586645,540e51e0-2248-4697-a127-9e9cc8a1fc15,564,,1792
{'n': 5010},286,1723641592803,4d35416b-2fca-4810-8c95-bb1e1105503d,2466,,1920
{'n': 1410},92,1723641585938,14d5f1ec-57a5-46a8-b912-5e8b42d9f206,244,,1920
{'n': 7910},425,1723641614288,a0d8cbe1-5b76-4d0e-934e-7b35816f288c,3000,,2944
{'n': 3210},104,1723641594098,302be70f-b81f-4bde-b252-e760f34be75a,3000,,256
{'n': 1210},226,1723641588797,91b1bf0e-5c96-485c-a0fe-6be6b1c3ae1f,535,,1024
{'n': 6010},339,1723641594723,83904b3a-2df8-40d5-a07c-bded33763979,3000,,1792
{'n': 4110},263,1723641598377,48446bc0-ed24-48ec-b9cf-dab2259a88d1,2821,,1920
{'n': 1210},198,1723641588999,2d907cb8-5174-4638-ae36-4afdf54b6b53,148,,1792
{'n': 2910},172,1723641589726,f34290b9-dd69-424c-b502-019a68e4dd51,1251,180,2816
{'n': 710},65,1723641586419,7fa7c680-2e88-41d5-a954-136e95180138,286,,256
{'n': 9810},238,1723641614868,bc8094e6-19d7-40e5-836c-ca4757890cc8,3000,,768
{'n': 1710},173,1723641590028,cc615a22-d4a3-4884-8a74-ddce1af2facb,372,,2688
{'n': 7410},98,1723641606190,2da93b0d-947f-4c22-a659-bb12d3fce784,3000,,384
{'n': 2710},162,1723641588885,456ba94c-8294-4ba1-b361-0818bde51b57,1108,,2560
{'n': 8110},393,1723641609025,9a2ad55f-f490-49b9-8a80-964db4152ad9,3000,,2816
{'n': 2710},99,1723641592692,eb91d2d4-6830-4eb0-96d1-265b207157f5,3000,,256
{'n': 4510},227,1723641596131,342717fc-326a-438a-8773-b9e11a9732a9,3000,,896
{'n': 6510},392,1723641607669,7fe08214-98ff-4594-a529-adc7b4a003be,3000,,2560
{'n': 5910},376,1723641603403,4879500f-a848-4c5e-ad6a-4292c1f1d384,3000,,2560
{'n': 7010},398,1723641607759,32e8d0fe-66eb-41fb-951e-6f641207c10c,3000,,2048
{'n': 2110},130,1723641586281,099f4dd5-4532-49f4-b96e-9fca526136be,1327,181,1024
{'n': 5410},356,1723641602341,48c90057-44a5-45cc-9b76-c6034d75702b,2905,,2560
{'n': 6310},354,1723641607440,51f716f7-9195-42b1-a01b-8495e6cabfb5,3000,,1920
{'n': 4510},258,1723641590647,c410b647-2825-4c0a-8535-e6d944dd491b,2267,183,2560
{'n': 3110},227,1723641593166,8867d078-1513-4797-8c29-41251d8263ac,2285,,1024
{'n': 510},50,1723641586239,da9116e8-27c6-4359-a99c-54f9caa2a541,20,,1792
{'n': 110},44,1723641585380,cf77b9f8-367e-4bb8-8108-607e56e760b5,7,185,2048
{'n': 910},116,1723641586520,945e00a7-9ff7-4440-b290-40f18228f510,70,,1792
{'n': 3810},195,1723641587820,94cca66f-56fe-4ca2-ab9d-6b6e129c6ebb,3000,184,768
{'n': 5810},328,1723641596562,851cb8a2-3c84-4a72-925e-53fa8433319f,3000,,2944
{'n': 6610},384,1723641607544,996fdef4-0c18-4ae4-b907-6736f7f707f3,3000,,2560
{'n': 4810},66,1723641596717,1359944b-2ded-4b9c-bd9f-bface7933532,3000,,128
{'n': 5710},71,1723641599446,b2d5ec00-791b-427b-9cb8-0eb80c990eec,3000,,128
{'n': 2710},105,1723641587733,975db4b4-5073-44e5-b28a-6835130acb2b,3000,183,256
{'n': 510},97,1723641586126,5cc42723-bd4f-467d-becd-f5a5fbd9df77,23,,896
{'n': 4710},337,1723641592820,5c49429a-bf3b-4996-a39d-47fcc8886043,2460,,3008
{'n': 810},61,1723641585129,c24d22d5-5dd0-477d-a62c-6b6a5a71b84a,145,185,896
{'n': 8710},335,1723641610546,6eeae859-a324-4023-b40c-e8e0391b8c9d,3000,,1024
{'n': 9710},463,1723641607844,e527ec69-4a73-4613-8275-e6e113536912,3000,,2816
{'n': 2010},215,1723641590812,67ebd77f-1b21-4c27-a7f4-e84f8848ac8b,550,,2560
{'n': 3910},288,1723641594789,6a45d544-4eee-46a5-98d2-371b1646c1a8,3000,,1024
{'n': 6510},78,1723641604348,e05b8d61-3eae-4e5a-9be3-395f5fdbfb54,3000,,128
{'n': 5910},335,1723641600200,3a78da52-9947-4d9f-bd0f-06a3cc5a6e2f,3000,,1024
{'n': 7510},66,1723641596537,9f83b444-da51-475e-8264-0bcfbd7457ee,3000,,128
{'n': 4410},223,1723641596208,0a70f32f-1593-4f17-80a1-a0c20e27dddf,3000,,896
{'n': 8310},66,1723641609317,22c8222e-5acf-49af-aa7d-7525020059ba,3000,,128
{'n': 2810},144,1723641587912,881bf1b6-9a0c-4631-904e-18974d992d44,3000,184,384
{'n': 9510},367,1723641604147,d18fc881-ee00-4458-a4ba-27c13c333f50,3000,,1024
{'n': 5310},302,1723641593124,00005b5b-f3d9-4cbf-9933-6cb4b4179c79,2851,,2688
{'n': 3710},291,1723641593471,19893e67-e437-4959-b32f-c84ec3f1cc46,3000,,1024
{'n': 4210},214,1723641587918,d32bdad7-f677-40c7-8f8d-02fa09cf4855,3000,187,896
{'n': 7510},366,1723641599697,8a755f7a-bfd5-4fc7-9f08-05fdc6941910,3000,,1920
{'n': 5210},243,1723641590115,3d50c55b-3d99-4d41-b6fa-663532f994ce,3000,,768
{'n': 1410},162,1723641589578,01957217-275f-40fc-ab97-3fb29d29ae24,235,,2560
{'n': 810},65,1723641586591,f43080ea-5f42-44e1-940b-b5e0b40d2118,47,,2560
{'n': 5710},328,1723641596134,093ba9fb-b628-4099-8d30-41f2c8577253,2951,,3008
{'n': 3110},65,1723641593953,7d4863fc-a860-43b0-911d-0af1821f1b7e,3000,,128
{'n': 1410},92,1723641585640,53dbe0fd-daa2-4308-a9ad-ba70180d74dd,667,192,896
{'n': 1810},114,1723641587196,30866e76-e2f7-4729-8954-5af933e7b2e3,399,,2688
{'n': 6510},390,1723641607679,ada96b03-7f74-42cc-8ec0-6ae6479b2350,3000,,2688
{'n': 1110},76,1723641588237,eeced41d-a0fc-493a-8cc1-e26e8c38c90c,159,,2944
{'n': 110},61,1723641586329,5dec7259-e7df-4d86-bce8-f0b790cbfcc7,3,,2944
{'n': 3410},231,1723641595833,0935c125-655b-4f8f-8aa0-1d3916499065,1405,,2816
{'n': 8810},425,1723641614651,d7534e6b-52e5-4926-823f-3f37baefe90e,3000,,2816
{'n': 810},61,1723641585292,9d27462c-1471-45d7-b9cf-11c7882be8c2,357,183,384
{'n': 7110},284,1723641595649,fdf79f8b-b76d-451b-bb05-2ae6ec41db26,3000,,896
{'n': 7710},458,1723641609899,61c581fa-11ce-4417-8af5-a3d8367c8043,3000,,2560
{'n': 5110},238,1723641598532,b7d6a578-72c4-4527-84f1-098187163fab,3000,,768
{'n': 1810},76,1723641587827,a59ad566-9a5d-4dc3-8364-393ece8e4572,3000,,128
{'n': 5810},312,1723641599847,62b57aeb-ebad-448d-988b-79e2e1b65487,3000,,896
{'n': 5610},352,1723641602612,92b57eb9-e456-48ae-b2fe-eef365c863f0,3000,,2816
{'n': 3510},66,1723641587802,497ca73c-112b-4e82-b006-601afbd71ef6,3000,183,128
{'n': 110},44,1723641585088,681b7727-7e1b-40aa-914e-13bc02ea636e,59,183,128
{'n': 710},57,1723641585911,89a2752f-357c-4c23-9209-2f4e1a87de93,57,186,3008
{'n': 9510},85,1723641613451,fc9f1ec9-c5f7-4c1a-af24-0798e2787431,3000,,256
{'n': 2310},253,1723641591246,4afee9b6-1d69-4389-923a-b46b90c8eea4,765,,1792
{'n': 5810},252,1723641599832,1ec0ee52-0a44-49e5-a78a-282ab8ced9b5,3000,,768
{'n': 9210},443,1723641606665,bb2abc49-7afe-416a-ad90-459489b2e115,3000,,1920
{'n': 6310},409,1723641607348,7ba582c9-903d-46e3-b083-dd67777430f7,3000,,1792
{'n': 510},87,1723641586420,3829acb8-8c0f-460d-82af-3a84e404493c,17,,2944
{'n': 8910},234,1723641601893,b893dd4f-d62c-4ae7-8bbf-3ba0c9e82dbd,3000,,768
{'n': 7510},435,1723641609125,2f99e87d-b4c1-47f9-9a86-f6599d837de4,3000,,1792
{'n': 5510},273,1723641599146,4c21afe6-4555-47ac-9b51-1246a72db27a,3000,,1024
{'n': 710},58,1723641586417,c3855bd9-ec75-49a2-af92-c090f9a09064,51,,2048
{'n': 6910},143,1723641604255,0150bbe6-20d5-40b2-89c1-f5abd9d704b6,3000,,384
{'n': 9110},438,1723641606279,3000c536-5438-4f59-8896-b3c951cd8891,3000,,1920
{'n': 8610},323,1723641610425,61e15548-6ac5-4814-a50d-bd0cf78ebbe5,3000,,1024
{'n': 6110},345,1723641596185,7a513e96-697f-457f-9af7-777f08ea4a77,3000,,2048
{'n': 9710},459,1723641620215,75af421c-7862-4455-9439-e836dc2b03a7,3000,,2944
{'n': 4610},329,1723641598809,3b6940ea-dd9d-4e25-ab2c-07bf9564ff1c,2297,,2560
{'n': 5510},312,1723641602085,1a1bb075-1eb8-4434-940d-368c89691286,2844,,1920
{'n': 110},81,1723641586065,d771ee3c-e577-4a63-8d25-4304db87b088,11,,384
{'n': 2110},232,1723641592296,6c66ace0-43d7-4fae-aa75-af3345c71853,622,,3008
{'n': 8110},277,1723641605838,926335dd-3a0e-47f5-8927-3e0e9bc4b452,3000,,768
{'n': 4410},253,1723641598444,97a636e6-b851-4708-a359-72c410578355,2153,,2048
{'n': 410},65,1723641586113,2a04fa7f-2d31-4609-81c8-a08555a77b7b,13,,1792
{'n': 9810},456,1723641608667,73434e0d-fbb6-4556-9824-f2c128b6a9ec,3000,,2560
{'n': 5710},323,1723641602399,d28f7f32-8b12-4645-96f0-f50b9229a1db,2950,,1792
{'n': 7410},434,1723641612307,e051eda1-c6a5-4e6f-abd4-4710407807bb,3000,,2944
{'n': 2110},138,1723641587574,b74ca5f9-075a-4e0c-b53e-2ef7f14014bf,867,,2048
{'n': 4510},258,1723641591368,8e3e8114-0d28-43aa-899e-04b35b413c31,3000,152,1920
{'n': 8510},438,1723641616661,560b13b3-2e0a-485f-ba89-663683e107c1,3000,,3008
{'n': 4910},307,1723641599213,910a8983-5159-437e-9b9e-7069a8e06c63,2534,,2688
{'n': 8910},89,1723641601915,fef87697-8129-4478-bc66-fcdd5ffa50ec,3000,,128
{'n': 710},71,1723641586260,4e7f5a9d-9f67-4a17-8e6a-b71cd89eb0de,173,,384
{'n': 5210},392,1723641604246,25259b63-d60c-4f34-97f2-3e441a4cb571,2796,,3008
{'n': 8810},66,1723641611394,c885222c-8a78-445a-a549-a3b06acc1e55,3000,,128
{'n': 4210},232,1723641595703,18646890-ab93-4037-8c74-8f3cf4990dd7,3000,,896
{'n': 8710},420,1723641604208,661a3343-b8ef-41a1-8d34-7cbd2e7c5c06,3000,,1920
{'n': 9510},457,1723641616634,fcfc8911-7703-4a7e-890f-f8b378cd9c8c,3000,,2048
{'n': 6210},435,1723641607213,e08bef4c-d4b6-4ad4-a3c0-98c05db169fa,3000,,1792
{'n': 910},65,1723641585744,9eda47b0-3c06-40ed-b968-698b64b63e84,95,182,2560
{'n': 7210},429,1723641599008,0d593933-be90-4d82-80ac-b32e55d83692,3000,,1920
{'n': 6710},376,1723641598069,e5db4687-3752-4d39-b316-3f48e487a53d,3000,,2560
{'n': 5010},66,1723641590180,b3fe4192-d296-4ac4-a6f4-a4a6ad72199d,3000,,128
{'n': 6210},66,1723641604185,a1bda205-63ad-4539-af30-c12538a8502e,3000,,128
{'n': 9610},454,1723641607338,344860b3-5e12-41f0-a020-e09ac60cc3de,3000,,1792
{'n': 8110},393,1723641601942,6ebe57ee-1e03-4bf4-a369-bcb2eb726470,3000,,2048
{'n': 8410},274,1723641600734,072e9d2b-8a1b-435b-af7a-bc5362ab1e85,3000,,896
{'n': 8510},66,1723641610340,cd6a40a0-fec6-474f-a166-4cef796bf1d4,3000,,128
{'n': 7810},406,1723641600838,fce9b9ec-f55f-42d9-96f9-135e2535197b,3000,,2560
{'n': 5110},300,1723641592551,afe39378-69cd-4649-bb5c-2a87e226d257,2240,,2560
{'n': 10},57,1723641586315,92fb5e29-9322-4413-b427-7423c53961c4,2,,2816
{'n': 810},113,1723641586350,4063cc60-d450-4964-8e80-3b5667886011,94,,896
{'n': 4110},127,1723641595373,71c678ce-e129-47f0-ae9a-900e146ac4fe,3000,,256
{'n': 7810},412,1723641600868,dd0aded8-cfaa-4b90-8097-fbb5cc73caf5,3000,,2688
{'n': 8910},291,1723641611335,3a8b208c-8cfe-48b4-a9e5-0ab28ef7b859,3000,,768
{'n': 8710},420,1723641613725,c0c79029-9752-41eb-a79d-77ac88090458,3000,,2688
{'n': 5810},365,1723641605977,c7f6b9e7-6d68-4ed0-aa48-75f98abed39f,3000,,3008
{'n': 3110},151,1723641588043,9ab463fa-f084-40d9-b9a5-320347b83ac6,3000,183,384
{'n': 6710},288,1723641594844,a299bda7-1e27-4585-b7f7-03716a72e630,3000,,896
{'n': 7910},292,1723641598615,9d17959f-7438-44a3-8b3c-a340dd7ffacc,3000,,896
{'n': 1710},178,1723641589359,fadd0f2a-0cae-4ae0-a012-2872f6866038,1334,,768
{'n': 8310},402,1723641603088,6c993b63-56bd-42e6-9ca8-3af7a2e53cd6,3000,,2816
{'n': 1710},215,1723641589046,97d96641-dcda-47a7-a4c8-1e89d987529d,1019,,1024
{'n': 6110},66,1723641593010,4d6d34fc-7663-4d90-8b40-b283aeb523d5,3000,,128
{'n': 1810},223,1723641589457,18e0f378-28c6-4828-b694-e5c7374a1e89,1285,,896
{'n': 310},53,1723641586062,37e5ba4e-169e-446a-a889-886f943904ea,86,,128
{'n': 6310},71,1723641604204,b4333bfe-dfe9-4bf4-a29e-d203bcaef173,3000,,128
{'n': 8310},402,1723641615560,1ba28b30-2458-4454-95cf-2e8c38806f71,3000,,2944
{'n': 1810},188,1723641590588,44673c2c-78e4-4c6e-9b71-5bec4761d7d6,416,,2816
{'n': 6710},242,1723641604287,c5554684-1ed0-479b-a61b-01e8531d27c0,3000,,768
{'n': 7410},367,1723641596482,02e2280c-f76b-41ed-b618-2acbdd04c0c3,3000,,1024
{'n': 2210},143,1723641588131,ff777a70-3f53-4149-9fb2-d49a2607d85c,581,,2816
{'n': 5410},143,1723641599235,74474bdb-1f78-4fe0-abf2-b6842599ac83,3000,,384
{'n': 9210},443,1723641616270,6fe50555-3aa7-4103-b62b-8fa669e972cc,3000,,1920
{'n': 710},92,1723641586219,4742d98d-c0ee-4d52-b650-740ed640f29e,82,,768
{'n': 8710},228,1723641601143,311e0dc8-b501-40d1-9e4e-701313a9879a,3000,,1024
{'n': 8410},65,1723641610112,cb13d381-febc-4077-ae94-384085166844,3000,,128
{'n': 7210},99,1723641595854,6e8e3f70-80e9-442e-a74d-6a7647f3ddc8,3000,,256
{'n': 5710},323,1723641593259,f0d7f43f-3ffc-4ce5-b337-f99cab12f66b,2926,,2816
{'n': 7610},85,1723641606514,066422ee-0ce6-4c61-a8c2-072f8502fe5c,3000,,256
{'n': 8310},434,1723641615646,d08f6f0d-00fd-4776-bf22-6855f31e3331,3000,,3008
{'n': 4210},384,1723641597736,b889d308-1220-44a0-9cae-04245dc84220,1946,,1920
{'n': 2910},317,1723641594480,332598c4-188b-4d07-b03a-fc24197b4626,1114,,2048
{'n': 2510},66,1723641592215,57457c6a-826e-470c-b2b0-038a84f329b5,3000,,128
{'n': 2910},66,1723641588145,e19ee7d6-d668-44bd-894f-34eceb967b99,3000,182,128
{'n': 8410},446,1723641616353,566d60fb-25ba-469b-a571-3d9271f84b79,3000,,3008
{'n': 9910},475,1723641608667,25bf2978-3dd0-4fc4-bc01-7b4de1bceb35,3000,,2688
{'n': 1710},116,1723641586313,802fc1ca-4ac8-44f1-9f7d-c97f94c58bed,425,,1792
{'n': 4510},98,1723641596150,1d4b58f6-bd51-4113-8b00-1a70565844ff,3000,,256
{'n': 4610},71,1723641596330,de1d53ca-e4f1-4769-a7e1-4eb0bb3d8b6e,3000,,128
{'n': 6310},283,1723641594827,eea4f360-c237-4bbc-97fc-fb283496e66b,3000,,896
{'n': 210},44,1723641585455,0a45f43d-518a-4b32-b529-795db2be8034,9,191,2688
{'n': 5410},324,1723641595965,cf9d6ea4-95bf-4bcc-8a98-957331747846,2900,,2944
{'n': 8510},438,1723641613614,99e243be-dbb0-4261-b6d8-c152e8c7797b,3000,,2688
{'n': 3810},263,1723641594827,106f6db0-abc0-4dc7-ab63-41adbeedf79a,3000,,768
{'n': 1610},103,1723641587808,a194afef-2550-4330-b7f3-14ad78d01227,3000,155,256
{'n': 3610},149,1723641594659,f4a4e9d8-4659-4acb-ba7b-b6805a0b44bb,3000,,384
{'n': 7410},126,1723641596454,66d0c1d7-41f5-42a5-966f-8f355b5e0f44,3000,,384
{'n': 8110},263,1723641605845,c14023ab-ae78-4d8e-b21f-1b4cd2d5415b,3000,,896
{'n': 4510},98,1723641588006,dc0f6187-0af8-445a-ad40-6a307daa334b,3000,180,384
{'n': 1610},218,1723641589348,3fad8207-cc11-4610-91e1-ca62a560152a,1244,,768
{'n': 310},46,1723641585097,05f1d5ca-a8b0-49c3-a04c-2861c9a90a63,68,176,256
{'n': 6910},105,1723641604251,6de16368-ca94-4424-9311-61844804ba12,3000,,256
{'n': 3310},194,1723641589893,2860bff4-0e4a-46d6-b23d-241a987b2bf8,1509,182,2048
{'n': 710},57,1723641585524,78f8cd78-6c1c-4ebf-896e-f0827c39aca4,51,178,2688
{'n': 8010},127,1723641608054,17416231-1e4c-4b11-9792-a380953cd6ad,3000,,256
{'n': 1810},114,1723641586629,fc298108-2c94-476d-a9f5-5947b214595f,521,,1792
{'n': 5810},65,1723641599831,89e99a23-aa8c-4592-8cd8-907e9f965d76,3000,,128
{'n': 2410},155,1723641588799,92d6b368-93f5-4c4f-ae8a-376a3b263db6,858,,3008
{'n': 8910},89,1723641611294,d927267b-291c-45e4-9dba-df7d8a6fd87e,3000,,128
{'n': 1910},139,1723641587798,b776eada-ffa4-4f27-b5bf-22283197eeab,475,,2944
{'n': 3410},319,1723641597128,bf4f0272-6535-4c63-aafa-0d334df49149,1430,,2944
{'n': 8110},414,1723641608885,277b87aa-0f6f-4e0f-9d49-7c5d73e10519,3000,,2560
{'n': 1810},104,1723641587956,24336c79-e2a7-4adc-9a8e-d26136cc5e06,3000,181,256
{'n': 7010},130,1723641595193,be11ac1d-7feb-4ac7-a111-3aae4c101633,3000,,384
{'n': 9610},277,1723641613794,62206242-611d-4730-b9e1-226d75af0ec1,3000,,768
{'n': 10},43,1723641585855,2e8e5e71-5f5b-4a2c-95e3-7d7bb4471c86,6,184,3008
{'n': 2910},172,1723641589512,2ad987ed-5fe4-40b1-8f76-283ab712724d,1226,187,2560
{'n': 7010},433,1723641607879,36028c02-4a09-438e-9d28-12c82a0dce4c,3000,,2816
{'n': 8410},82,1723641600673,587c4948-2fbc-4372-852a-d99e0824fa1a,3000,,256
{'n': 2910},176,1723641588426,d94435d6-f6c9-4c4b-a305-e426dbd257f1,1172,,1792
{'n': 1210},156,1723641589344,f510b2d8-fa82-4589-9c28-7b01dc700df2,142,,2816
{'n': 8510},335,1723641600743,64d333b3-1eac-4108-9e36-f0e15d2436a6,3000,,1024
{'n': 5410},307,1723641595805,fd31683f-af7e-4959-a9d6-1f64a24cf34f,2710,,3008
{'n': 710},65,1723641586332,2d8911ba-2cd5-4fd4-b0b6-5655dc32ad8b,37,,1792
{'n': 710},71,1723641586373,0af4f09b-1009-44a8-ad83-6f640f54c258,34,,1920
{'n': 9810},460,1723641618094,2d19a86b-aa33-475c-bfc9-d9f3e7f26066,3000,,1920
{'n': 8710},420,1723641613720,0b644ed3-3dc9-4465-85f9-cda10155b5b1,3000,,2560
{'n': 4710},278,1723641590269,d0cae2b2-9113-4e9f-81e1-30c531650154,2181,,2560
{'n': 1510},97,1723641587807,a7a5776e-0c29-4987-8613-194af39bf5b9,2839,182,256
{'n': 3410},199,1723641587910,9ecb2e47-9211-478c-937f-1c047344ff54,2935,183,1024
{'n': 9910},234,1723641605432,0aff830a-7088-4d92-94b6-79eefd84ea25,3000,,768
{'n': 3910},226,1723641594803,66199809-3b6e-4afc-9d7b-574ccba4f828,3000,,896
{'n': 1610},215,1723641590177,389059d9-e9e1-4e64-b04e-91a48d9f9696,322,,2944
{'n': 7610},82,1723641597028,91cfed32-9c7e-4ac0-997c-0d091f20b815,3000,,256
{'n': 310},46,1723641585042,b336c997-edad-497c-9b4c-f27279eeff33,15,180,1024
{'n': 8110},393,1723641602142,47ffb04e-714a-45c3-aaac-2ef751ee0fdf,3000,,2688
{'n': 1810},101,1723641591218,529a62b1-9285-4e6b-b5a9-cc09e91f3ec3,3000,,256
{'n': 2110},279,1723641591171,d35a35a4-1606-4984-8d1c-4177162612bb,582,,2048
{'n': 3810},328,1723641598459,4619f38f-4c2f-4401-a238-7416ec395c10,1865,,2944
{'n': 1210},81,1723641585336,eaf1ec46-0ae8-44f5-8705-ee25edc1001c,341,178,1024
{'n': 110},44,1723641585637,95ee0794-0c2d-40f6-ac79-f304c77cf51d,6,161,2560
{'n': 1010},71,1723641585753,baf1dd8d-146d-439c-8bbb-4979f080c550,107,,2944
{'n': 8510},411,1723641603989,bf732207-2275-4fd6-ad8a-22787edc909a,3000,,1920
{'n': 1210},82,1723641586136,0d857854-da7e-430b-842c-ea10861335e4,181,,3008
{'n': 4710},78,1723641596073,591fd019-299f-46d5-8622-d892a173d1ed,3000,,128
{'n': 5710},323,1723641596167,e7c98608-de85-4870-9bde-e6a27ad2ac94,2994,,2944
{'n': 7010},303,1723641595225,06621a4a-410f-4821-b274-c24af8b5c233,3000,,896
{'n': 4110},237,1723641589920,7683179e-0984-4ce0-99d3-c1e435bab9a0,2020,185,2048
{'n': 1510},98,1723641586207,9c42c96c-497b-42b3-8d0d-70c20e836652,320,,1920
{'n': 6710},128,1723641594833,dae95310-f927-4cce-8218-4ef543460882,3000,,384
{'n': 5810},288,1723641590481,ba1ebd2f-1eb4-492f-976f-ca15670c6b4b,3000,,1024
{'n': 4510},258,1723641592875,1e12962e-eb62-4fbc-82e9-ae1a39781108,2084,,3008
{'n': 9710},456,1723641607835,77c1a722-6a9f-43ac-bb48-e789063ba372,3000,,2048
{'n': 10},71,1723641586083,e632220b-2048-4620-8f1e-a2725846887c,2,,256
{'n': 4210},89,1723641595700,d42f9bd9-8655-4a7a-9923-70103dff869d,3000,,128
{'n': 2010},124,1723641586240,adb9793c-6dfa-4b71-85d8-72f25a52c610,1355,181,896
{'n': 3310},288,1723641594012,1ebcd35f-0f74-489a-bbca-22aa4a5d969c,2650,,1024
{'n': 3810},82,1723641587754,a491edd7-dac1-4c7f-9bb0-c30b0988abab,3000,183,256
{'n': 5110},294,1723641592709,ff1a4c9e-d635-4e6f-8381-8d609a7dca79,2597,,1792
{'n': 2610},248,1723641593583,45afef61-4a39-4d3c-aee2-bcdb8ccfe789,958,,3008
{'n': 1710},192,1723641589602,c9e7152c-2f89-419e-bc1c-4e26a1b3809d,378,,1920
{'n': 9010},434,1723641615509,65ceaf34-3f16-4b24-99f8-126a96d25ed9,3000,,2816
{'n': 9710},86,1723641614043,f3d9e5bd-0aa5-47ff-a472-5a028dd90327,3000,,256
{'n': 7110},98,1723641605047,ef912702-1260-4357-b647-c5ca0a7c4a8b,3000,,256
{'n': 5210},345,1723641601421,42a11de8-1299-48e8-ad39-9d1b36876b03,2620,,2816
{'n': 710},65,1723641586407,b9a18ba0-ac58-4f75-9f58-c0bae9c95a6d,41,,2560
{'n': 6710},76,1723641594859,9483d160-f68b-4976-9ae1-a58e605d1b91,3000,,128
{'n': 2810},167,1723641589427,c69d9d2e-0048-416b-800a-91cfb6f909f7,1116,,2944
{'n': 9310},448,1723641606662,a0133550-d499-4b05-9a83-7d33493bdce0,3000,,1792
{'n': 6710},376,1723641598071,fe6aa7bf-7791-4e69-b966-c4799977cd0e,3000,,2688
{'n': 4510},258,1723641598577,b23323d0-f4da-4514-bb92-0ddb84de3028,2238,,1920
{'n': 3810},95,1723641594834,509c8728-aa55-4155-9c84-8da1dd419681,3000,,256
{'n': 1410},100,1723641586254,de278f70-10e8-4074-b2ac-f01c695622fb,259,,2688
{'n': 10},84,1723641586295,97ba7fcf-e2f2-4fc8-99bd-9198c3a0ad1b,2,,2688
{'n': 10},43,1723641584934,c224f79e-1f64-46e7-85e1-3abed02209eb,5,158,1024
{'n': 1410},100,1723641586091,7ad1643b-7485-44de-9e20-37fb7ba28e5b,334,,2048
{'n': 8010},310,1723641598602,6d99ca9f-4fee-462a-b48d-f2c4fbdc2d3f,3000,,896
{'n': 1710},108,1723641587382,55970435-9d2c-4c39-9f90-34c56ae1c773,2534,182,384
{'n': 6410},142,1723641604221,ba58a873-fc46-459f-82e6-feb84135e0de,3000,,384
{'n': 9710},82,1723641604646,894a86d4-3095-48f5-b39a-7a351848d6e4,3000,,256
{'n': 5210},320,1723641601393,3f0df74e-ddc6-446f-84e0-d0bc7d15c534,2599,,2688
{'n': 9810},127,1723641614855,69e66024-dedf-410d-b5a9-b8994686e2d1,3000,,256
{'n': 3310},210,1723641591122,11ae4cf8-a6d4-49c4-a429-43c661128c26,1507,,3008
{'n': 210},108,1723641586115,896b1529-f636-4afb-b696-acf0ab57c5a4,4,,896
{'n': 8310},85,1723641599893,04c804fe-f584-497e-b71f-0b767c63ea79,3000,,256
{'n': 6010},339,1723641594857,3852bc42-639e-4e21-8961-be98f8b02ca5,3000,,2816
{'n': 7810},126,1723641607114,013fd41b-3152-4f7f-a2ef-c4cc4ef05b6b,3000,,384
{'n': 7610},117,1723641606532,98ae84fa-3593-4769-93ab-89fe8d9a5113,3000,,384
{'n': 8110},420,1723641608855,0199ad86-da8f-4774-8ad1-78697b8096f1,3000,,2048
{'n': 1310},87,1723641586074,eb634b57-94f1-4b0b-a822-e15b1862d8a3,224,,2688
{'n': 4310},243,1723641588077,d1a328fd-f5ce-45e5-984f-bea2a5d91e14,3000,187,1024
{'n': 4410},253,1723641590438,3dcbdd81-80a7-42d5-ab9c-b0f5bdd6c752,1945,157,2688
{'n': 210},71,1723641586013,1fabdd4b-e25a-4a8b-9580-0f0bb98f3867,4,,256
{'n': 5610},393,1723641602485,bc54d6e8-440d-40c5-b43d-ac06fa185aa9,3000,,1792
{'n': 6410},360,1723641597906,e8394622-49a2-45c1-b6b2-ef4b2e4b7053,3000,,2048
{'n': 9110},438,1723641606351,d9b2e16a-019a-4e2a-9c64-d4a2837e9b65,3000,,2688
{'n': 6910},367,1723641597969,70c0d3c4-aa7c-473b-a00a-1f4ee1b1a764,3000,,2560
{'n': 710},108,1723641586209,93569cc1-31f6-4630-822c-95bd730453ed,58,,1024
{'n': 4310},248,1723641599985,25d54e1a-96a4-4783-9bc8-ff8555f9a989,1840,,2944
{'n': 9910},89,1723641614915,b23b8f29-cd27-4054-8704-870e42bd1678,3000,,128
{'n': 7410},360,1723641599949,2b837105-2ae0-4c31-b2c7-55da42e99f1c,3000,182,1920
{'n': 9510},452,1723641616557,f2771b98-6d4f-4b94-af5b-012e5f7559f8,3000,,1792
{'n': 6110},345,1723641605714,70b2e778-d3b8-4cf5-b188-8fcaf601cf90,3000,,2688
{'n': 7310},403,1723641602372,3ad52293-1ade-42d4-8fe7-d7b777a624e6,3000,,2944
{'n': 6610},241,1723641604321,cfee4191-22ea-4245-8367-3d6361fe0493,3000,,768
{'n': 5810},356,1723641602970,08c9cef2-8ff2-4b25-9593-6b63c413e831,3000,,1792
{'n': 3010},279,1723641594824,9eda655e-4199-4892-af7c-21f70c98f18c,1227,,2560
{'n': 8810},425,1723641604996,bedec932-73ba-463b-8324-e99628b96ec3,3000,,1792
{'n': 5210},399,1723641601338,ef42c1e3-69f7-4807-8f6a-28f3a99c1467,2678,,1792
{'n': 8910},433,1723641614544,b61d0b4a-812e-4f3a-8103-b985b691b8f9,3000,,2816
{'n': 7310},322,1723641596196,2c76872f-03db-4a21-a8b1-5003dadc5b46,3000,,1024
{'n': 4310},346,1723641598350,c9ff8df0-8ee2-47d3-97fa-edb659ed6f9c,2172,,1920
{'n': 3210},188,1723641587525,cb3323e0-47ab-47d2-97e7-701faffeec34,2556,180,1024
{'n': 7210},310,1723641595881,9de5451a-7474-4550-b0b3-a4a23ffd9717,3000,,896
{'n': 5310},429,1723641601709,aea6b21a-905e-4712-96e4-cc3ae23f4ecf,2602,,1920
{'n': 9210},443,1723641616307,37a76820-696a-48c1-941e-230b76e7fe35,3000,,2560
{'n': 4410},253,1723641592789,698f3c86-219a-42a4-ad77-934aea2a896b,2171,179,2944
{'n': 4510},113,1723641596141,23bd68d9-e847-495b-bb96-52a2618f4ddd,3000,,384
{'n': 5610},318,1723641593150,5f67fc52-e12d-4d76-b221-8ffc1a99af1c,2977,,1792
{'n': 710},57,1723641584875,c626029a-bdb1-4c4e-9bbf-5b48bcfef37c,123,183,768
{'n': 810},63,1723641586715,3876cfef-630c-4001-aff7-42d8f0d511fb,51,,3008
{'n': 8410},454,1723641613366,64797870-199d-4cc8-b615-23e9f0434572,3000,,2688
{'n': 5810},328,1723641593627,0cf1f61c-1359-4d8e-b8e5-28c2c2b2301b,3000,,2048
{'n': 3210},188,1723641589760,8b98b7f6-b6d5-4d08-a5a9-2a7b0eb0c3db,1402,181,2816
{'n': 7510},398,1723641612207,8c9d9c51-1cc8-4630-ad77-9c03da05c99a,3000,,2944
{'n': 3310},65,1723641588040,27ee3e74-b799-426a-bd47-e494ff2cf7c5,3000,183,128
{'n': 3910},226,1723641590171,52d00a21-d8e4-4871-ab06-42a6eaf594c1,1992,150,2560
{'n': 2210},234,1723641590852,8f1398a9-25fc-4202-ad3a-44b7fb753edf,2030,,768
{'n': 1010},130,1723641586950,6e87f13d-280d-4879-9996-bae45d7ef160,210,,768
{'n': 7910},433,1723641611354,8957fb83-403e-43af-aef4-e9fb630f9687,3000,,2816
{'n': 3610},247,1723641596340,89b75839-20cd-4b1c-b322-90b2499f511b,1525,,2048
{'n': 4810},98,1723641588020,399201a8-112c-4373-89f1-4be9400d5d58,3000,181,384
{'n': 4210},251,1723641595703,05f113a8-3426-41a0-9a7d-79f3120d9408,3000,,1024
{'n': 4210},337,1723641599755,e1549636-0c46-4b29-8c6b-802d7f27444a,1958,,3008
{'n': 6610},303,1723641594847,a3d01c9f-34d0-40c5-a3b7-4df337d710cb,3000,,1024
{'n': 3510},205,1723641589644,2e69c20a-d65d-4649-917f-d50773979e0b,1611,182,1792
{'n': 6110},301,1723641605652,ecb462da-1520-4e18-a58b-f9eedb22403c,3000,,1920
{'n': 5310},301,1723641595564,9e874ff8-900e-434c-874c-e98d7301f9cc,2721,,2944
{'n': 510},108,1723641586137,f7ffb1eb-a13c-4822-8109-30e18f965951,30,,768
{'n': 9510},452,1723641616722,57167120-8f5a-4aa3-84a6-5c814d7dc2fa,3000,,2560
{'n': 7710},164,1723641606708,fca3cfa0-468a-4ba1-8207-d6a32d6adf5a,3000,,384
{'n': 5610},351,1723641605563,c20b6e04-84ae-42c4-a9cb-281ea37fe7c4,3000,,2944
{'n': 4510},65,1723641588022,425e32a6-4f0d-4bdc-b58b-062f8d0b7ce0,3000,180,128
{'n': 1910},121,1723641587286,f91840b1-c0d2-4e21-9375-428da875fa9c,558,,2560
{'n': 1910},167,1723641590270,eb5c18fb-de98-4c8d-af43-9704b27ec8c2,476,,2048
{'n': 9810},334,1723641614848,56085c68-2f6b-493d-be46-26ae96d6a490,3000,,1024
{'n': 110},97,1723641586076,59c11cbe-18f2-4d08-beba-b97d1b4411c1,3,,768
{'n': 10},97,1723641586062,0f29540b-90fa-4b0e-8d3c-176b2a97f309,2,,768
{'n': 6110},362,1723641599122,c871d0f3-edb2-4ec0-b382-397acefb51f7,3000,,2944
{'n': 6110},275,1723641602508,08380b1d-fc27-4be7-9326-a1171446bfcc,3000,,896
{'n': 8010},334,1723641608068,8b83b958-af29-47ba-a23d-fd779597a406,3000,,1024
{'n': 6710},288,1723641604218,3003f899-96b0-459e-8a64-dbbb65f856da,3000,,896
{'n': 310},46,1723641585069,bfca0202-81da-442d-a03f-b3a82f167925,27,183,896
{'n': 1010},110,1723641587317,110634f6-efb0-4b57-97f7-c4dc71d15300,72,,2944
{'n': 5110},345,1723641601334,c846406a-15fa-4149-b9b3-c3d5a654890f,2604,,2688
{'n': 2310},237,1723641590427,9edf7e5d-cbb7-4682-a8b1-d946120be01e,1579,,1024
{'n': 5510},117,1723641590148,b87ef269-3af9-4eb2-ad19-94fc2a80a534,3000,,384
{'n': 3710},219,1723641595255,30ff49d3-73f9-41bd-bce1-8029f061a4fb,1582,,2944
{'n': 7110},435,1723641598671,779d7f0b-7514-47d2-a0d8-7e151ac19df0,3000,,1792
{'n': 9410},142,1723641613505,acef1a80-5e9d-4de4-a767-8dff024bb7d4,3000,,384
{'n': 3110},234,1723641593904,58cf1895-87a0-4a88-bbec-aba5d9f83cdf,3000,,768
{'n': 3710},215,1723641586921,e5f5d3a1-cfdb-49bf-bf33-4f13c802adca,1813,182,1792
{'n': 6510},389,1723641598163,83325fba-3335-488a-a497-28e5655c7bd8,3000,,2048
{'n': 2910},172,1723641587563,24f572c6-3eea-40ff-9d09-011774396044,2538,183,896
{'n': 6510},319,1723641607437,f11dc24c-8d94-4176-b5c8-1177e5a1f38d,3000,,1920
{'n': 1310},98,1723641590090,8756fa79-d43d-418b-b15e-d18e42ed556c,1802,,384
{'n': 410},76,1723641586358,839e0b2b-2969-4b32-bed9-53a400661121,12,,3008
{'n': 1410},231,1723641589277,38a389a6-a1d0-4c2d-b1e3-37c3be7d75ea,1002,,768
{'n': 7010},235,1723641595188,4e4758ad-7ac2-4740-afd4-b6bc5cba1c7f,3000,,768
{'n': 9010},263,1723641602783,882e7356-ae5f-49c2-9316-d5bb37dfa719,3000,,896
{'n': 4610},283,1723641589959,6ab87715-db53-411a-af5a-8688e96e9c2b,2272,,1792
{'n': 9610},164,1723641613789,de67219f-2884-4beb-aa80-2b3bd271bff3,3000,,384
{'n': 9210},255,1723641603558,1bcfcaee-825d-47df-a4d5-4179492c89a3,3000,,768
{'n': 1110},76,1723641587839,c042a3c2-bede-4850-b1c0-f379443fbb1d,137,,1792
{'n': 5410},242,1723641599228,c5d02ef9-346d-49d1-940d-4ecbc4102984,3000,,768
{'n': 7310},66,1723641596223,2adb40e6-c946-4e5d-b74e-9092af549f0f,3000,,128
{'n': 8010},460,1723641611316,dc49a471-b797-4042-963b-78fdd82cab82,3000,,2560
{'n': 2910},142,1723641593188,524ac6e0-8016-4fcf-832c-bf7c0d778905,3000,,384
{'n': 610},53,1723641585880,d9a86090-c22d-43ef-bef1-a27c50979a24,44,185,2944
{'n': 4610},263,1723641590889,1cdf389f-4551-4d8a-bd41-281bf16f7a5d,3000,,1920
{'n': 6810},290,1723641594802,02ea3d45-fa27-4121-bb6b-7c440ef3d347,3000,,896
{'n': 9910},458,1723641608609,e557571c-c0e0-42df-966b-93992fc25638,3000,,2048
{'n': 1010},73,1723641587150,c01d4eca-4043-45e6-8f0b-401d8a196fb9,100,,1920
{'n': 4210},214,1723641587812,8493fdd2-2e14-4575-801c-d36f7874eee5,3000,183,768
{'n': 3510},301,1723641597240,da204a64-fa50-4d71-81bf-25419450d1bb,1577,,2944
{'n': 5610},318,1723641602524,bd7b2df7-94ab-4edf-b0c0-cd05b629dd44,2912,,1920
{'n': 8010},409,1723641601626,23b7c764-0c34-447e-980f-a432c585c4b0,3000,,1792
{'n': 1210},81,1723641585500,f549f49b-6b62-49ee-b6e1-67fc31d23924,487,182,768
{'n': 2710},156,1723641592587,976f6c86-1c97-4774-9b18-083038d69578,3000,,384
{'n': 10},43,1723641584870,25e65231-7f49-41b3-8440-0f06ea506f69,6,186,768
{'n': 9810},462,1723641618100,f8d6b3be-1550-4f11-b733-56aadda4d24a,3000,,2816
{'n': 7610},66,1723641606519,8d10b6d0-638a-4436-9e5f-64e675772127,3000,,128
{'n': 1210},82,1723641590605,c72f979f-ef5e-4213-a8bd-7ab3aa8d0deb,2420,,256
{'n': 2410},154,1723641588570,40a5c0d7-d279-4c15-ad76-90285733cbef,852,,2688
{'n': 4010},307,1723641598013,e69a4237-8057-4cd7-aa0f-77f0cd43e877,1875,,2560
{'n': 2310},66,1723641587794,b8038ff4-f7f6-42b4-aaf7-87f5aa23d925,3000,176,128
{'n': 210},44,1723641584980,42522ab9-fd39-4ea7-a9b0-bee3cf431a25,9,181,1024
{'n': 9110},438,1723641606350,ab9c4ea0-a211-4294-b0c1-8a98368edcba,3000,,2560
{'n': 1210},233,1723641588968,c3c18e38-0d0d-4f3a-8b23-a124a78250c1,689,,896
{'n': 9210},443,1723641619357,7bf74aae-0db2-40a4-99be-def9b8548b43,3000,,3008
{'n': 8310},320,1723641609355,8bfb9489-d1ee-446b-8766-7af0c774d746,3000,,1024
{'n': 1410},92,1723641585823,fa2b1016-0653-4658-83fc-0302d096cf9a,268,,1792
{'n': 1610},167,1723641589732,70716fad-eb34-4774-8101-9b7f45812632,341,,2048
{'n': 5510},281,1723641590169,fa391fee-0810-445a-a869-cde6df376789,3000,,768
{'n': 8110},440,1723641602142,6a15d87c-f793-4ded-bcd8-d53392282cfd,3000,,2816
{'n': 8510},438,1723641616544,b61481f4-bac1-4a28-a8f9-a32df948571f,3000,,2944
{'n': 1110},76,1723641585723,a6311123-742b-42fd-b8d2-a9b599668f4f,160,191,1920
{'n': 4010},339,1723641599753,05919bef-4e04-4c36-973e-180bc2918cef,1930,,2944
{'n': 9610},455,1723641607546,69840824-641d-4c45-a4d2-79d65c6e2d26,3000,,2560
{'n': 7210},351,1723641608843,6a413ab0-3b21-46a6-9e35-18fcd09099fc,3000,,2560
{'n': 910},65,1723641586019,45e90581-536a-4728-be55-0874579c654c,1314,177,128
{'n': 5010},234,1723641598669,256e5162-d7c1-4ceb-b35f-60800bf4d28d,3000,,768
{'n': 8010},392,1723641614243,f39755b9-1503-46eb-b714-de1f89a17743,3000,,2944
{'n': 3010},82,1723641588056,ba9e4a94-5374-430f-b816-2d3350b5daa0,3000,189,256
{'n': 6210},421,1723641610359,438d6d58-bcde-4ba4-9d32-9e6356dd62d2,3000,,3008
{'n': 2610},103,1723641592425,b8745581-d8d0-49ec-bb7a-6eca71280488,3000,,256
{'n': 1110},76,1723641585060,6cf5e054-2aaa-43c5-b0e0-225664223791,360,159,768
{'n': 5810},413,1723641603047,24b312ef-00ba-4206-a65f-92b22b7cb373,3000,,2688
{'n': 710},65,1723641586679,4d90a40a-d7f7-43b3-b5c7-cd9edfadada6,561,,128
{'n': 6610},302,1723641604335,0df6aaa7-f115-487a-b661-9d1403d972c5,3000,,1024
{'n': 1410},97,1723641590335,79f21706-580f-470c-b736-40c795b56fb7,2098,,384
{'n': 4210},242,1723641592258,0cf17e93-7d30-4d51-ad17-5db60daca1b9,2095,179,3008
{'n': 8010},392,1723641611156,4ebb3fae-85cf-4825-b537-0fde68091bbd,3000,,1792
{'n': 3310},312,1723641597037,3fec3864-1d34-4323-8a18-ba5a2e4de2eb,1342,,2944
{'n': 8810},460,1723641614657,89cf90c9-aa9b-418d-8269-10e80ae22faa,3000,,2560
{'n': 6010},285,1723641601170,12a6cebc-2bc1-45c7-97d4-afe200691d51,3000,,768
{'n': 3710},215,1723641589850,2ceb6a14-a1bd-4a1e-b7a3-18c2ebd6a142,1750,,2944
{'n': 6410},66,1723641594744,90d72c2a-3acc-4702-8642-feba39e0bb2e,3000,,128
{'n': 2610},65,1723641587814,2fea13f1-f92d-447f-9a5a-abce18e81fbe,3000,178,128
{'n': 5510},312,1723641593228,14663b1b-3e35-42a3-8a15-840616f8f59a,2872,,2816
{'n': 7810},380,1723641597677,a9431359-0d60-4fbe-b723-b867151c6577,3000,,1024
{'n': 6210},113,1723641604161,87d678c6-a58c-420f-8542-cf574f8ac6b8,3000,,384
{'n': 2010},124,1723641586121,abc552f1-79b6-4f9e-a4ea-19021b4009fc,1201,182,1024
{'n': 5310},332,1723641601873,cc84fd69-a55b-42a9-8fef-64b0ce32453e,2643,,2816
{'n': 410},98,1723641586343,d0d5b213-c3c8-477f-a251-32e2f1c360cb,12,,2048
{'n': 1910},65,1723641587808,67523828-9528-4097-95bd-e5d6d1023884,3000,192,128
{'n': 9710},303,1723641614076,9e327732-74f3-4b2d-8b4e-75d8b7a405b8,3000,,896
{'n': 1710},108,1723641586656,136d4d40-acbd-4c03-88c2-fe8b3dc8dc59,542,,2048
{'n': 2310},119,1723641587765,f0d06c02-81dd-45eb-93e0-b2a8d8c488e9,3000,186,256
{'n': 7610},411,1723641600215,c9b3e48d-888e-4987-a504-ef4b97573fba,3000,,2560
{'n': 4610},323,1723641600881,66a7c551-465f-427b-8424-ce2a0c1e4a46,2291,,2944
{'n': 9010},66,1723641602797,f734cbcd-13da-4804-8a4b-58e19b6338a6,3000,,128
{'n': 2510},66,1723641587792,64f876bc-790f-4c58-b84d-5f1799b65786,3000,180,128
{'n': 7910},95,1723641598598,124eae30-2d23-4802-97e5-3fd7232ebdcc,3000,,256
{'n': 6610},93,1723641604325,e922455f-ac27-4899-b1db-54ff84400b7b,3000,,256
{'n': 6710},388,1723641607423,b4d9ae55-a441-4b98-aa7f-f84fe9b510c5,3000,,2048
{'n': 810},66,1723641586652,4997cabf-24f3-4557-997f-a32a677332c1,418,,256
{'n': 1010},71,1723641585319,962fd26e-4de8-4cdb-98d0-6c4a7915c03f,554,180,384
{'n': 8110},76,1723641605698,4c2d523d-c7d8-4530-992e-f1cda39a4eb7,3000,,128
{'n': 7910},116,1723641598602,3e931f95-3f68-49a9-8efb-5e5171671de2,3000,,384
{'n': 4810},339,1723641599173,8dfd7b49-fcdc-41d0-a86e-0bdd486cd4b4,2343,,2688
{'n': 8910},429,1723641614434,0611767a-1906-4cc1-bfa1-06195bb92736,3000,,1792
{'n': 9810},232,1723641605486,3981765d-b853-44f3-9b13-082911ebb22f,3000,,896
{'n': 4010},231,1723641590370,19f28813-38d1-4556-b9b7-c7195396504d,1985,184,1920
{'n': 510},50,1723641585546,7a421603-782b-4956-8cb7-262e377cdaf7,25,159,2816
{'n': 7510},164,1723641596566,566b8ac6-0521-4610-be0d-2c55710df28a,3000,,384
{'n': 910},92,1723641586379,dd5d55ca-7280-4ae4-8a76-d3310bb2193a,139,,768
{'n': 1510},100,1723641586569,7da276f6-9408-4664-a707-c26914fb2070,306,,2688
{'n': 9210},443,1723641616307,98eb883f-c6eb-42bf-9640-15748edd9315,3000,,2688
{'n': 7810},66,1723641597681,3fd4c35f-091d-453d-bf42-b5e9005bf9bf,3000,,128
{'n': 610},53,1723641585848,f3a0f556-6245-415c-b315-3ba1e20ac01e,35,158,3008
{'n': 410},76,1723641586038,f460ab04-9c23-42cf-9af1-700152f09777,65,,256
{'n': 2910},100,1723641593188,d596b0f0-2d13-4f59-9cca-861c7eaccc5a,3000,,256
{'n': 9810},461,1723641608618,66ba9fe5-d802-4c92-912c-3def0d79a2c3,3000,,2816
{'n': 9110},438,1723641615857,9fce8fd2-fe69-4d90-940b-744c41843dca,3000,,2048
{'n': 4510},258,1723641590787,2f02df55-4dec-4e6a-b6e2-7c9087e36c36,2321,183,2688
{'n': 8210},397,1723641612475,22434a58-bc88-43ef-964b-bdea96625ba7,3000,,2816
{'n': 3610},210,1723641589904,a4c41b35-fedf-45b5-a29f-711af7040a3c,1597,176,2816
{'n': 3410},307,1723641597195,72573ea9-04cf-4cc1-8234-37aacd8f45df,1381,,3008
{'n': 8010},130,1723641608052,8fbaedba-4306-47c5-993c-75f3486c04cf,3000,,384
{'n': 6610},68,1723641594864,1d714068-3462-42df-b8b6-eefaa12374b8,3000,,128
{'n': 4310},97,1723641588049,1c45abad-54da-48f7-b7d1-8fe25668d622,3000,188,384
{'n': 3310},194,1723641589222,26d3bd80-f1ac-4044-9f55-b1306dec78f6,1456,182,1792
{'n': 9810},465,1723641621090,f4c88226-3bef-4206-8e02-18a54021f93a,3000,,3008
{'n': 2510},151,1723641588938,86e9c5ad-d311-46bb-aae2-932e08089aef,949,,3008
{'n': 9510},457,1723641616598,dd6861db-3c3c-4f7a-b3b0-4ce5f6e8a9a1,3000,,1920
{'n': 1010},77,1723641588139,294986f0-64e5-458c-9386-d6c3627c16b6,1400,,128
{'n': 9410},452,1723641607217,4ddf6ac7-bac5-4fb5-a20a-a2638cf419e8,3000,,2688
{'n': 1810},113,1723641586053,c9feb77d-07b9-4115-a39e-a14f43638e56,1096,190,896
{'n': 4810},65,1723641587986,df198920-f229-4be4-8f9c-9945d62590af,3000,178,128
{'n': 8510},92,1723641600731,18e37891-4d75-403e-9ca1-bf4b1538ae14,3000,,256
{'n': 9110},267,1723641612623,98841123-080d-4a9b-8261-f54f442f86bd,3000,,768
{'n': 8710},277,1723641610560,508e11fc-9e2e-4e1c-97bf-48aa36da4cf2,3000,,768
{'n': 2010},124,1723641586747,fb1cdfad-7daf-4331-9288-8c5b8499e250,580,,1792
{'n': 5210},372,1723641601589,c3f6e767-0220-4709-bdbe-b5a2aabce3af,2840,,1920
{'n': 6410},314,1723641604258,157b8a36-110d-43b8-b46a-2ce2b6de6938,3000,,1024
{'n': 910},111,1723641586677,0a92f42a-5619-4057-ae20-cf67f3710d2d,69,,2688
{'n': 4010},232,1723641595924,7d84b869-7756-4791-9cba-3a82ef2dbc02,3000,,1024
{'n': 7510},416,1723641599644,5f9f17e3-9faf-417a-8da2-fda945dc55ef,3000,,1792
{'n': 9110},282,1723641612643,f17d7e08-1a38-4ea3-847c-93a14368f848,3000,,896
{'n': 3610},133,1723641587909,9b22e44c-bfc4-4144-bf83-3d2791c767f0,3000,196,384
{'n': 4210},275,1723641597712,1b97548b-5790-4109-8867-68ea1888525e,1962,,1792
{'n': 9710},65,1723641604520,66b53483-396b-4817-a516-e8893d6db058,3000,,128
{'n': 8610},416,1723641604083,9d684866-3d7c-48c7-ac75-cd2bdd9b4887,3000,,1920
{'n': 9710},453,1723641607842,3d84a885-8da2-4d7d-bfb8-9e3a87ac4024,3000,,2688
{'n': 3010},283,1723641593796,4f501008-4f8f-4388-b9cd-7d300bdae25c,1157,,1792
{'n': 3910},243,1723641591539,05934c8b-72aa-431a-a476-837fde656a01,1852,,2944
{'n': 9510},126,1723641604034,0b2597ed-9456-4069-a983-56a4a22cfb1c,3000,,384
{'n': 7010},332,1723641595176,003a89a4-2520-4cc3-b6f0-f90c745ac0a9,3000,,1024
{'n': 8010},425,1723641611327,3ab6279c-fa11-4925-9cad-b6a4de70201c,3000,,2816
{'n': 6210},420,1723641607278,4753ed9b-2b8e-443e-9b48-7f7da2c36fb5,3000,,1920
{'n': 1010},74,1723641587333,d82b5288-2317-4dec-973a-00418c19d63c,571,,256
{'n': 4810},274,1723641590950,161dfe36-d210-4735-b083-e3b46bfb97b5,2509,184,2688
{'n': 7110},398,1723641598798,043ed091-ad7a-4ad4-a200-2acabdf0cd56,3000,,2048
{'n': 8510},227,1723641600733,d6d6a8c5-7e58-42cd-b475-713b951e1aab,3000,,768
{'n': 10},57,1723641586351,6f18b0eb-edf6-4232-ae85-985571fa8b1c,2,,3008
{'n': 9210},458,1723641606782,fc13233c-75d0-40d7-a665-42bbe333f881,3000,,2560
{'n': 4710},269,1723641590642,9de98d13-351d-48d3-9312-d31a4d4e2aa1,2473,182,1920
{'n': 1610},111,1723641586136,0cde66fc-3890-4a30-9494-76012773bc7c,310,,1920
{'n': 2010},147,1723641588180,ce4b2ffa-069a-4fdb-bd72-fd1973caf5d9,612,,3008
{'n': 3510},205,1723641591104,8d2b59bd-cb79-4077-9d7d-2869793af23d,1595,,3008
{'n': 2110},105,1723641591623,c27759ee-2dfb-4cba-bc83-6d04d327db5e,3000,,256
{'n': 5110},301,1723641592926,27bbf053-7ae7-4f9e-92b5-4c673e61933f,2618,,2816
{'n': 9610},457,1723641610532,4084522d-8b26-40d8-9a36-71b45f294300,3000,,3008
{'n': 610},53,1723641585241,28235384-7da8-4d7b-8afa-53dd1ed6a4a7,37,,1792
{'n': 8210},397,1723641603012,5d53cc3b-cc8d-43d6-991a-668db882d8bc,3000,,2816
{'n': 2910},172,1723641587197,e86f5b14-e378-4b39-af35-73dee273bac6,2178,178,1024
{'n': 8110},310,1723641598963,02ea3eb9-f002-4ef5-9e1d-d638a45f6400,3000,,896
{'n': 7510},84,1723641606022,3e1efd5a-52e0-4444-b2ff-ee4e9ff02b87,3000,,256
{'n': 8310},465,1723641612574,3c933d6b-8f6f-439d-ac6b-b35cce8e2ad7,3000,,2560
{'n': 3710},215,1723641593494,92933062-49f9-4266-82be-8f13547c3645,3000,,768
{'n': 9010},434,1723641615538,999d5587-aea6-492c-8613-d50bf11de259,3000,,2688
{'n': 7210},403,1723641599102,fb072c4b-5d10-4ac7-ac19-2c3ac2b2bef7,3000,,2560
{'n': 9810},459,1723641608510,3323061f-c2e7-4599-9cbe-b72b8dd75c43,3000,,1920
{'n': 3510},91,1723641594365,ccfee063-f706-4f21-824d-a43df9ee16c3,3000,,256
{'n': 10},65,1723641586336,941b07c2-c392-428c-bfee-23c83a3f3dfb,3,,2944
{'n': 5810},142,1723641599798,dbaae901-46b5-4d32-93fc-e5570d91072c,3000,,384
{'n': 2110},130,1723641587089,41abd382-976d-4d76-8f44-7c84df90d0a3,640,,1920
{'n': 1310},87,1723641586257,854365c2-5142-43b6-a9fa-92fb45c6bcc7,1316,159,384
{'n': 8310},402,1723641602989,c122fa3a-d6ea-43c9-9968-6b0a564834f5,3000,,1920
{'n': 3510},205,1723641589335,0d403380-65d1-45e4-b9c3-b7c9c925243c,1536,,1920
{'n': 5110},291,1723641603835,e6effa08-47ad-4cb8-a97d-7d81782dfeb3,2537,,3008
{'n': 8410},438,1723641613241,1858e645-6a00-46ea-b63c-97db2d94de9d,3000,,1920
{'n': 5210},296,1723641592950,7181660d-89ac-4001-aa2d-341b9e87e013,2616,,2816
{'n': 5010},373,1723641603819,9363ac24-07b8-4469-b79e-25dcc95108c8,2610,,2944
{'n': 2610},156,1723641588936,306c7fc3-82c2-48cb-a443-6486e243e12b,994,,2816
{'n': 1210},167,1723641589214,91b8a346-27c2-4cf1-8749-3d54b4c0bdd4,160,,2560
{'n': 4810},274,1723641591030,07269a47-e3d8-4c3e-a8a2-60cbd383a0da,2581,186,2816
{'n': 3210},188,1723641589779,6df5763c-0a53-4a53-92c0-7dffc28ee9ca,1439,182,2688
{'n': 3810},65,1723641587804,abdaa3c7-1cc2-4934-a1ec-95785e610a9a,3000,185,128
{'n': 9410},243,1723641613510,a0137c05-faf1-4fda-abfe-43bda4e60da1,3000,,768
{'n': 2910},172,1723641588046,a4dd50b2-25b9-43fc-a6e3-5066774f301b,3000,187,768
{'n': 9510},451,1723641607177,44de15ae-1d50-451d-80c2-a6aa5687a7e1,3000,,1920
{'n': 1310},87,1723641585869,cf4e532c-eb95-43f8-b6f4-03321fcf89ab,199,,2048
{'n': 3610},324,1723641597739,bb7e6e08-ba00-478e-9cda-0ae261644fd0,1651,,2944
{'n': 1810},183,1723641589657,d84c643d-a581-4597-9bfe-a92e4777020a,1503,,768
{'n': 2410},131,1723641587887,d99e02cf-9866-46a7-bb25-0315cc54969d,3000,184,384
{'n': 1910},194,1723641589509,c6ba9875-8858-41a2-aa3f-7bfa2a2c6641,1397,,896
{'n': 2810},194,1723641592635,fdc38a63-a1fc-47e6-9af8-da357894bd64,956,,1792
{'n': 1610},170,1723641589834,5f9ab04c-b7bb-4749-8429-90753b8f38aa,304,,2688
{'n': 2110},133,1723641587001,28d68186-4d53-44f0-ba83-dd98ba7f1f2b,664,,1792
{'n': 7510},312,1723641596585,0c66a7aa-6850-4291-9845-93f311669473,3000,,896
{'n': 4810},241,1723641596672,78e5da0f-ba1b-4abd-9ab8-53006f4f4fab,3000,,896
{'n': 2710},162,1723641587168,c8a3aa26-8e48-409a-974f-41aab04266a5,2279,183,896
{'n': 210},46,1723641586037,c5174f52-251d-44d8-981c-b2f1621666f3,29,,128
{'n': 6010},66,1723641591625,9870800a-7f1b-41a9-b4ad-31cab9b4788b,3000,,128
{'n': 1110},76,1723641585523,baa795fb-fd9c-4bfd-a8be-ae305d04bc01,780,160,384
{'n': 9710},459,1723641617318,cceee985-d2c2-4342-9331-3be481f7ae52,3000,,2560
{'n': 3110},297,1723641595761,257caf34-b036-4956-922c-fae4e662d51b,1268,,2944
{'n': 1610},103,1723641590551,ae99f0fa-afdb-4fd0-866e-e163abcd8e4a,442,184,3008
{'n': 9410},227,1723641603972,e7844f32-6088-4b49-b275-7b5a22dfec4a,3000,,768
{'n': 7610},243,1723641606532,d4d2acb8-5370-4507-b06e-a0e9bd93baa9,3000,,768
{'n': 5510},299,1723641599158,bfff5879-b9ec-494b-8331-2658d22d0059,3000,,896
{'n': 9410},452,1723641616612,5440b74e-28d4-4f35-95d1-d22a408bd2b5,3000,,1792
{'n': 1910},66,1723641591172,4480fca8-77c3-4573-baf8-9a2d815c0019,3000,,128
{'n': 3910},226,1723641589915,8f2f62e7-6809-4a77-a579-5c8beabe4518,1708,159,2688
{'n': 6510},398,1723641610516,9e4b8ec8-a6d1-48a4-a88f-f5a26b596ace,3000,,2944
{'n': 3310},194,1723641587706,b3af2ab5-5f48-45dc-8884-e8ea364cf1e0,2707,181,1024
{'n': 2410},121,1723641587665,9c496775-0c1a-4180-8858-3d6f86dd6fc5,3000,182,256
{'n': 8510},443,1723641613616,0e603c5b-3045-4489-80cc-034486b9af68,3000,,2048
{'n': 8910},95,1723641601775,b89eb9f4-fbb2-48be-8737-cb8e9b6d8834,3000,,256
{'n': 9910},464,1723641608650,ffe95911-06d0-4194-ab6a-cf2b750636bc,3000,,2560
{'n': 4210},242,1723641589981,834ae4f3-94d1-44b6-9831-9a0023fa2155,2116,,2048
{'n': 1410},100,1723641586570,deb121ef-1421-40bc-9de8-64cd08271d5d,262,,3008
{'n': 9510},66,1723641613463,f162954f-a0bb-48b3-9d81-b953d2f26f05,3000,,128
{'n': 5810},86,1723641590397,6f9ddc86-9d68-4a50-bf38-1b3efb59bea4,3000,,256
{'n': 5410},251,1723641590137,8e99e2c7-d8e9-4e4c-aa0f-994413f3ef05,3000,,768
{'n': 1210},89,1723641585978,84c72d27-9256-493f-8262-60fe87dbb96c,145,,2816
{'n': 6810},382,1723641607336,b8ade8bf-b9ba-40cc-8899-8d7fb44890de,3000,,1792
{'n': 6110},345,1723641596187,63233ede-d38b-41ed-b832-76f45c678907,3000,,2560
{'n': 8010},388,1723641604809,5431ef4c-d3d2-4583-9406-e108aa82f21a,3000,,3008
{'n': 4810},142,1723641596622,4e935a83-8122-47fb-874b-bd8ae3002d38,3000,,384
{'n': 1510},239,1723641589525,032782a9-89ad-4f78-8c80-07500cd761fc,276,,1920
{'n': 8810},425,1723641614501,3bdce734-a9e5-4b88-a810-c4126ed87317,3000,,1792
{'n': 5910},278,1723641590705,6bb6cb34-8c41-4637-9277-fbb26a36a839,3000,,896
{'n': 1110},76,1723641588290,6c314874-d835-44b0-8d4f-ed3879edf2b4,152,,3008
{'n': 7410},465,1723641599703,3c1a15c5-12ad-4485-b61a-e6cf0d2d302e,3000,,2560
{'n': 7710},374,1723641600459,71e94266-45d4-4be4-a4e7-638240746161,3000,182,1792
{'n': 1610},103,1723641586597,27fdb068-e2d8-4811-9775-6f7ab2c59790,312,,2816
{'n': 210},44,1723641584858,18948998-5062-4262-8920-3e8ed9eb5d41,34,181,256
{'n': 3310},157,1723641588023,a8aab50e-9148-418c-a517-ce2d46ac2071,3000,156,384
{'n': 7710},86,1723641606721,2f5bae9c-e106-4876-b526-e891761db8f8,3000,,256
{'n': 9010},103,1723641612290,c80ab9ba-d5aa-4df1-9323-f9c1c319e7f0,3000,,256
{'n': 2510},263,1723641593178,084dec8d-8f48-4120-8eb6-d7fa1e76d0fb,865,,2816
{'n': 5210},296,1723641593038,bd1f6779-0ab7-4514-b786-12ffda95c8e8,2707,,2560
{'n': 910},71,1723641586712,73a5aabf-b8bb-403f-b01d-eba45e380a1f,467,,256
{'n': 3610},210,1723641587921,1b215c0b-d300-4918-a1e0-12c0c24e1d36,3000,182,896
{'n': 8410},120,1723641600707,ce23cb7e-1c58-4f1b-aae2-c4788b4ed471,3000,,384
{'n': 2110},65,1723641587712,0f02d12b-a77e-427e-bad9-fc36b119943a,3000,151,128
{'n': 910},69,1723641586797,e4c9b29e-b936-4742-8665-8f39ca723057,67,,3008
{'n': 2310},237,1723641592757,1c7ff847-2457-48a6-b8d4-82c5eebc2877,757,,3008
{'n': 710},113,1723641586212,35dc61d5-ef22-4f9e-bb24-79d600520b12,66,,896
{'n': 6310},387,1723641610440,795467bf-45f4-465f-aa16-e90c1f17d4ab,3000,,2944
{'n': 4210},246,1723641597859,7a20843c-91e2-4e36-80a5-9cae2999ba9c,1960,,2560
{'n': 8210},388,1723641602968,ab7768e9-4e0c-4c9f-bc31-bd6e97209f6e,3000,,2048
{'n': 2910},275,1723641593624,60676f84-8e9f-47db-a09a-c47cc66d6e01,1126,,1792
{'n': 2610},183,1723641588729,b3c0bda8-cb7e-4952-a5b0-c99d228632cf,967,,2560
{'n': 9310},446,1723641606774,86e5192d-9b0a-4843-82a0-b977acfe7a51,3000,,2048
{'n': 6310},355,1723641610465,28771cfd-e385-4289-9110-e2fd17b7573e,3000,,3008
{'n': 7710},374,1723641600552,6b01dc70-2f4b-4704-aa34-8dfd55d8246c,3000,161,1920
{'n': 2410},155,1723641588397,afc4f62b-7005-4e60-99e6-dd4f8937c395,857,,2560
{'n': 4310},345,1723641598224,8afabe0d-37d3-4c32-9b76-8c7305ee4f18,2168,,1792
{'n': 8510},438,1723641613460,a6d32acc-92de-416c-a226-0074816038f7,3000,,1792
{'n': 3310},334,1723641595637,6d5fdb2b-4a0d-4ee7-9863-5fac8aed6f92,1571,,1792
{'n': 4210},81,1723641587718,4b6c1a31-c590-41ef-b5e4-01b12e3330b5,3000,192,256
{'n': 2310},227,1723641591133,bf93431a-c326-4eaa-9358-26fa7b3ccf05,2303,,768
{'n': 2110},210,1723641589978,d11a7f8a-5b51-415b-8084-d2773fa832f3,1329,,1024
{'n': 9010},434,1723641605955,f65e624a-fe33-4faf-a8e1-d403c3f3c9dd,3000,,1920
{'n': 2810},183,1723641589569,f058f8ea-a907-4bf3-bd25-87e0f821a554,1161,,3008
{'n': 9810},461,1723641620993,76a6d7c2-fc7b-4606-be3c-04b30bb3b131,3000,,2944
{'n': 3610},210,1723641591184,22a3cb00-3f27-417e-a450-56d5073f6464,1537,,2944
{'n': 5210},335,1723641601431,ec237fdf-e4de-41cd-bb3c-639808523994,2627,,2048
{'n': 6110},393,1723641605571,78d9a3de-7960-4f22-9792-a1aa474347bd,3000,,1792
{'n': 7210},100,1723641605608,1baa3956-a53d-4674-b2dd-83511bb95bee,3000,,256
{'n': 7710},65,1723641597242,d86b1583-8d25-42be-b793-8f935ea5ed6b,3000,,128
{'n': 5510},312,1723641593156,e253a8d7-2391-4813-9e10-5dab213565bf,2807,,2560
{'n': 9210},85,1723641613037,50ebdf72-30a4-4d89-a046-602dcad28afe,3000,,256
{'n': 7410},303,1723641596469,7e7cb5d6-b5f8-4cdd-be73-8cee7c680985,3000,,896
{'n': 6810},414,1723641598011,c0e0f4a7-7cfc-4ae9-88cc-64c263335c48,3000,,2560
{'n': 6310},65,1723641594756,fddd9659-79fe-4c0b-810c-518a2f282c08,3000,,128
{'n': 5610},318,1723641602625,5ae3e6b4-0987-42e9-bb76-4dce58cd57fa,3000,,2560
{'n': 6410},385,1723641597987,6cff505c-b58f-47ee-ba7c-6ccd4756871c,3000,,2688
{'n': 4010},232,1723641592356,74ad2787-f0cc-4eba-afaa-3ce078ce48ba,1951,,2944
{'n': 1010},71,1723641585575,cde15547-ec54-4dd1-b017-61a3c761281e,92,,2688
{'n': 2810},231,1723641591623,49dd06c5-732d-4ebd-9ae1-58cd6eff70e6,1816,,1024
{'n': 10},92,1723641586198,5cdb9bac-d99c-4a6d-8435-1b4701c09409,2,,1920
{'n': 2610},156,1723641589178,370522e6-a3e6-45b6-954a-893fcce242b4,1000,,3008
{'n': 3810},279,1723641596504,07cdeb46-baf9-4bc0-bdcc-452e05588d38,1510,,2048
{'n': 710},60,1723641586439,a371d5be-4b65-499f-aa06-cab4d3c8fe4a,41,,2688
{'n': 4810},306,1723641599190,f673f8ad-45cc-4143-8221-e86c6760940c,2348,,2816
{'n': 3510},65,1723641594340,23b9a5a8-16d5-4651-ad0f-45cc3ac90664,3000,,128
{'n': 3610},286,1723641596192,63beffaf-48c9-4242-a1ea-b3a922ce2f9e,1479,,1920
{'n': 2110},210,1723641591890,901c4c26-8306-432e-805e-aa84d7090035,579,,2944
{'n': 6810},412,1723641607466,9f6ad9e8-c1d6-422b-bf20-f3e6d7b9a4d6,3000,,2688
{'n': 5610},318,1723641602515,d8fbe61e-4f3a-40bd-9b10-bfd6c75f245a,2912,,2688
{'n': 8010},82,1723641598544,4f9e19f3-d6f0-424a-aa56-47f2e8475a05,3000,,256
{'n': 4510},258,1723641590861,5492451a-e066-46b6-bcbe-3841e36304d3,2378,187,2816
{'n': 5110},100,1723641590144,9a1b3f01-6a3c-42c7-ac2f-50bc88d43936,3000,,256
{'n': 6410},101,1723641594775,1fd1436c-70f6-45ee-9c68-84081ab5ada0,3000,,256
{'n': 6510},366,1723641598162,d5e9c404-6865-49d1-9737-36560150a47d,3000,,2688
{'n': 7010},389,1723641607872,185b5cac-977a-4e8d-b55b-4ea81dcea2e3,3000,,2688
{'n': 310},76,1723641586384,c9499389-36d6-4555-990a-6ee5a7c2fefa,7,,3008
{'n': 4710},237,1723641587923,4c81fbc7-dbdc-4152-aefa-1a1d4d52f81d,3000,181,896
{'n': 6410},361,1723641597993,85b980e9-ba49-4806-ba94-58ff84b8fee8,3000,,2560
{'n': 5310},66,1723641599004,d8aed844-f426-477e-ac1e-315620a6bf64,3000,,128
{'n': 810},76,1723641586487,f13bb5b2-5cc1-4c1f-8302-eb45e175d497,225,,384
{'n': 410},92,1723641586194,62d1719e-7155-4c8a-b272-ff1675859eb7,12,,2560
{'n': 6010},388,1723641604359,842846a4-45c5-4a85-8b94-f78eb38b9499,3000,,2048
{'n': 8610},416,1723641616489,bd399c2b-ed83-4874-ad6b-f885316d767e,3000,,2944
{'n': 8010},425,1723641611312,31d9f958-963f-4c18-a78d-eac73b602412,3000,,2048
{'n': 4110},237,1723641590958,aed987c5-946e-4d15-89eb-0e17b16b5714,2857,150,1920
{'n': 7010},392,1723641610742,ae5820c2-f71c-4f93-b0c1-82f60850dfb9,3000,,2944
{'n': 3210},318,1723641594793,05db6b24-b3a8-4fe3-bef7-a1391315f863,1340,,1792
{'n': 3310},224,1723641594383,c8e5e9f1-bdb9-42f8-a7c4-2ec8acd326e1,3000,,768
{'n': 6510},393,1723641607653,6fe79d81-fc08-41d8-aa30-98e6426688e9,3000,,2816
{'n': 4910},246,1723641587997,62d0eaa1-9ffb-4dcc-b64d-ac1615972e12,3000,188,1024
{'n': 5410},78,1723641590092,0c8e168a-7b33-4f93-b005-c02d06aa9bc0,3000,,128
{'n': 7010},392,1723641598456,68d65b30-2364-47db-9201-e6001a8fb2ef,3000,,2560
{'n': 4510},297,1723641598542,74cb850f-1e5f-4e06-b120-3c340933ac09,2189,,2048
{'n': 9510},451,1723641616719,0eaf8f63-9207-4973-bc7a-c830c16887b3,3000,,2688
{'n': 9710},227,1723641614067,3f0c8a58-f35c-4548-88bb-1e39f0370236,3000,,768
{'n': 2710},162,1723641589430,ef9577cd-a074-4c93-b955-d62bb4387b60,1096,,3008
{'n': 2210},135,1723641587273,3b26baef-4306-46ca-812f-817e1787b16c,759,,1792
{'n': 7110},209,1723641595626,4ae059d1-2eda-48b0-b0c0-3a19972795c6,3000,,768
{'n': 4810},361,1723641601785,2a7fca0e-0bcf-4515-a536-7ef0782436c0,2533,,3008
{'n': 5010},289,1723641592903,dcdbac2c-f232-4868-8ae5-e63108653c91,2521,,2048
{'n': 3610},66,1723641587854,c14c5353-7c00-49e0-8a8b-dd372cc3f4c6,3000,178,128
{'n': 2810},65,1723641587776,85e8b3fd-8ced-42c2-83c8-ac19fc477bec,3000,180,128
{'n': 9810},130,1723641614852,ef8b645f-8069-4b5f-a184-26d77b14980c,3000,,384
{'n': 2710},194,1723641591757,4c15263d-5871-4259-9347-1d28b483d71f,2079,,896
{'n': 7510},267,1723641606025,f50a6548-385d-4bda-a49b-b7ed9cdddebf,3000,,768
{'n': 7210},256,1723641595873,653bc555-281b-42c9-945d-6ebdbebec451,3000,,1024
{'n': 7410},413,1723641599670,cce762b2-0c4d-41a5-a739-56ae32687858,3000,,2688
{'n': 8310},282,1723641609326,1e4d95c3-52f3-4491-a6fa-7e664d9ef147,3000,,896
{'n': 8810},432,1723641614638,e406fa0a-6e17-47ff-9989-ba3db1c146f4,3000,,2688
{'n': 2210},274,1723641591664,2f86744c-be04-421b-9ae5-8c2dbd7ad177,665,,2688
{'n': 7410},367,1723641602778,7cc9df6e-062d-421b-b711-8fbb1d5abbec,3000,,3008
{'n': 6910},157,1723641594785,20a214ee-66c3-4bcd-8182-ab61c3a2260c,3000,,384
{'n': 3610},186,1723641587825,6ef8136c-5a90-47ec-b838-6ec821b0df32,3000,179,768
{'n': 4310},87,1723641596004,902edb7d-68db-46b2-aab2-a1bf34ba9d5f,3000,,128
{'n': 7710},438,1723641609751,6bd421f5-1389-413a-9a8f-67e7ee0363e3,3000,,1920
{'n': 9110},98,1723641603118,3338ff2e-7be5-4931-a619-a8cce880e616,3000,,384
{'n': 8410},380,1723641600727,44f32a6c-8961-4def-aba2-488cc1571a05,3000,,1024
{'n': 5910},100,1723641590703,17fed972-8d9f-4f8a-b127-2621c6f6875d,3000,,384
{'n': 9110},438,1723641606321,18c0b91a-6717-4d76-866d-112ec23fd925,3000,,2048
{'n': 6510},384,1723641598134,a01246cb-1ddf-4e2e-bc5d-3628404043fc,3000,,2560
{'n': 6310},355,1723641598007,f7e39fb2-77fb-47a6-bfee-6fb2aece3aeb,3000,,2688
{'n': 7110},425,1723641611315,feef5eee-f205-4c6f-91f0-cebf20a49f89,3000,,3008
{'n': 7910},389,1723641611348,07d2afd6-ed58-47a0-bb97-4eadd1337b1b,3000,,2688
{'n': 9410},83,1723641613508,1cdb6817-ee10-4d36-b91f-0799ddcf42fd,3000,,256
{'n': 7210},119,1723641605618,88802f41-ab55-49c5-9ea9-3d74d832b18f,3000,,384
{'n': 5010},404,1723641603653,0a953238-ce0b-45dd-b023-a77e05c1c78f,2393,,3008
{'n': 7610},438,1723641612811,5d33f970-e410-4fd1-a41c-673a8dbcb34d,3000,,3008
{'n': 1010},78,1723641587354,4d219a93-7bf9-4dd6-9db5-6f2525891716,87,,3008
{'n': 7310},391,1723641599288,a834860d-049d-48e5-8422-1c4e477047e9,3000,,1920
{'n': 5010},263,1723641590151,f5be77e7-606b-44d8-bfe2-6d0fecf29842,3000,,768
{'n': 4710},228,1723641587905,73fb0c47-01ab-4178-8cb3-e2e8f5b55f0e,3000,186,768
{'n': 3010},237,1723641592582,0e6ed7b9-0ed6-45cd-aac7-4960cb16edd5,2133,,1024
{'n': 6410},282,1723641594837,80001425-4fc7-40d1-9d95-a52dcd9890a2,3000,,896
{'n': 2010},113,1723641587739,c50d1e5d-4650-41e6-9909-501e2ab527ea,3000,190,256
{'n': 6010},357,1723641597920,3bd62a60-765c-4d59-9f77-849cbf4c5068,3000,,3008
{'n': 6310},81,1723641604194,a6f7d4da-a0ff-4034-91ec-51fc790107de,3000,,256
{'n': 8410},454,1723641616343,a73d36b5-caec-4ba5-bb26-44d6ec6d6834,3000,,2944
{'n': 6110},393,1723641608734,7f9a5373-0fde-43ad-a29c-5717f43a6ed3,3000,,3008
{'n': 4210},242,1723641587986,0e56991a-f418-4378-a74e-9cbaffe048ff,3000,185,1024
{'n': 310},61,1723641586133,0777e427-2bbd-4f97-b29e-8685b5d093ff,24,,384
{'n': 1310},163,1723641589386,a1e162e1-b36c-4390-8b3c-daeda817c6bc,213,,2048
{'n': 9010},434,1723641615528,43d6f015-fdc0-4658-a166-7cd75eaee132,3000,,2560
{'n': 3510},205,1723641589472,b246bece-c992-4ff6-a545-79364d3521ce,1618,,2048
{'n': 7310},356,1723641599407,e246dee2-147a-4cf2-80c5-0e85cf5bebba,3000,,2048
{'n': 9910},470,1723641618153,cfab8aed-7ca6-4276-a105-ea447c4adc50,3000,,2688
{'n': 5010},285,1723641601737,a1118047-0976-4292-a0b2-63b9b69b7862,3000,,1920
{'n': 6910},393,1723641607505,27b61377-0ffc-4501-ba42-67bf413f9bef,3000,,2688
{'n': 7610},438,1723641609744,b1f31dca-1f32-4f11-967e-ff1779d1fff4,3000,,2560
{'n': 3810},113,1723641594789,f365e728-e6a6-4db7-927b-99f7dbc7e271,3000,,384
{'n': 810},61,1723641585460,52d496de-f08f-418d-b55a-aa13ce4a2439,61,,2688
{'n': 9610},310,1723641604356,9851c5a5-c55e-4af7-827a-9d0df4bcb0ff,3000,,896
{'n': 8810},425,1723641608085,23ed0b25-e1bc-4fb6-adb1-7e4f29890837,3000,,2944
{'n': 7610},387,1723641603230,4642f7e4-a7ff-4224-be94-5cdedd331f4f,3000,,2944
{'n': 6610},371,1723641597975,21afb79e-ca71-411b-8a2b-59d892879970,3000,,1920
{'n': 3710},215,1723641589560,16cda146-b447-40be-9829-a364f2769fd7,1767,,2048
{'n': 5910},370,1723641603425,55986d59-e819-470f-967b-f77284e0806a,3000,,2048
{'n': 1110},149,1723641587837,974efc55-fa8f-42bc-a66b-0b2fd8445801,110,,1920
{'n': 7010},127,1723641604673,8cc5b40e-6ea1-48ea-b420-181a296fcafc,3000,,256
{'n': 6110},285,1723641592967,5e8dea96-906b-49d6-a0e2-d1a241b4df24,3000,,768
{'n': 4810},274,1723641599468,0ae64837-981e-4ef9-8c55-5bd1603b91f7,2545,184,1920
{'n': 4510},258,1723641600897,b3d151cc-b739-4fc1-a6c2-3834b555f69f,2235,179,2944
{'n': 410},48,1723641584958,e1ddc6b3-4f72-4f9a-9971-8af68211321b,141,180,256
{'n': 9310},306,1723641603560,d844f53c-2a7a-46c3-880b-bd0baab93d1d,3000,,896
{'n': 3710},215,1723641589725,1b8ee28c-2fc1-46d3-923a-fada89c83621,1793,,2560
{'n': 2010},66,1723641587787,6b5f800c-6e83-49f8-904a-32f9b939ee97,3000,180,128
{'n': 5510},144,1723641599155,f5498a5a-765c-4e60-af53-838501820b24,3000,,384
{'n': 3510},246,1723641594026,ad98ba3d-704c-464c-a9f5-12ee0dfbd7f5,2703,,1024
{'n': 9410},92,1723641603952,dbdc8872-4d7e-45f8-b409-889992203791,3000,,256
{'n': 8610},448,1723641613566,e92dc82a-3e20-457a-8956-037052c95414,3000,,2816
{'n': 4910},234,1723641587900,051587a4-dec3-417e-986a-9b9b54de6726,3000,181,768
{'n': 3610},210,1723641587971,e38a1532-3554-47a2-8d90-bd8a251cce7f,3000,164,1024
{'n': 710},57,1723641585602,528e7915-1b8e-4d80-bfa6-6402ab540291,56,180,1920
{'n': 6010},119,1723641601162,a896a594-1e4c-4384-a9b8-3f9986d55095,3000,,256
{'n': 6610},371,1723641598091,870cbd7f-881a-42ec-9be0-226f785f26a8,3000,,2048
{'n': 1410},164,1723641589888,c7a77fdc-1caf-4477-a3d9-c11c6abbf0af,213,,2944
{'n': 9410},452,1723641607172,6fb6dd7e-a5fe-4ae9-8b51-4f77ccdbe690,3000,,2048
{'n': 710},57,1723641585563,7c705acc-bd74-4ea8-b80b-c8db810561d4,837,187,128
{'n': 9410},408,1723641616788,3ccfb2dd-5927-45cb-a455-c8695740c250,3000,,1920
{'n': 9310},119,1723641613099,16cae1d2-65f0-4c99-b3b5-36aa0bc5428c,3000,,384
{'n': 3810},221,1723641591566,af258fd0-6697-485d-87a8-9a2211a507a3,1672,159,2944
{'n': 4010},231,1723641588048,749e83cf-019d-4914-b79a-31f1bbc1dfaa,3000,181,1024
{'n': 2910},253,1723641594724,d2d5244c-7fcf-4d60-b286-c28f538dfba8,1044,,2944
{'n': 9110},438,1723641615859,fb26e6fc-dde3-4341-bfdb-040be6a94f44,3000,,2688
{'n': 3010},221,1723641595191,85b20d26-bf5f-4ab0-9667-df1116a1d5ef,1003,,3008
{'n': 9310},448,1723641606794,6cbb4151-28e4-47ba-b095-07bd865fe78a,3000,,2816
{'n': 8710},421,1723641604309,a9d23c33-37bf-4fc3-908f-76239cad41ad,3000,,2560
{'n': 6310},224,1723641604202,f46407d4-e7e9-4918-8eb8-7a66cd9eb786,3000,,768
{'n': 5910},387,1723641603415,7741182d-8298-4d7d-84a3-f326a08ce287,3000,,2688
{'n': 2010},103,1723641591467,099f5a8a-b2d6-4158-af5d-a7e94f95ba56,3000,,256
{'n': 2210},117,1723641587758,f793dc5b-b9b1-4a5a-8324-0400e4f343b3,3000,182,256
{'n': 8910},135,1723641601921,ea49a492-6506-44c0-86a4-05d3b0306218,3000,,384
{'n': 4310},247,1723641590743,272b1bc2-931e-470e-8ff1-38d611d2a056,2201,182,2688
{'n': 4610},232,1723641587944,9109c63c-24c6-4274-813f-5a27a2a4534e,3000,186,1024
{'n': 9710},458,1723641617305,43cf8cf5-06f6-4c9d-b540-9f43d8bfd118,3000,,2688
{'n': 4410},345,1723641598631,e028bf13-28e4-4edb-a53a-bf8d6f8cc16b,2294,,2688
{'n': 8610},181,1723641600948,cfad6f58-ac4c-4d99-b19e-f0379bdc1857,3000,,768
{'n': 1910},119,1723641586396,1c1ed117-fb1b-423a-827f-a4fe17375e45,1528,188,768
{'n': 3410},199,1723641590847,fad2643a-f618-49ce-87e1-5a3a82b169b0,1490,,2944
{'n': 6910},423,1723641610497,8be68aed-e456-4e63-ad24-a6f0b62be494,3000,,2944
{'n': 6110},345,1723641605700,c51a78ca-d2be-47d7-9887-8fcd888a49ad,3000,,2048
{'n': 1410},86,1723641591348,069ef2b0-be68-4580-a9fc-0af002b66506,3000,,128
{'n': 2710},285,1723641593582,e9b8bef7-e157-4356-8fd4-b46110f385c5,881,,2816
{'n': 7810},303,1723641607079,4edf328e-d2f8-4651-8207-733d0925e96c,3000,,896
{'n': 1410},92,1723641585500,a544d7a9-3ac4-4892-975c-c4d926ef7827,519,179,1024
{'n': 4010},215,1723641595933,b28ad73c-fae9-4abf-92a7-062a5cc2b838,3000,,896
{'n': 9210},466,1723641609781,40ba7568-6c30-4d1d-9bde-bff8d6004709,3000,,3008
{'n': 6210},407,1723641610294,080b4ab0-da31-419e-aafd-9d51955bd96b,3000,,2944
{'n': 10},43,1723641584738,7b435104-ebc5-4af1-b21e-75048627522b,25,183,128
{'n': 8810},432,1723641605149,85d454f9-296f-4995-9a2b-f3e89ba54b97,3000,,2688
{'n': 5010},285,1723641592874,0c1d02a0-d6bf-4645-b4f6-df81c548ec8c,2482,,2560
{'n': 2310},82,1723641591892,589e09e2-cc09-4edc-a8cb-9999fde6dca0,3000,,256
{'n': 3710},66,1723641587992,655d89e2-0c7b-4498-ac37-f9f261e488c6,3000,188,128
{'n': 8210},231,1723641599800,1cbbacf1-06ee-4c8d-8320-e401d7f02d53,3000,,768
{'n': 2210},143,1723641587229,ccd0308a-cc28-4069-96a6-e7402d50f38d,655,,1920
{'n': 9410},452,1723641616796,6605b13b-987f-479c-8fca-9f5dd7227926,3000,,2688
{'n': 410},48,1723641585798,cf0e794b-3b98-4c3a-9053-6e4471c4b5e4,21,183,3008
{'n': 9410},161,1723641603979,4868f9cd-445e-415e-9582-2d853607bbf3,3000,,384
{'n': 7010},82,1723641595224,33c21f13-cdc4-4f26-b4f5-266881409091,3000,,256
{'n': 6910},399,1723641607400,ca0f88fb-849e-4771-b26b-cb1c7f461fd5,3000,,1792
{'n': 2310},151,1723641588116,6bd1021c-c1fb-4256-ac1c-f5c94c6c764c,730,,2560
{'n': 8310},246,1723641599885,4d8e8aca-fbe2-4ffe-9f02-21a434f9c791,3000,,896
{'n': 5910},82,1723641600214,7b8d6b90-4bc7-46c8-8957-94e17217c0c5,3000,,256
{'n': 6810},382,1723641607442,6bfa973c-10a2-4315-9780-934f24bed56b,3000,,2048
{'n': 6710},378,1723641601049,2b989fc8-8e81-4810-b888-c1b62ad31c1a,3000,,3008
{'n': 4310},314,1723641596092,b25b1b10-6cf1-4dc6-858e-0392d1e05482,3000,,1024
{'n': 610},53,1723641585694,6a84423a-c1dd-45fa-bfab-790796144708,40,182,2560
{'n': 8210},397,1723641615456,52c3fdac-15ed-4672-bdae-6092592b381f,3000,,3008
{'n': 1910},146,1723641591163,f4bf1da0-167a-48cc-826e-a7dbc115c440,3000,,384
{'n': 8110},434,1723641601882,886f7cc8-e30e-4617-8803-f45a90021306,3000,,1920
{'n': 4410},253,1723641588101,b975ad5f-96c6-48a7-a622-7f55f6064740,3000,176,1024
{'n': 1410},92,1723641585702,be83c664-19cf-421f-bdc1-f3b8ede497e3,729,156,768
{'n': 3710},239,1723641588670,8828de2c-beba-408d-a01c-d80e01118073,1694,,1920
{'n': 9810},460,1723641608490,6b2bd888-b2ef-4d86-bfdb-c4bb9e44b35c,3000,,1792
{'n': 1610},218,1723641589141,9311c4f4-a620-43de-9bb6-a89ca81a49a2,1035,,896
{'n': 8310},402,1723641606000,7f6bd908-0c3a-4659-94ae-eaaa25135b9d,3000,,2944
{'n': 4610},241,1723641596323,f22f9c20-114a-4a8d-8be8-754bd5c95254,3000,,1024
{'n': 9310},448,1723641616280,668084c3-d602-4012-a820-7661c4d54d0a,3000,,2048
{'n': 7510},465,1723641609230,04673708-8112-4884-9d2a-6101fff8b7d1,3000,,2560
{'n': 910},66,1723641587266,36392b88-fa66-4c7d-ae6a-66ce7ada6d06,1033,,128
{'n': 2210},93,1723641591870,70f3140d-1817-4f8f-8923-a4d351b0d965,3000,,256
{'n': 5010},128,1723641598658,30712ed1-90cc-45f0-b753-750bf1702d22,3000,,384
{'n': 3910},94,1723641594802,4bcf21fb-bcdc-47fc-b51e-e9888443214e,3000,,256
{'n': 7210},352,1723641608845,a71377a8-0a20-4bfa-a94e-4f080ac27901,3000,,2816
{'n': 8210},397,1723641612405,7e41b0b7-aa54-4578-8a17-77063bbafef6,3000,,2560
{'n': 1910},119,1723641587897,3606aa8e-1941-4757-9f57-01c1898b526b,3000,183,384
{'n': 8410},335,1723641610183,7f0a5963-091f-44bb-a618-0331d70e95bd,3000,,1024
{'n': 1110},76,1723641585509,1aa1296f-6b94-4d60-b34b-264e1026661c,154,181,1792
{'n': 9710},457,1723641607813,b2388c11-f10c-4c98-9803-f4570edd0fcd,3000,,2560
{'n': 2710},279,1723641593528,569fa6ca-4bc1-4d43-805c-084a90bc247d,1088,,2560
{'n': 1610},103,1723641585849,41c193ba-0ce2-4e89-86f2-3427e402cdd3,988,181,768
{'n': 6810},258,1723641594816,ad73603a-0e8e-4baa-b756-2cd501fad60e,3000,,768
{'n': 9510},252,1723641613519,496da498-05e4-4db6-8ca8-64b205f9573a,3000,,768
{'n': 5410},356,1723641602284,d55c44f5-b591-41f4-bae0-5b48b12a0361,2867,,2048
{'n': 110},65,1723641586302,fca7e6da-cfd2-4837-8205-59139bfc775b,3,,2560
{'n': 9610},454,1723641607572,e7afed55-b776-40be-8abf-d9dbc5c702ee,3000,,2688
{'n': 3010},142,1723641593484,2a7db6d4-ba15-4622-827d-58aefc218ed7,3000,,384
{'n': 4010},204,1723641588052,4154bc69-fb84-4267-80c0-eef518f95d74,3000,184,768
{'n': 7610},335,1723641597063,1983c72f-7da8-4161-baec-4a02bf8a6e78,3000,,1024
{'n': 9510},446,1723641607111,7a2ed41f-20b6-4a00-a61a-e64fcf9e2b2a,3000,,1792
{'n': 1910},101,1723641591151,7a6e8d23-d444-4fe5-becb-34357b70e90d,3000,,256
{'n': 2810},204,1723641592366,35c2cf4b-8982-45d4-a07d-4f8ed32b520f,2570,,768
{'n': 3010},178,1723641588995,d5307921-bb2b-438a-90f0-6d5d364e9ed2,1277,,1920
{'n': 3810},339,1723641596759,fa2c9a65-b578-419a-a75e-d7059603506d,1815,,2688
{'n': 5710},323,1723641593096,1eda6563-7757-4292-8953-70d746b9474b,2968,,1792
{'n': 5010},85,1723641590156,b6f87a4b-531c-4ba5-abd9-7415e9f5585a,3000,,256
{'n': 2510},237,1723641593149,177cf643-a8f1-4bb6-96a7-f5b2aca65b23,871,,2944
{'n': 2710},247,1723641593261,b26f24b6-cabc-4b3b-a789-e1d1004a82f5,1021,,2048
{'n': 8210},66,1723641599758,bfc2cc5d-27a5-4ede-8836-df6249793e0d,3000,,128
{'n': 4110},237,1723641590219,e63c1c54-c949-4024-bcaf-f7f4a8d33723,2145,191,1792
{'n': 1110},76,1723641588518,cc8dfac2-1329-4aea-9617-bd5f32cdbb30,1124,,256
{'n': 8710},421,1723641604319,ebda4d1d-1810-4249-9488-0c4bca057c6b,3000,,2688
{'n': 8210},416,1723641602842,b3470db3-be07-4c20-b553-19a060e3c23e,3000,,1792
{'n': 6410},397,1723641607474,8d1a762b-cb76-4d74-9348-ae454e5827af,3000,,2816
{'n': 8610},416,1723641604164,dbcb5df4-3a2a-4188-9d95-6d04f6bdee24,3000,,2688
{'n': 510},76,1723641586425,fe9f7ab7-486f-4d94-abae-1fb632795bdf,18,,3008
{'n': 5910},334,1723641593949,453d7d79-3d20-442c-af7d-4a1cddf6d7ae,3000,,1920
{'n': 5510},312,1723641605061,d8c46cd3-9784-43c9-8ad5-03728ec9442b,2919,,3008
{'n': 4110},237,1723641589927,945405d5-62c8-481d-8893-e7451ee6879c,1991,,2560
{'n': 2710},210,1723641593623,804a5c23-fec5-43c3-a0a0-07f7a3e37c4e,890,,2944
{'n': 2510},249,1723641591907,2fe45fdb-8299-4466-b010-6f53ca57feee,867,,1920
{'n': 6010},149,1723641591601,be78a428-b231-437d-a727-1ccec25e07eb,3000,,384
{'n': 9210},438,1723641616307,61d0570f-e30d-4b15-b9cd-aaa1da3f9e46,3000,,2048
{'n': 410},48,1723641586334,2f49c6bf-f5c0-43b1-9f28-6d8cca9be5b7,17,,2816
{'n': 9810},463,1723641617918,f1b318ab-2359-47cc-9af2-b8145ba4ade0,3000,,1792
{'n': 8410},407,1723641606871,15dc7b18-3056-44e7-a0a9-f5b08a1b608c,3000,,2944
{'n': 910},65,1723641585273,d5ae8162-b16c-4d06-a205-fb16d696f70c,427,180,384
{'n': 5010},114,1723641590149,7ee2ac31-813d-4dac-a334-fcc150ce6408,3000,,384
{'n': 7110},425,1723641608242,69c121aa-489c-4da5-87f5-8ea3caa3de3b,3000,,1920
{'n': 6910},387,1723641600957,202e13b4-0785-4186-ad9a-79ffaa7403d8,3000,,2944
{'n': 610},53,1723641585130,b42d00cd-fcfe-4cd9-b90d-f0ce0e3d28e2,82,178,896
{'n': 4510},258,1723641590772,25ac630a-1d38-4242-a5b1-d2a1723cbd45,2393,188,1792
{'n': 5010},285,1723641592775,a04acfaf-37a2-42b0-9f4d-fd0ac9e118ed,2545,,1792
{'n': 1210},82,1723641585749,0b430d1a-1767-4bbb-a270-4c7baf17c707,194,,2048
{'n': 5610},317,1723641593201,6744b6b6-5ac1-4add-a95c-86d9f9e9da75,2856,,2688
{'n': 6610},370,1723641610577,4471ee3e-5fa0-42e1-8db1-15c1218be0ab,3000,,3008
{'n': 6410},360,1723641607475,c93121f5-98f7-4371-b46b-adce064126e4,3000,,2688
{'n': 5510},312,1723641593121,d409d682-4096-4945-b411-9e485c911dd2,2827,,2688
{'n': 1910},239,1723641590056,90db68d2-debc-4a25-9d05-728515ba1df2,492,,1920
{'n': 3310},92,1723641594393,0c204033-f768-4c1c-92d8-e2620647a2e7,3000,,256
{'n': 8210},126,1723641609211,e98e2f60-531d-4f90-9f3d-095fd18ea692,3000,,384
{'n': 1710},65,1723641591050,c7150305-9bc0-4437-9509-782d8d013027,3000,,128
{'n': 7310},356,1723641599569,14fce975-0f98-41c4-afce-0ad73a6faeee,3000,184,1792
{'n': 3310},258,1723641595952,48252dad-3c36-4f89-a811-69f90d106a2a,1401,,2688
{'n': 3810},221,1723641589608,7741af50-76e9-4e5d-8635-61bb4d30024a,1718,,2048
{'n': 8410},126,1723641610196,bcd9d959-554b-4edf-9edc-084718e68797,3000,,384
{'n': 6910},433,1723641598027,dc75eb70-fdf6-4938-bb0d-3e462d07e002,3000,,2816
{'n': 7310},200,1723641596151,7b4203d8-59b2-49d4-94df-34eb5e243fda,3000,,768
{'n': 2410},247,1723641591888,957d6ee2-4781-4954-84b5-3eda26978e38,834,,2048
{'n': 7410},65,1723641596455,4af80b3c-408a-4153-a6c2-924790676c3c,3000,,128
{'n': 3010},178,1723641589523,5b4ed977-0c07-4884-bc97-1dc9b27cbe36,1271,177,2048
{'n': 410},48,1723641585193,dce8247f-5065-4a11-af85-2f7cf3ed9fc1,21,182,1792
{'n': 1510},110,1723641586739,df7409f1-1013-4504-851e-d2f6b7d7df2b,292,,2944
{'n': 8710},108,1723641601188,32e15d88-ccb1-4150-8512-382599147f02,3000,,256
{'n': 3210},66,1723641588039,a30eb0b1-c92b-488e-9e84-7ab6df74c118,3000,179,128
{'n': 5410},128,1723641590137,720ee2d1-9599-4c6d-b86d-e61ae7c34ccc,3000,,384
{'n': 3910},226,1723641589683,b0e790fd-50f1-47f7-a3e4-ca4fe39b50b9,1927,,1792
{'n': 5910},291,1723641590712,d621d338-b737-408d-b1ba-b3e023db8d28,3000,,1024
{'n': 7610},370,1723641600143,6b585297-ae25-43fd-b39d-4eade98bef6a,3000,182,1792
{'n': 9010},84,1723641602801,e98c67da-dde5-483a-837c-338410fb9a8b,3000,,256
{'n': 9610},455,1723641619958,77191003-1c93-4fee-b6c3-2d64c43accd2,3000,,3008
{'n': 5610},334,1723641596142,b838470e-8d31-4e39-85fe-04cfb2425327,2890,,3008
{'n': 6610},286,1723641594827,e289dbfe-cffc-49ef-867a-177c185fe909,3000,,896
{'n': 4410},65,1723641588123,942cd590-99d7-438e-b501-687ad216bf6a,3000,182,128
{'n': 1010},92,1723641587189,07fe2712-f08b-4684-80d5-3960bba12d6b,425,,384
{'n': 9310},458,1723641616204,2cb9beb2-e2ec-443e-8a43-f4143764df5e,3000,,1792
{'n': 9410},66,1723641603981,1e30b8c2-3d97-4ec4-850b-2210ff17d674,3000,,128
{'n': 3110},158,1723641593915,fc44848c-a688-4b5f-9d25-bc8cb1a8daa7,3000,,384
{'n': 6810},382,1723641607471,80c66cf9-d8d5-4f84-84d6-04679a88dfb4,3000,,2560
{'n': 5110},393,1723641603948,63b8ffa2-c42a-44e7-aa20-8f8a85cfe6d5,2648,,2944
{'n': 2110},132,1723641588291,bf6bf4ac-fe5b-44e6-8fa4-796f0a9d0739,639,,2816
{'n': 7210},259,1723641605590,c0f1dc8e-c167-49d0-9a94-c1746bdeb565,3000,,768
{'n': 8610},416,1723641613403,a5086baf-ef65-486c-9be7-24246079733c,3000,,1792
{'n': 8710},454,1723641607296,79f336bf-0725-4cd0-81ee-2e18633aa6c7,3000,,2944
{'n': 10},43,1723641584858,5005e833-dedc-4ee4-9836-45dc197c23eb,5,176,384
{'n': 9210},442,1723641606790,efbddd4f-d074-4a78-9c82-4505010d2c8e,3000,,2816
{'n': 9710},456,1723641617227,a76f10b1-aaef-479a-95bc-6706d16398d5,3000,,2048
{'n': 9310},296,1723641603571,7a487625-5bad-410a-abdd-4c5364b9002f,3000,,1024
{'n': 8710},263,1723641610563,0228ad39-6501-4a8e-a4c4-26ca617fe838,3000,,896
{'n': 3110},183,1723641589783,70d8b822-ad5d-456c-84bf-470a11f5799d,1357,183,2688
{'n': 1110},84,1723641585934,ace85369-e072-4851-a6ea-99dcfa991e96,128,,2944
{'n': 2910},242,1723641595168,d240e135-297c-40e3-8d48-f95838ada698,1195,,3008
{'n': 9610},451,1723641607546,35c2c06b-17a4-4d85-ba6e-d79d6cd97abe,3000,,2048
{'n': 6010},339,1723641594862,0ec7f246-18d8-4411-81e8-3e71825792cc,3000,,2688
{'n': 1810},125,1723641587162,7c573319-55b6-4faf-aca0-532d827e0d00,478,,2560
{'n': 1310},239,1723641589237,46982775-cbbe-4d0a-a7e8-41f7e8c9ac2f,184,,1920
{'n': 7510},434,1723641609273,f6e232cd-c990-4829-8cb7-63d86bb62628,3000,,2816
{'n': 1710},86,1723641587813,d41d95ee-ab99-44dd-a5a1-2337e8e5a5a6,3000,181,128
{'n': 5910},334,1723641593857,419c53b7-c903-4a11-8b2f-1e6c3802847e,3000,,2688
{'n': 3510},82,1723641587712,47d0f6b7-35d7-44ca-864b-a9b3e28f1be7,3000,147,256
{'n': 1310},87,1723641586283,a301ba91-371f-45e1-a388-ab7f4aa47991,198,,2944
{'n': 1910},253,1723641589249,05de4c26-a20b-4390-9b6b-ea59ec7bf63c,1142,,1024
{'n': 5610},277,1723641590174,21783550-62dc-4a6f-acba-a0623aaa3283,3000,,768
{'n': 1910},269,1723641590772,31afa06b-3068-4630-8eb9-9e52e18e8098,450,,2816
{'n': 7210},66,1723641605586,604582bd-d72c-40a7-abed-3522b97670fa,3000,,128
{'n': 1110},76,1723641585857,d61314ce-8e6d-4f82-b6c2-a07a999b3ce3,1188,181,256
{'n': 2010},124,1723641587521,c5411ed0-b638-4656-9de8-390e5efccbe7,585,,2688
{'n': 3110},183,1723641589861,0b406ad3-73b0-4a33-bda5-d780bd92a5e3,1385,184,2816
{'n': 6710},304,1723641604304,875100ce-605a-4f79-a3a1-47247e3fd4e7,3000,,1024
{'n': 7510},458,1723641599765,b7b8d76f-faa2-4171-9f9b-232da750f59b,3000,,2560
{'n': 9910},65,1723641605427,55cdccca-79f9-4be6-ba24-cddaaf41130b,3000,,128
{'n': 6610},66,1723641604301,5f87cd41-3fb9-46f1-a7af-9f944259474f,3000,,128
{'n': 2910},173,1723641589319,5a0f92c1-e326-493e-ac51-df3166532462,1126,,2688
{'n': 3110},82,1723641593907,c771e44b-12a0-4338-9652-fabfc5dc41bf,3000,,256
{'n': 210},87,1723641586435,f5936579-03c1-45cd-b6d7-77f0396d6476,4,,2944
{'n': 6510},303,1723641604485,b1f7e502-8dda-458f-8dfe-682427626767,3000,,896
{'n': 4610},65,1723641587805,39cf8a38-072a-492a-a737-678ebe537a80,3000,187,128
{'n': 3910},226,1723641589980,df5ce948-369a-4ce2-849b-316e63ab4cad,1865,180,1920
{'n': 2210},258,1723641591462,a6a94b83-e6a0-4bc8-987b-ce4ed292aad2,669,,2048
{'n': 2910},356,1723641594457,28b5355e-47ee-4ba9-a2df-1b90a783e2df,1088,,2816
{'n': 4710},136,1723641596017,fdf5f7a6-1cd1-4a24-8d21-a54561da672f,3000,,384
{'n': 610},53,1723641585194,cfba5120-f5d9-4a2c-83ce-1b452fa7b546,186,178,384
{'n': 210},44,1723641584870,5905bfab-6e4f-45a0-9d45-94cb56fbb5b4,21,183,384
{'n': 1010},71,1723641585430,66b96ae2-bc41-4fba-a6d6-ffdd64f49638,117,184,1792
{'n': 2810},238,1723641593360,0bafb3dd-d041-454b-bc16-87608ac09a97,940,,2048
{'n': 1610},190,1723641589486,65a662b1-61bc-49b9-81b6-0eb3a07c82b8,305,,1920
{'n': 4510},258,1723641598530,af7260e8-931a-4d11-9e54-bae84d10edd1,2174,,2560
{'n': 1510},189,1723641589387,13900388-39c3-4377-ad3d-96b3612bd126,285,,1792
{'n': 5310},265,1723641590146,62b6b27d-d3fb-4ee5-bb25-b6f728d065dc,3000,,1024
{'n': 7410},81,1723641606097,4ada7f4c-1871-48c9-ae53-abb135223541,3000,,128
{'n': 8410},303,1723641610175,c7029557-410b-4ef3-8f47-856cf00cec01,3000,,896
{'n': 4410},255,1723641600568,fe005300-2cf7-4b64-a4a6-52ab73979681,2169,,3008
{'n': 6910},67,1723641594824,fcf529ed-d544-47f8-a939-2938a8ee87a9,3000,,128
{'n': 8910},429,1723641614537,f21d16e8-9f56-4e05-ab1a-35b3cf606e14,3000,,2560
{'n': 6910},403,1723641607487,f5485eb5-2765-4e23-90dc-20e07da2ad79,3000,,2560
{'n': 5210},392,1723641601692,82e2068a-d70e-44ac-aec5-ad49bad284bd,2887,,2560
{'n': 3810},265,1723641594819,1f28da1f-a272-4933-8351-450a4b18952d,3000,,1024
{'n': 4610},264,1723641601078,2caa8406-202a-40ef-9c73-ad27af4e8094,2285,,3008
{'n': 2510},151,1723641587265,6adbc692-1942-4bbf-a2e0-f0c3bcb5a276,2400,184,768
{'n': 110},108,1723641586099,68a59447-5231-4467-a2cb-6550a7fca55a,3,,896
{'n': 3110},221,1723641593503,41e3767a-dc47-47e7-92c2-add2212a61ca,2623,,896
{'n': 7110},425,1723641608161,207578a6-876a-4ae1-9136-d3d24ad631eb,3000,,1792
{'n': 6510},404,1723641607596,0f421322-4489-41f3-84e0-e4f9b94bb355,3000,,2048
{'n': 6110},344,1723641605706,c4d49aa7-ca60-4a7a-a935-6118a01063fd,3000,,2560
{'n': 3510},146,1723641594362,c3e68a01-5ca1-429c-a268-2c72f3588658,3000,,384
{'n': 410},48,1723641585446,dda59fae-1646-4d45-b3e0-e14fcba838ae,22,188,1920
{'n': 1810},231,1723641589238,02c6465e-6876-4efb-9a88-d5ae6dfea21f,1072,,1024
{'n': 6210},421,1723641607386,250a3e14-5e12-40c6-b5c5-081e938a1127,3000,,2560
{'n': 1210},162,1723641589298,54f4477a-de04-4fae-89ed-ae2e34b07d1c,160,,2688
{'n': 2810},170,1723641588934,7208b278-5b49-47bc-b9db-ba792f39fd1c,1077,,2688
{'n': 9910},288,1723641605444,088d8761-5e33-4fa5-aae3-344f9e41c3a3,3000,,896
{'n': 3310},172,1723641588002,964afc99-915f-4e2e-b469-a3261785c951,3000,151,768
{'n': 3510},356,1723641595985,d4ee5a36-e3ad-4fef-a2a8-6fb80438ab49,1459,,2816
{'n': 7110},425,1723641611242,0b2c77b9-f11d-4f01-8b97-ef8fd1f10314,3000,,2944
{'n': 8110},374,1723641608788,ffb20c85-68fc-4221-a62c-66bce025d517,3000,,1920
{'n': 9910},466,1723641621130,d5b67184-3d0c-4377-b88e-e217ad5372e5,3000,,3008
{'n': 8710},443,1723641613580,936b0e76-2504-4fac-959a-236854743ab4,3000,,1920
{'n': 7110},65,1723641595585,b61862ba-51f4-41a2-913d-8716681f4d02,3000,,128
{'n': 4110},237,1723641590325,87d1f738-7398-42b2-97e4-5ddc695996d0,2025,184,2816
{'n': 4010},204,1723641595917,2d82ca66-322b-4613-a20e-47be503d3512,3000,,768
{'n': 9110},438,1723641609300,d31e0f88-4573-4e10-b2be-3f11473fb94c,3000,,2944
{'n': 7010},434,1723641598322,0e08ecf3-42ed-4d62-a91a-676b20f21dcc,3000,,1920
{'n': 8910},98,1723641611348,29efe622-bc56-49f4-ad25-163d0e2703df,3000,,256
{'n': 3010},221,1723641594940,f41735e4-0452-474e-a9aa-2329eb003f77,1091,,2944
{'n': 1510},205,1723641589864,ca33190b-81a6-4729-b720-8567de792f13,286,,2688
{'n': 410},57,1723641586142,3a4452aa-2c8d-4d8f-8cad-edb2a726249f,148,,128
{'n': 3710},384,1723641595135,39c8d4ad-1762-45f0-bd03-994df90c9deb,1580,,2688
{'n': 110},44,1723641585447,bf7d7d7a-9ec0-4881-a87c-80a48ec2190b,6,183,2688
{'n': 4610},263,1723641593078,814a68ea-02f0-45a9-8e38-ae801e6c1ae9,2370,183,3008
{'n': 6510},366,1723641598165,e5ff4219-35c2-4a68-9e73-c8acc52d459b,3000,,1920
{'n': 1710},108,1723641586882,a122dce5-3eae-423e-a0b4-d2b20f4d7e87,479,,2688
{'n': 6610},440,1723641607546,6b5def93-af49-4c1d-80f0-546ee8401b50,3000,,2816
{'n': 8210},398,1723641605927,f2529047-be46-4808-9f3c-836b7618e56b,3000,,2944
{'n': 1310},87,1723641586157,8ef26c15-1603-4a21-b3b4-ed312aa9ee63,209,,2816
{'n': 6810},289,1723641604255,fc81c4c4-06a2-407a-a933-e3f59be23aff,3000,,896
{'n': 3910},312,1723641596634,76616cdc-8760-4e87-8de8-7a25fb350af5,1669,,2688
{'n': 2310},140,1723641586828,1be6ed42-6a20-4d91-9875-9c1f5e3cc493,2005,185,768
{'n': 5310},265,1723641590147,32519331-ea99-420d-92fb-3230e754d06f,3000,,896
{'n': 9010},273,1723641612283,1d5a3651-e87f-4608-b5f3-616d9398ba37,3000,,768
{'n': 810},103,1723641586370,ae4b1f33-ac86-4159-92c9-ea2fd34c2c50,101,,768
{'n': 9310},65,1723641603550,58eed094-6798-40fa-8c47-a2ca08062a3e,3000,,128
{'n': 5710},282,1723641602544,e5136353-adf7-4645-9942-f6d88ebbf530,3000,,1920
{'n': 4110},209,1723641595410,489d8b68-3e4c-40c2-a5f5-835b8eeb7ffa,3000,,768
{'n': 5710},366,1723641602675,b561de24-ec8e-4804-9610-db58c7073ad9,3000,,2816
{'n': 6110},100,1723641602469,374299ba-1cca-4e4d-a122-01b6a72a02d9,3000,,256
{'n': 2610},258,1723641592928,c8c4ba65-dfa5-439b-8a53-337e6c540169,1498,,1920
{'n': 8210},246,1723641609251,29c370a6-c38c-4796-9573-efdc14f000bf,3000,,896
{'n': 5810},258,1723641590473,e1beeb6f-3409-4c92-8c08-d729e3e7d3d4,3000,,768
{'n': 1810},85,1723641591194,b622b500-c98c-4d2b-89d7-929e4b0ae494,3000,,128
{'n': 1610},103,1723641586995,0af8b255-1a1b-4212-a4f3-dbe59c4d1c6f,2195,183,384
{'n': 6010},273,1723641601178,26af1504-dc3c-40d7-81ae-b15688c2a5dd,3000,,896
{'n': 10},113,1723641586095,320823bb-e0d3-434d-b938-42fef3a63461,2,,896
{'n': 2310},258,1723641592013,92796963-96d3-4338-89ce-e529fb807bad,716,,2560
{'n': 6010},288,1723641591608,a86d0985-6233-4b4b-8cf7-dc740387c921,3000,,1024
{'n': 110},44,1723641586322,00801366-7a28-4710-969c-5beba7f05d4c,3,,1792
{'n': 8210},85,1723641609257,6b8d9191-d5e7-41ff-b6a8-5a6b9bdeec3d,3000,,256
{'n': 8810},425,1723641605142,6dcd3953-513a-4bf6-9b5d-4882aaf681ce,3000,,2048
{'n': 2510},151,1723641588877,e8bf7117-9171-4f3d-9129-c4d7102640b3,1004,,2816
{'n': 710},57,1723641584998,889607fa-142c-47ab-bcd0-3d49ae9cb7cb,109,184,896
{'n': 7810},446,1723641613313,396e0a61-2974-4940-8795-86198ff56194,3000,,3008
{'n': 7110},347,1723641601756,5aff77ab-81f4-4dbf-8a67-c92615a76326,3000,186,2944
{'n': 2210},215,1723641591571,1ef87ba5-9faf-46a5-93b3-fea655521ec4,664,,2560
{'n': 3610},210,1723641589790,4bf3344c-7879-4396-bb06-c325a02e7b9d,1721,183,1792
{'n': 4210},242,1723641590381,680480ab-8f9b-4d01-b21f-5709be0cb1e5,2166,186,2560
{'n': 9110},85,1723641603094,fbea87f0-6e37-4c16-b5cc-3cd19b254b6f,3000,,256
{'n': 5110},291,1723641592838,85e6d14d-ef0e-464c-b5a2-83bb5e392b1b,2573,,2048
{'n': 5410},269,1723641590138,f1c29c9e-6b78-4144-a0d5-32a2a644539b,3000,,1024
{'n': 7310},287,1723641596204,43d28ffa-02ef-41b1-b59b-cec6817c545c,3000,,896
{'n': 8610},458,1723641613512,16a5f108-b8a9-4a69-a517-6d258f69ebed,3000,,2560
{'n': 6410},74,1723641604232,12cffb8c-2097-401e-804c-a1f860bed677,3000,,128
{'n': 4110},209,1723641587820,7aa6fa36-e0d7-4434-989d-77edbc8daff8,3000,185,768
{'n': 9310},445,1723641616347,560142dc-ad69-4583-b16c-80acf468556b,3000,,2816
{'n': 3010},178,1723641587663,d154b171-5198-4ee3-8a2a-5d764e365381,2685,181,896
{'n': 1410},92,1723641586630,787746ff-a54f-4229-8292-d2c1f76c143b,1633,190,384
{'n': 5910},65,1723641600231,28fdb86d-042b-45ca-8054-4e3f78916b40,3000,,128
{'n': 2510},218,1723641590983,3d52d2d5-2adc-4b81-9bd0-984d59a5c906,1824,,896
{'n': 1910},173,1723641590578,3f89e0f3-bc11-4c90-8bac-775a58d749b0,471,,2688
{'n': 7110},398,1723641598836,f792dae0-0158-4460-9131-2261dbeca0d9,3000,,2560
{'n': 610},53,1723641585505,f1c81685-2807-48a7-b2fc-30be173d51d8,38,163,1920
{'n': 8510},66,1723641600781,b9e042ab-46b4-468a-8031-24dfedaa0fd2,3000,,128
{'n': 5410},393,1723641605173,d7cac7a6-2428-4d97-b753-50ae98eb3d41,2944,,2944
{'n': 6710},133,1723641604291,5b70a711-9737-4c4a-b69d-a82a587a032f,3000,,384
{'n': 6410},388,1723641610478,599ab448-11a9-402d-88ca-c9145aa18067,3000,,3008
{'n': 4810},241,1723641587995,88da5c6e-d457-47fc-b068-5d9e21763405,3000,181,1024
{'n': 6810},306,1723641604255,cd25cd87-1e59-4657-8476-91d56df0958c,3000,,1024
{'n': 110},44,1723641585292,dc4f7fe0-6167-4243-98b2-e74a0ba3870c,7,185,1792
{'n': 8810},334,1723641611445,1b59be66-7b72-48c0-9130-095c5b2f44c4,3000,,1024
{'n': 9310},100,1723641613086,31eb380c-e434-4dba-8a8a-e61a899fe9ed,3000,,256
{'n': 3610},317,1723641596271,925048da-a5a9-49e8-bbb5-f67e9dbe2eb7,1459,,2688
{'n': 7810},224,1723641597668,9e5a317e-f1da-4e3f-8920-753c0a98da08,3000,,768
{'n': 7910},392,1723641601843,bca6080e-e9b4-4b2f-9876-536dd5a5d794,3000,,2048
{'n': 9610},461,1723641616996,7536a067-b3b5-41a5-92f7-8fbaa15250f3,3000,,2560
{'n': 2110},154,1723641588405,a1f1c497-2f89-4066-8bf2-e9141c92869d,661,,2944
{'n': 9710},460,1723641610699,f31fa6b2-523d-4eaf-903c-2b12585b6353,3000,,2944
{'n': 7410},328,1723641606194,b1c302fc-fb26-41a9-b090-72c8fce82e85,3000,,1024
{'n': 1610},103,1723641587060,ac2eba4c-148c-46a5-a559-0abff55ba359,411,,2944
{'n': 5610},318,1723641593330,d85444c6-52ec-40ec-b7d2-a12614881bb1,3000,,2560
{'n': 910},113,1723641586359,1d52ea86-f01f-44e1-94df-baca60ec4666,109,,1024
{'n': 3710},215,1723641589863,301ac0a3-df28-4e56-9b14-b4b228a269ea,1755,,3008
{'n': 5710},84,1723641590083,c2c36595-b9ff-4751-b420-518fd58f2511,3000,,256
{'n': 9310},442,1723641609750,006762c7-1409-4c32-8c11-10b1da9f0d59,3000,,2944
{'n': 2910},190,1723641589677,e532b3b7-800f-42eb-bb79-816e611b3232,1193,,2944
{'n': 5910},387,1723641606354,c994647e-b974-44ff-987d-7157aa1455dc,3000,,2944
{'n': 8310},402,1723641602922,f41b578f-85d9-4c89-bddc-ddd89dfb8a7c,3000,,1792
{'n': 2710},172,1723641592197,807c0c63-a819-43da-8397-bc4876b94344,2540,,768
{'n': 2410},146,1723641587018,13106764-8d2e-4739-b583-ef3f0d965ed7,2313,184,768
{'n': 5810},361,1723641602994,4ca3ff87-7878-4de7-ab3c-eaefc9ac0b2e,3000,,2048
{'n': 3510},143,1723641587889,820f19ea-e8bc-4593-aa75-c496d0ca3489,3000,187,384
{'n': 8610},85,1723641610394,3f58ab98-3197-459e-98d4-0ffb685e5943,3000,,256
{'n': 2910},190,1723641588745,916bfb93-b223-456c-ad13-52f9932a2c54,1128,,1920
{'n': 8810},460,1723641605148,199229f5-c2d2-454a-b5c3-92f4aab713a0,3000,,2560
{'n': 1310},87,1723641585745,4abecf0d-c97c-4aed-a59f-5ba6c6fc4108,214,,1792
{'n': 2410},269,1723641591613,f2e9d9e4-e517-4ca6-bca1-beb868b7a801,796,,1920
{'n': 1610},111,1723641586132,28ac5f8a-3d82-45e3-a08c-4b60b93811ef,358,,1792
{'n': 5410},339,1723641593140,0845ef0c-8065-430d-b58e-3ade50517119,2816,,2688
{'n': 8310},402,1723641603096,9391a9e8-b9a1-44a7-9073-a97eba7d1fdf,3000,,2560
{'n': 2210},122,1723641587774,a3e54609-d32b-48a8-a652-9c9f012232e4,3000,180,384
{'n': 7910},383,1723641614336,0b71d2db-561f-45e4-88b6-9de8dd60b794,3000,,3008
{'n': 4410},286,1723641598303,172b3ad1-4b12-43cd-b1d9-e62d9c5f30d3,2054,,1920
{'n': 5210},384,1723641592970,b801586e-5a82-4a1b-9cf1-354b2d41220b,2724,,1920
{'n': 5310},264,1723641599042,97be539a-9923-40d4-ae0c-8337d9dde230,3000,,1024
{'n': 4910},280,1723641599371,e582ac29-4948-4b00-a152-adf2ed7c9202,2602,182,1792
{'n': 9410},452,1723641616779,6d8829ed-b9a2-43a0-8f8e-2bcf61019e40,3000,,2560
{'n': 3110},183,1723641587447,1e4a8a0a-8dab-4648-b676-55dc1167051d,2445,161,1024
{'n': 5410},307,1723641593001,ba3378d9-b7ff-4e30-b939-aea37fa2a3b5,2673,,2816
{'n': 6710},99,1723641604312,4c053f39-04ec-467d-9857-d9b1f76551c0,3000,,256
{'n': 8310},267,1723641609322,d8fd3325-2b29-420e-a7b8-0d4995ddd0c3,3000,,768
{'n': 4010},66,1723641588072,0246b254-5ee9-44a8-83d2-4e056c462998,3000,186,128
{'n': 6710},377,1723641597969,51a1c55d-5c22-42e2-ba31-b35daae3f3d7,3000,,1920
{'n': 5910},466,1723641606348,83f0525a-efaf-4f61-89b3-a22deee54346,2939,,3008
{'n': 3710},86,1723641593445,cea8a46c-11f2-4196-acd0-8f7459112b09,3000,,256
{'n': 8810},98,1723641601889,ccdc0fec-b56f-4027-af31-c9ee24dd69a5,3000,,256
{'n': 8910},434,1723641605010,d9c2f2a7-b331-4af9-9481-098db799367c,3000,,1920
{'n': 610},65,1723641586493,57ccfe98-f3ff-4ffd-8ffb-680bff9f6d6e,29,,2944
{'n': 3110},183,1723641588789,b6ee7bdc-46d2-45cb-a0ba-cbcbaf0b3545,1287,,1792
{'n': 610},53,1723641585683,9dbf3f7a-772c-4438-afae-0f4c81035f12,619,184,128
{'n': 7210},351,1723641602351,18e90e25-807e-4c43-b372-d82e3d3f10c4,3000,186,3008
{'n': 6010},339,1723641594835,a3d76c0e-1e53-4832-96d2-b1bc7b480ddc,3000,,2048
{'n': 2910},286,1723641593916,b72a167d-daff-4c98-92d0-21c2fadcec3a,1084,,1920
{'n': 610},61,1723641586344,95684c2e-0c5e-4b29-8a52-fe4627c51a54,30,,1920
{'n': 8910},435,1723641604858,535456bb-0868-48b8-81c9-d3525fb9a792,3000,,1792
{'n': 1710},116,1723641587108,31778c0c-9e1e-4e6c-ad13-5c0519dec701,372,,2816
{'n': 7510},365,1723641602781,1aeb7b67-052d-4fd6-ac1a-1b0a0b7deab0,3000,184,3008
{'n': 1810},215,1723641590178,dd6c4dd1-0a51-493e-a04c-bb0cc8339183,431,,2560
{'n': 2410},146,1723641586592,6e88d41d-a80a-4c37-b37c-5583eb3ccbbc,1632,185,1024
{'n': 6610},391,1723641610511,05f47dbb-24c9-4e8b-a17b-3f5790657202,3000,,2944
{'n': 7210},371,1723641599047,257e712f-c2db-4d0b-96e5-9b9d5d49a77e,3000,,2048
{'n': 5710},298,1723641590170,1f9d01b5-39a7-49c7-8756-c9ac45b99f39,3000,,896
{'n': 5710},250,1723641599445,896be278-b7be-4caf-b956-12047d2b703f,3000,,768
{'n': 4610},232,1723641587919,449ab41d-1de7-4eb4-8e11-c6dd12e3df47,3000,180,896
{'n': 8010},66,1723641608075,47b8760b-8064-4c14-b7b9-09dc770a4322,3000,,128
{'n': 4910},85,1723641596493,4cf7275c-8ef3-4249-82de-ca4e3c9b813a,3000,,256
{'n': 6310},395,1723641597810,e504f93e-694a-4cd4-8d7a-bb8ac7e07dfb,3000,,1792
{'n': 3210},253,1723641593399,58f8c44d-1524-4916-b40c-631fe40bcd4a,2302,,1024
{'n': 4810},274,1723641590903,ed483b19-c8c7-4535-81a3-6a47d35202e0,2490,181,2560
{'n': 1510},97,1723641586790,25c34354-99e5-412b-9341-8a0dfd29c09e,1827,178,384
{'n': 1010},71,1723641587282,585f47a4-c63f-4f44-9974-ca6703708575,105,,2688
{'n': 9210},158,1723641603572,3bb63019-8d0c-4931-b0cb-eb8323092e67,3000,,384
{'n': 4110},328,1723641597454,efe8065b-35ad-47b1-8d45-6e660cde5316,1868,,2816
{'n': 7310},156,1723641605712,42b9b9e1-0e50-4b41-9c50-07b5ef64c81c,3000,,384
{'n': 2610},156,1723641586946,de071f20-5563-44a8-b8a8-7437c6f1b8b6,1971,185,1024
{'n': 9810},463,1723641608574,dacab2f2-7ad8-4040-9446-7189db8b769d,3000,,2048
{'n': 4910},281,1723641599200,78950990-3808-4010-aaf4-8fe5dd1846de,2520,,2560
{'n': 1710},115,1723641587372,78128b2c-0ea6-4c9c-9cc9-7909378fefd7,420,,3008
{'n': 8110},89,1723641598798,3cf3f868-d59f-4aaa-a71e-bdac36645ece,3000,,128
{'n': 2710},231,1723641593813,1bc87203-ea18-4eb2-8ad0-06b02bae624a,996,,3008
{'n': 310},46,1723641585665,5ae9c845-973d-4382-8296-397034acb5c3,14,180,2816
{'n': 4610},263,1723641599181,25fefea5-d6bf-40f2-a659-093381db519f,2487,166,1792
{'n': 5710},119,1723641599441,9a7b768d-3cae-4393-b9bc-c3cad5474041,3000,,384
{'n': 510},98,1723641586321,0873b605-7333-468e-ad34-7417e1d0b43f,18,,2048
{'n': 5410},378,1723641605108,9a81100f-c1b8-4365-833e-bfe4e34bd779,2879,,3008
{'n': 810},61,1723641585095,67af8017-381d-4d2a-9403-cc88739df529,127,180,1024
{'n': 9110},246,1723641603133,5bc47ca4-912d-46f6-beee-83da943d4143,3000,,896
{'n': 4410},253,1723641590512,b362828c-a962-49a3-8061-8f3fbc377822,2253,184,1920
{'n': 210},44,1723641585553,bd57d1cf-7454-41ee-8fe0-fb8c5ed5d6a7,10,184,2816
{'n': 2710},162,1723641588908,dd7bce79-47fc-46ec-987b-cdfad7dd699d,942,183,2816
{'n': 3410},65,1723641587793,c8cda7bd-adaf-454e-9bca-7ff983d8b4d7,3000,181,128
{'n': 9410},446,1723641610264,49bbdb03-8d3c-4f36-90ce-f1e37712c3a5,3000,,3008
{'n': 7510},366,1723641599738,22a85509-0ef1-467f-837b-92fef41a793a,3000,,2816
{'n': 6010},339,1723641604385,ddabacff-fca4-4d46-bb62-f6eef42eb531,3000,,2816
{'n': 5510},323,1723641601882,2015cd3b-cd0c-4e47-bc44-e4b23c03f9a6,2745,,1792
{'n': 9510},117,1723641604094,803a8a90-ece8-4f56-9e1d-479bdb443f15,3000,,256
{'n': 2610},231,1723641593312,80d924ae-4828-4750-8d40-2d6ce6e5a247,840,,2688
{'n': 3010},66,1723641593438,c577cad7-e5cc-44cc-96d1-6fd41d656232,3000,,128
{'n': 6510},310,1723641594875,640dd77f-2919-4a96-96ba-a378c5624aa9,3000,,896
{'n': 3710},215,1723641587918,6241b937-e369-4330-bf63-aa8833250dd1,3000,182,896
{'n': 5710},66,1723641590218,877c8f97-d4a2-4aec-8892-2c4644a955e9,3000,,128
{'n': 9610},118,1723641604362,0ad39e31-721c-427a-9905-f6f7e2181afa,3000,,384
{'n': 9910},291,1723641614954,68aa5841-debf-443c-90f8-d350ccbec207,3000,,768
{'n': 810},61,1723641585650,b70a6b62-8274-41dd-aff1-973cdc81e84d,70,,2816
{'n': 3010},65,1723641587949,62475f61-6bf5-496e-8849-0f41eb3e9f7a,3000,186,128
{'n': 910},65,1723641585960,fbc8f825-ad00-4969-a991-0eabc9524f10,94,188,3008
{'n': 3610},210,1723641589920,4a224f97-066a-416f-89ab-1e4deedcab43,1641,179,2688
{'n': 1110},76,1723641585517,2d484085-28b5-4c2d-9cb5-731c1f20cd95,170,,2048
{'n': 3910},226,1723641587999,eb4fe3b9-8e70-42cc-afb2-a4fd23f23854,3000,186,1024
{'n': 310},46,1723641585176,1bbac584-b85b-460d-aaae-3635a1c6934b,146,178,128
{'n': 5410},391,1723641602256,3bb0e364-aa5a-4cac-9a3c-4a0623af1a8b,2826,,1920
{'n': 4010},232,1723641597910,da3e49b0-114f-41e1-a330-4d8df6b43d5c,1782,,2816
{'n': 3210},188,1723641589792,e1aa5640-260d-4de8-9a67-6c8ae110342a,1456,182,2048
{'n': 9110},66,1723641603176,85a25854-7f77-4c0b-bee0-218ea18f37ab,3000,,128
{'n': 9910},465,1723641618165,01c10f01-3ba3-4be5-9f16-e29d4b9d77a9,3000,,2816
{'n': 3410},199,1723641589470,da30b522-9887-4572-9e23-d8033f831d5d,1581,,2048
{'n': 5710},393,1723641605608,10626f05-e1d2-4fde-859c-430729af04f1,3000,,3008
{'n': 410},76,1723641586043,296cef56-5665-49f6-9147-0514143cc174,41,,384
{'n': 9010},434,1723641618476,8034c865-6a97-4e33-bf09-8b569cc7eb79,3000,,2944
{'n': 8310},435,1723641612476,993cdce3-779f-4b46-90df-924605be2a30,3000,,1792
{'n': 310},46,1723641585370,b1c2343b-78d0-4074-9dea-b88f82590b77,14,183,1792
{'n': 3510},307,1723641596105,c691e4b3-2822-472f-9e13-add8b7c12804,1577,,2560
{'n': 6810},120,1723641604242,c7e779df-6fc3-46c8-915a-fec3ba177522,3000,,384
{'n': 1810},127,1723641587727,e30921a8-976f-4985-9391-4bb8785247d2,477,,3008
{'n': 3810},339,1723641596664,46fb1621-9ad1-4930-ad02-ffe4dcc463b9,1792,,1920
{'n': 8610},66,1723641610320,eafaf5dc-318c-40d7-8bc8-9adb14303865,3000,,128
{'n': 8610},416,1723641607164,b620596d-c5d7-488c-a4e2-7e9469b53fbb,3000,,3008
{'n': 7310},356,1723641599415,f193ad6c-175f-4d3b-b59d-290b9f79db5c,3000,,2688
{'n': 6010},136,1723641601154,7b8959f9-de58-47ca-83fa-85b50ee3243c,3000,,384
{'n': 1010},71,1723641585514,dab002dd-e6c5-4f11-9764-da0a3b767c60,840,179,256
{'n': 2310},65,1723641591879,c6e45030-1c97-42f0-b134-fede159bc118,3000,,128
{'n': 3210},82,1723641587948,9c35943c-b482-4a9e-a657-cf2f2ab35044,3000,182,256
{'n': 2110},274,1723641591873,eefdf471-5825-4b8d-9263-ae95a799e4b8,650,,2816
{'n': 2610},258,1723641592571,d9dfbff5-3c56-4c32-bef1-0dededc04bb4,921,,2048
{'n': 8310},402,1723641603104,072d1107-fee9-4000-a20c-812747c3cc5e,3000,,2048
{'n': 9610},92,1723641613772,17c6f1ca-917e-4754-a607-e97af8c97cc7,3000,,256
{'n': 8610},416,1723641604182,acf4030a-3199-4109-a8fd-5dd9c0b4f47b,3000,,2560
{'n': 6010},339,1723641604375,aa930425-d7c5-4483-aec2-683c3081a707,3000,,1920
{'n': 110},71,1723641586060,a0663fcf-ae0f-4d3e-a1c1-b81d4a26dc36,3,,256
{'n': 2710},162,1723641588999,8646c743-e800-4054-859a-36533bbea23a,1107,,2688
{'n': 210},52,1723641586417,719149a6-ec04-40a6-ac80-fc50c8f56bdc,4,,2816
{'n': 5410},387,1723641602153,66bf8ce2-0065-483f-8a45-a3ef5699da47,2714,,2816
{'n': 510},50,1723641584914,f813a3ae-e298-4b5e-8ddd-6fe5c9b777d2,54,178,768
{'n': 9410},296,1723641613530,430d0053-1530-4c1b-ab84-5b3c9f343a5c,3000,,1024
{'n': 8110},142,1723641605847,b00cde46-389f-4f66-9a85-a31792b1b27f,3000,,384
{'n': 5110},291,1723641601307,01e6cc92-a3e9-4b39-9a91-5900e485b626,2579,,2816
{'n': 7410},281,1723641606173,a1d6674c-0ee7-4007-a206-eb16589279f3,3000,,768
{'n': 4010},231,1723641590294,ff3c43b5-62a5-42ef-af16-1ae3af351a6e,2004,185,1792
{'n': 1110},84,1723641585762,48765498-4fd5-48e3-8c3f-0a7fd29968f8,129,,2688
{'n': 1710},153,1723641590847,7514bf01-924e-473c-9305-951fb9eaa824,2850,,384
{'n': 1210},81,1723641588061,0515dabd-e5f0-40ac-82e4-315d3a98d3d0,3000,181,128
{'n': 2510},136,1723641587898,23831383-fc29-468d-bb7e-d0e2fc2358e6,3000,182,384
{'n': 3210},227,1723641594113,e196318a-f741-49de-897c-6b5f88c3138e,3000,,768
{'n': 9910},291,1723641605438,20289768-32bb-4262-93f8-735d5a6242a2,3000,,1024
{'n': 9610},108,1723641604251,a2940adb-9ef1-412f-a529-4e5804d70e72,3000,,256
{'n': 5910},65,1723641590773,e99f17eb-54f6-46f7-80da-7c88ba02f3a9,3000,,128
{'n': 3410},199,1723641587834,ac46466f-62fc-412a-9d87-2e8b04dbda0f,3000,208,768
{'n': 5310},267,1723641590146,49d1378f-51cc-4710-9267-55de9578ed32,3000,,768
{'n': 5310},256,1723641599041,992ae3b3-d0bb-4a02-866a-b50bfb306235,3000,,896
{'n': 4410},82,1723641587907,a79067e0-debf-4672-b123-d17633109d06,3000,,256
{'n': 9710},458,1723641617132,37303d20-ec6f-4ce4-a00d-2230ec7c3b5c,3000,,1792
{'n': 9410},455,1723641607214,c2e15278-06e1-426b-89aa-8e0c166cf9b8,3000,,2816
{'n': 9010},434,1723641609040,d39eea2f-ce7c-474e-8e96-6e3f4449c09f,3000,,3008
{'n': 510},81,1723641586146,0c07c83e-0d18-4cd4-9e51-093b3b75b530,73,,384
{'n': 3310},323,1723641595883,ae42473e-60f5-4416-ad33-a7f614486ff6,1331,,2816
{'n': 2310},153,1723641588573,bf5f8faa-423a-45c0-b293-d68b07fe3e8d,753,,2944
{'n': 5910},375,1723641603433,8d0df57b-f1a9-47ae-9957-c2081c958e6e,3000,,2816
{'n': 8810},291,1723641601916,b5d25677-3573-4851-83a2-4572a9559939,3000,,768
{'n': 9210},312,1723641603573,3ea61d79-f226-4016-ad4c-329dea9806f6,3000,,896
{'n': 3410},156,1723641587907,24cf8c98-6427-47a5-84bd-b3f89397269f,3000,188,384
{'n': 2310},210,1723641590686,c6c01865-6ee9-4dfa-aa2e-f0b81920caf3,1837,,896
{'n': 2910},231,1723641594355,dfadc8ad-d73b-4b6d-a438-b335d62d7d80,987,,2688
{'n': 6110},361,1723641599246,d00622f1-6c60-4f59-9ad7-42bf76482bd2,3000,,3008
{'n': 4110},209,1723641587891,0a580f8e-c653-4ce7-becb-6741c85add68,3000,164,896
{'n': 5610},142,1723641599388,f6c82887-4e3b-4299-a422-6f32943d5569,3000,,384
{'n': 710},57,1723641585710,98eace94-7519-419e-92c8-bbfb634422ca,57,184,2560
{'n': 6010},339,1723641594867,aa0ee01f-102a-4abb-bd5f-eac44886a92a,3000,,2560
{'n': 6010},272,1723641591622,80d5265b-ba4c-4b1e-b956-cf08ffde728d,3000,,896
{'n': 9610},448,1723641610427,20eec371-5eea-455a-9a64-de5e63b51eb7,3000,,2944
