payload,memory_used,start_time,request_id,duration,init_duration,memory_size
{'n': 4710},269,1723642554597,6fa01387-a34f-4b8c-a4ec-f836b9ecd7dd,2477,,2816
{'n': 7510},235,1723642552394,e6e5a41e-9715-4fe4-b3a4-53d6b6962ad2,3000,,896
{'n': 4910},280,1723642557780,421ad1e6-95c2-4575-ba8f-ef424503b768,2709,182,3008
{'n': 3610},65,1723642550052,04fa9c5e-8ab3-4a29-8709-58b6caec9f45,3000,,128
{'n': 5910},333,1723642549716,aec2fa37-9ad7-47ab-98e8-328b14058222,3000,,2560
{'n': 8610},178,1723642556825,8600cb60-b2db-4c58-affc-938085a8ef34,3000,,768
{'n': 3610},269,1723642551811,d6c125da-ad44-4966-bf71-13639af4d20e,1552,,2816
{'n': 4910},67,1723642552054,c9804385-dc6b-4502-a48a-88f420273ea4,3000,,128
{'n': 1810},113,1723642542735,67f49808-8a91-477d-8b4d-74fdf917601c,2883,182,384
{'n': 3810},82,1723642550460,0505d970-bfed-449e-9196-25f072dd3262,3000,,256
{'n': 1910},128,1723642542443,e4aa5785-a304-4e7e-a498-b5e034aba090,440,,2688
{'n': 6710},423,1723642552970,5c9ba975-9497-4f22-b523-0e0183a512c8,3000,,1792
{'n': 10},85,1723642540972,7a5649fc-f4a9-4216-9ef5-8ad8a90995c8,2,,2688
{'n': 4510},294,1723642551331,b2e62621-f868-49d6-9432-580b9342b018,3000,,1024
{'n': 3210},269,1723642548456,9aaf9daa-fea9-4a23-b7b1-8c01e58ed626,1423,,1920
{'n': 8110},239,1723642554719,ff8a9598-9b74-4d95-ab7c-49aef220bf56,3000,,768
{'n': 7910},384,1723642556858,b4b5cfcf-eaff-498d-91ec-6c3b262eba90,3000,,1792
{'n': 8810},98,1723642557592,8c71b8dc-025c-4441-8627-e690a97e18ad,3000,,256
{'n': 1910},127,1723642541913,a4687704-9705-467d-b50b-3818f88db372,539,,1792
{'n': 9510},453,1723642562588,323aef30-55fd-49b6-b1dd-c88f39d44db8,3000,,2048
{'n': 7410},360,1723642554962,a2d83cde-4056-4626-a5f9-d8826ef7161d,3000,183,1792
{'n': 2710},312,1723642548982,3486f1c7-90b7-4349-957d-d242f62d81ea,1273,,1792
{'n': 2610},99,1723642547819,9bc1371b-3938-4d11-a727-05f3cf8cecf3,3000,,256
{'n': 5310},301,1723642556608,611847de-e064-4d27-9bfe-764718170de0,2863,,2816
{'n': 7610},66,1723642552647,61f91929-c37c-4eff-82d1-886b13719ec8,3000,,128
{'n': 5210},296,1723642558682,cf7b8ea1-b252-498f-85d7-2b282a1c819b,2691,,2944
{'n': 4910},246,1723642552083,8d4f4f42-3890-4e46-af26-87b87876c0d6,3000,,1024
{'n': 5810},98,1723642545704,ebcfec42-f4f5-4d53-9ff3-514bffcadf09,3000,,256
{'n': 6610},370,1723642556205,9d9832be-560f-45cf-8346-f0fee36693ea,3000,,3008
{'n': 410},50,1723642540553,710f6cd7-1734-4da7-85ec-938e76a41329,86,,256
{'n': 4910},279,1723642545960,c26aeaf9-e62d-4ecd-aaad-0e98ab5619e6,2511,173,2560
{'n': 6310},67,1723642559428,d0b2a410-d28d-4df8-b79e-8ff33b371cd5,3000,,128
{'n': 9810},459,1723642573105,16641daa-b113-4775-b636-1c63af7e18e2,3000,,2816
{'n': 6310},391,1723642556190,33ac9f48-009f-4e15-93e5-3c404ac203af,3000,,2944
{'n': 9210},443,1723642571324,50225f77-25b8-45a8-9f95-d5e96029a7df,3000,,2048
{'n': 5710},116,1723642545187,ac3897a6-1461-485b-a27c-d65f3041e1f6,3000,,384
{'n': 2710},247,1723642550082,6e71d3a2-9dbd-4cef-89d6-a6cfa8383a38,1059,,2944
{'n': 7910},331,1723642553800,c01f6796-8319-44db-b086-76ead5a4eb2f,3000,,1024
{'n': 510},55,1723642540269,9fa4e980-82b6-4ba1-9961-483fa4d479fe,21,,2048
{'n': 8010},319,1723642561448,cb94ac6a-393a-4480-9716-3716e84a3192,3000,,1024
{'n': 4310},247,1723642548001,9df10230-9ec5-474c-9372-c4f9c5b8e8be,2221,,3008
{'n': 5710},338,1723642548264,cd0f8771-fd5f-404f-b5c6-130f743e02aa,3000,,1792
{'n': 5510},330,1723642547639,6343d59e-307c-4cdb-9194-24aef84747ce,3000,,2688
{'n': 2910},312,1723642549223,6ca58c88-6791-4a81-a3e7-0aa909010271,1366,,1920
{'n': 9610},98,1723642559356,35b773da-6d30-40fa-8d2e-22a677b6d294,3000,,384
{'n': 8710},328,1723642556922,ff1caf81-f5d2-4b65-90f2-a840f5115362,3000,,1024
{'n': 4010},231,1723642545555,f2613725-2763-4ce8-8002-da1c2c39bf57,2124,187,2560
{'n': 2310},140,1723642541679,e2d325a8-7c04-4d93-a7a7-552b321a3644,1636,162,1024
{'n': 3310},194,1723642544692,c873e1c0-ec43-4e78-b41e-53f5346fae9a,1485,163,2048
{'n': 2610},156,1723642542992,b20f7dfc-034e-4950-86b2-70372bbf2195,955,,1792
{'n': 2810},285,1723642550383,65ccdd44-d835-4d05-b80d-e5ba8d5d2b30,1140,,3008
{'n': 7810},380,1723642559963,67ace7ad-6ab7-4804-8620-c2a316ed5a35,3000,,3008
{'n': 3710},328,1723642552344,51b94bd0-a6b0-4798-b5b7-5c709016bc95,1745,,2048
{'n': 4310},247,1723642553602,4dd2955b-6f1a-4525-bac7-30ece74641c6,2173,,2688
{'n': 8210},250,1723642555129,507f6ba4-7a16-4e56-a450-596e126eea61,3000,,896
{'n': 6110},113,1723642555135,39336db2-6fdc-4f87-9ef0-cad08dbe6fcf,3000,,256
{'n': 6210},65,1723642549966,44caffcc-7ec3-4605-863c-b08fa2248ea4,3000,,128
{'n': 3410},341,1723642551058,276edcbc-75ce-4c4b-8fa0-c79b9e60a40b,1382,,2816
{'n': 1010},71,1723642541859,ce5c72d3-bf91-4289-b788-57652f967fa5,1860,184,128
{'n': 1610},174,1723642545365,3ab093e5-aaf6-45b5-a86d-bdb060249d2d,375,,2944
{'n': 7210},375,1723642554794,24da28e8-f73a-49d1-a5f5-e22edfa898f1,3000,,2688
{'n': 9510},232,1723642559381,be8b1e59-c152-4ed9-b957-7ace75d72907,3000,,768
{'n': 4910},82,1723642543055,49e9b9c4-9452-4a6a-a712-0e0067008eee,3000,180,256
{'n': 5610},275,1723642544840,c41c2e12-f681-4f27-9b02-8f52a62d62fc,3000,,768
{'n': 9810},471,1723642573067,11db8f93-8ff9-4902-a173-dbdd5255da01,3000,,2048
{'n': 4910},250,1723642552093,025f940a-d3bf-4b14-81b5-3b746c0b283c,3000,,896
{'n': 8110},313,1723642554738,512cdb70-7f91-4620-b6cc-ef86571285d2,3000,,1024
{'n': 6910},420,1723642566335,2fd371d0-ef81-4ea7-ac27-5fd40eca79e6,3000,,3008
{'n': 7010},392,1723642554081,b1a8054b-7955-41fc-b96f-b2fcbf329bf1,3000,,1920
{'n': 6610},370,1723642553234,d929fa4f-6c01-4ebb-aee7-8030a225847e,3000,,2560
{'n': 3610},210,1723642545197,7c890b26-8d9e-47da-aba9-eb79b53ceee5,1777,185,2560
{'n': 2810},167,1723642543945,1899b63d-4d5d-4f1e-b108-ff1192b48da1,1200,178,2560
{'n': 3910},258,1723642552391,f5f500f7-d20b-48cc-8545-7b922cb33ae6,1690,,1920
{'n': 2410},341,1723642548285,34dd9d54-45a6-4700-bd4c-5d210a5c4524,758,,2816
{'n': 3710},277,1723642550437,25ee250d-f446-47eb-856a-8d1ee21a2854,3000,,896
{'n': 6310},98,1723642559522,a4f33896-6ad9-4f27-8e7b-9b9237a928a4,3000,,256
{'n': 8910},66,1723642557750,9e866cd3-f3a2-437a-9531-f3f299664cd2,3000,,128
{'n': 7210},369,1723642554809,fe7c426c-e95b-4d7b-a01a-d40b7d5e511f,3000,,2560
{'n': 810},61,1723642541812,9ca08024-32b2-4d73-b172-52be8dca7bff,68,,2688
{'n': 8310},130,1723642562537,56c0c255-41bd-41ec-b7c0-1d8b053a585f,3000,,384
{'n': 8910},429,1723642560930,eaf55c31-9254-4bec-a661-f337d568b459,3000,,1920
{'n': 7210},351,1723642554621,84dae255-7aec-41f1-aa1e-9d628fc6f9c6,3000,,1792
{'n': 3310},278,1723642549863,02a35df4-4d6e-424a-9fdc-c017a61618d0,2885,,1024
{'n': 2310},223,1723642545672,93456429-3c8a-4924-8662-1163f0817eb5,1457,,1024
{'n': 410},49,1723642540191,cf485f94-941f-459b-9791-51685b4fd3c6,18,,2944
{'n': 1910},119,1723642541314,5058817c-ced4-4a31-807f-985fad89bc08,1331,183,896
{'n': 10},76,1723642540869,12d03e98-df8b-4ed6-97f9-063caa36b091,2,,1792
{'n': 2810},169,1723642544703,8148d1b1-926c-4d5d-bb98-6b38745d6b6f,951,,3008
{'n': 1810},229,1723642544685,66e7a68b-d046-4fcf-aca3-0fc6a5428b1a,1576,,768
{'n': 1810},113,1723642546372,7507cf75-efd5-4a09-9a78-4e9e8418e47e,552,184,3008
{'n': 6610},82,1723642559458,35d019ff-2bd3-4fab-a763-b8e5e5763622,3000,,256
{'n': 7510},358,1723642561845,9ff8d6c9-beee-43ad-a2e9-f4d6de81ab78,3000,,1024
{'n': 8710},420,1723642560047,6bc39860-313f-40b6-8bf9-0b492138ac6c,3000,,2560
{'n': 8110},239,1723642564279,4fee9115-8766-4672-b1cd-367fc13a710c,3000,,768
{'n': 110},44,1723642540312,3d5f86fb-586d-4e3f-b3ee-f7876aef36ed,6,186,1792
{'n': 7710},408,1723642556849,def05e31-cb7f-47d4-b429-1ef1a3032f44,3000,,2816
{'n': 7510},113,1723642561790,ce425888-d2a3-41de-8b17-aa547487ecbb,3000,,256
{'n': 610},87,1723642541021,689feeda-3c55-405e-bc8b-1f41743b6fee,39,,896
{'n': 9710},145,1723642569849,3ec82225-931f-4ce6-aa6f-e92d408d56e4,3000,,384
{'n': 9210},268,1723642558749,ee1d3ec0-d0dc-4526-b757-10c02671b06f,3000,,896
{'n': 7410},425,1723642567559,c6dd4e5f-553a-47d5-a3ea-3332b9f8f767,3000,,3008
{'n': 4810},312,1723642556768,aeadc558-590e-4846-8091-d67e63c33d6c,2443,,2944
{'n': 9810},152,1723642560377,fb3c853e-b4c7-49b7-8941-165e8ed95ae3,3000,,384
{'n': 1610},112,1723642542100,a4630dfe-e7c9-4a7a-9efe-ff405b31953c,391,,2816
{'n': 6110},344,1723642551595,528483d0-a173-4fc6-bf83-dd8bd4d3b7ea,3000,,2048
{'n': 2110},130,1723642541545,e09921ac-88b3-4ce2-a90c-fd29e9e05813,1622,182,896
{'n': 2210},117,1723642543009,96e5d602-7df3-4fa3-91ab-a8640c4e2144,3000,181,256
{'n': 8010},435,1723642564429,3c3b7a9f-291f-4d60-9e5e-1e8cea3d20c2,3000,,2048
{'n': 4510},260,1723642553856,a2f8b1fd-427e-45fb-9030-cf8a5436cbe2,2358,,2816
{'n': 7010},256,1723642560422,b6a6ea8e-919e-4602-a961-195e1f2e282a,3000,,768
{'n': 9310},464,1723642571836,2796ca66-6221-40c8-9a9f-fe3227d5d27c,3000,,1920
{'n': 210},44,1723642538352,4c490e8c-aa55-4079-9fe8-3dc8ddb20973,43,184,256
{'n': 4210},338,1723642553400,dd43333d-2641-473b-8d67-46980908188e,2032,,1792
{'n': 3710},215,1723642547175,b8c5f3ee-71b4-495c-814a-a17ce527468c,1843,180,3008
{'n': 4410},273,1723642547887,9ce2eb82-5b73-45e4-9ea8-af9510b1b1fe,2018,,3008
{'n': 4910},292,1723642554809,371ca305-ed9c-4a0e-85ca-c5c503e10b6a,2574,,1920
{'n': 9010},434,1723642564212,2f40143a-7a31-462a-9d83-c965691a5509,3000,,2944
{'n': 7610},447,1723642568502,071b0ae0-21bc-4426-9ec3-0dd5b780585f,3000,,3008
{'n': 5510},386,1723642557036,6532fc14-784e-4784-b75c-70d014ddb0e1,3000,,1792
{'n': 3010},226,1723642549482,85912916-6dd2-41d7-8735-3c0c52d1d803,1225,,1792
{'n': 1510},97,1723642541831,1e541b20-a2e6-4356-94fe-e292fa0fe328,359,,2944
{'n': 5010},313,1723642546165,21120706-c447-496d-b45a-ba7b453f8d6c,2688,,2560
{'n': 7710},320,1723642553699,1a3f7b09-3620-45ce-934c-4c47732eb34b,3000,,1024
{'n': 2110},246,1723642545316,0e335334-8157-440f-a963-0e13538eace7,1541,,1024
{'n': 2710},162,1723642544072,92809441-86b0-4884-8a1a-7d79bbefe9e8,1069,,2560
{'n': 3210},274,1723642550024,57d4d5fc-cbd1-4248-8aa2-07afd4d378f5,1416,,2688
{'n': 7210},440,1723642554683,ff8c5a81-813e-466e-8b2f-0c5902f4587c,3000,,2048
{'n': 1510},97,1723642541018,a16b9fc0-f61a-460a-9f05-cbb2057a90c2,400,,1792
{'n': 6610},371,1723642562670,7b74c141-8c35-4e8f-99cf-e9f25e7a0462,3000,,2560
{'n': 1410},92,1723642541240,7554c148-3bb7-40c4-8bb4-a898dbcc99c0,293,,2560
{'n': 3510},319,1723642551584,206245a2-6b93-4953-af9c-3b189d4cd532,1572,,2816
{'n': 3810},221,1723642545449,25ff4082-9072-49c1-856a-9169d66c2b27,1945,188,2560
{'n': 3910},122,1723642550558,ca8deca5-4370-44cf-bc15-736ff72ca51f,3000,,384
{'n': 610},91,1723642541192,fafa1394-b027-49b0-ad7f-f7caeebb067f,28,,2560
{'n': 6610},371,1723642565627,728f931a-be28-4bc7-b472-391a5e70098c,3000,,2944
{'n': 9110},438,1723642561571,c87e83da-d6e3-4bc5-a14d-ed45149cc057,3000,,2048
{'n': 9510},453,1723642572032,156b5284-644f-40a6-bccb-1db4c38ba185,3000,,2560
{'n': 310},49,1723642540170,7b7a04cf-a5ef-433f-8ede-b9673f68b184,8,,2560
{'n': 8510},66,1723642566007,005710a3-5592-41fc-948a-e3d4181d941a,3000,,128
{'n': 7210},448,1723642567409,69b59552-994b-46ae-9672-573d139f210d,3000,,2944
{'n': 2210},135,1723642542545,e7d9228d-5b22-428d-ad53-0707bf773619,832,,1920
{'n': 8310},70,1723642562544,ede4ce17-14b6-4dd5-a8c6-34dd25adab73,3000,,128
{'n': 1110},76,1723642541021,fd908a37-ca36-4a03-818e-140f05f8e33f,826,193,384
{'n': 4510},258,1723642547905,ed7effdf-170d-4308-9c15-c12ada28443c,2354,,2944
{'n': 4110},237,1723642545677,e4951be3-a2c3-46ed-9ac8-16c2943d31d4,2198,186,2816
{'n': 210},45,1723642539711,c508fe2b-089c-49b7-b4ec-3c56b9e2f42f,6,,1920
{'n': 6010},340,1723642550195,148ccd06-9650-4f47-8346-d7d4b6140799,3000,,2560
{'n': 8710},264,1723642566270,708f3a4b-d678-40f6-aa6e-4ddebc0fe6d3,3000,,768
{'n': 3710},215,1723642550439,6abada4c-6276-4713-9e95-912f2939ed58,3000,,1024
{'n': 1610},65,1723642546317,84df5f29-f7f2-4cb7-89c6-e586b04e2072,3000,,128
{'n': 1510},188,1723642545335,c7820483-cf1c-4eab-b8c1-faa5cc8018dd,319,,2688
{'n': 9710},331,1723642560349,e8b78111-72d4-4a1e-99c9-24b6ed13841f,3000,,1024
{'n': 5410},306,1723642547619,4843a32a-7e16-4915-8565-9b82064902e4,3000,,2048
{'n': 3510},204,1723642545045,872e4931-47dc-416c-95e3-176c47e83c7d,1593,165,2816
{'n': 9310},445,1723642562153,855e1ca2-607a-4924-92c6-037897f10e3f,3000,,1792
{'n': 910},119,1723642541808,461e4f83-8ad3-4f4f-9627-cd0ef21a469f,143,,768
{'n': 3310},194,1723642542918,22043c74-55c3-443d-a195-6adeae95d5af,3000,182,768
{'n': 5910},90,1723642555898,bb090699-2481-4573-ba4f-b920ab61c432,3000,,256
{'n': 5910},333,1723642549697,a0f9a2e6-5a53-4e2c-8b26-600ba3fae172,3000,,2816
{'n': 1510},90,1723642546477,bf680e46-7929-40d8-8a9e-fdb7181621f9,3000,,256
{'n': 6110},251,1723642555271,c4b34c5c-70fb-44f1-a3f8-49bce4587be2,3000,,768
{'n': 1510},98,1723642544812,adbfc977-7e66-4099-b10b-96b2924b1830,312,,1920
{'n': 210},44,1723642538600,fe53bf82-99f3-4e76-954b-0b37284ef3bd,9,184,1920
{'n': 8410},350,1723642556219,812da0e2-e3e4-47cc-bd69-73565643fff6,3000,,1024
{'n': 8810},425,1723642573235,efe2144d-44c3-4838-ad6b-1960e6782321,3000,,2944
{'n': 6410},360,1723642553068,58ae379f-99be-40f9-97da-e85ac05e1bfe,3000,,1920
{'n': 8110},307,1723642564293,c917432f-d5a1-4e64-8c3c-0aafb137fc09,3000,,896
{'n': 7610},124,1723642552625,941ef127-712a-4cdc-836b-235f3e380b25,3000,,384
{'n': 4810},274,1723642546140,b24fce6a-a3cd-41c7-a9a9-fe5c926ea70f,2605,144,2816
{'n': 7310},243,1723642561710,a0e75f5d-5fc0-402f-988a-9d1132a12946,3000,,896
{'n': 4910},113,1723642552093,eb536244-beea-4470-9127-22514477fb1a,3000,,256
{'n': 8010},440,1723642564717,be702c66-3ace-4305-a5be-24663d48db5f,3000,,3008
{'n': 6410},360,1723642553103,2a0225e5-0e28-4d1c-99f8-179556ba3c75,3000,,2048
{'n': 6210},279,1723642549990,52f9c8b3-66cd-40e7-91fa-c427d194a653,3000,,896
{'n': 5310},264,1723642544472,343bf93e-ff75-43cd-ab5a-9eeb481dd35c,3000,,768
{'n': 5010},303,1723642555329,70fd234f-0371-4945-bf0c-1aec733920df,2683,,2816
{'n': 9010},66,1723642567473,ebd7cbc6-365e-412c-832b-f4bca3a089da,3000,,128
{'n': 6710},415,1723642553094,461632e0-6ab7-4003-addb-daccbda82880,3000,,1920
{'n': 4210},82,1723642543093,94de1885-4804-4259-b716-999423fb4cc0,3000,187,256
{'n': 9810},264,1723642560383,3aba0155-18ac-46e5-bed2-23f10f73912f,3000,,1024
{'n': 410},49,1723642540001,d53ae5d6-4267-4c10-85c2-877eb3c85152,17,,1920
{'n': 7610},451,1723642565467,14a4a21b-d23f-47bb-ab7d-549a9d960d5c,3000,,2816
{'n': 2310},65,1723642547229,e18f53bc-d7af-4b69-8dba-bef901a5b062,3000,,128
{'n': 7810},420,1723642566436,dae5e336-317e-4fcf-afde-08deaf3978ba,3000,,2816
{'n': 1010},108,1723642542763,82637932-92fb-4fe4-898c-efd40dfd035c,82,,3008
{'n': 4110},98,1723642551212,d08524ae-0549-453e-97c2-0cbc73fdbc81,3000,,256
{'n': 7010},420,1723642566479,82bd9cf1-a2d5-4f64-ac1f-3e4f51594adb,3000,,2944
{'n': 810},119,1723642541456,4419a895-d10d-4ce3-885f-fc161553af22,88,,896
{'n': 5010},285,1723642558091,f9b12297-4b73-45bb-b7d7-4c9647e2a1ca,2591,148,3008
{'n': 8710},420,1723642569531,767d9a18-df41-4b03-9acb-ffacaa334aac,3000,,2560
{'n': 4210},214,1723642543018,e17755f4-8faf-400a-8184-b04f6c0f05a3,3000,176,768
{'n': 2510},229,1723642547045,86fe0151-4f1d-4bfa-ac79-3042a54b0c47,2321,,768
{'n': 8810},425,1723642570335,570beef2-ec31-486c-ae29-aa292f5ef2e9,3000,,2048
{'n': 2710},65,1723642542950,6e545979-ebf6-4957-a8e4-b9193b1e07fa,3000,189,128
{'n': 5910},376,1723642562131,c7ba9804-e0a7-4de9-9e7d-e8895fdd8821,3000,,3008
{'n': 5710},322,1723642551287,4c9bd83b-1472-407b-9cab-ccb51c51c388,2984,,2944
{'n': 610},71,1723642541162,e860a695-0b9f-4149-9a10-513b41e830cb,210,,256
{'n': 8610},416,1723642572359,4cf1422d-2632-4ab7-9a5a-3e42b2031d3c,3000,,2944
{'n': 9810},471,1723642573100,d2b8fd7c-8b4e-4d7f-bbb3-75ff714049a9,3000,,2688
{'n': 6010},340,1723642550127,92fe318a-c154-4a91-b15b-28fcb2bb73ec,2978,,2688
{'n': 1610},111,1723642541738,09026f5c-e505-44d0-9f38-f20b2ce6f060,288,,2688
{'n': 4710},228,1723642551930,5525bc9f-7545-4829-9412-88242966dcfe,3000,,768
{'n': 9410},150,1723642568536,f68476ab-1885-478b-a90a-16d76200174b,3000,,384
{'n': 4510},98,1723642543024,5a913fc8-b0e6-41d8-a1a8-b890b97ed59b,3000,179,384
{'n': 8910},440,1723642573447,c025496c-7f09-44ad-9eb0-6cfb81f7cd28,3000,,3008
{'n': 2810},107,1723642548158,4b336864-0850-4ee8-80f4-2cd9138b2527,3000,,256
{'n': 7310},438,1723642564912,e6adb150-e542-41e8-add3-d522d60d2740,3000,,2048
{'n': 9110},438,1723642564527,d1cfe57d-ea71-4abf-bcd7-e33888f70ba6,3000,,2944
{'n': 7910},420,1723642569455,737e9d86-14fc-4034-8bc8-b424b868aae3,3000,,3008
{'n': 1910},101,1723642546394,809c9a60-5466-43bd-80a5-84f76f9e08a3,3000,,256
{'n': 7310},355,1723642555085,5c303552-769d-48b4-87e4-d5de9ccdeecd,3000,,1920
{'n': 2710},143,1723642543069,a228cd97-2cb9-4ac0-9ffb-1651926c493a,3000,186,384
{'n': 9310},245,1723642559084,70bf0066-353c-459d-a5a2-effa019d1dbf,3000,,768
{'n': 8910},131,1723642557799,1acb8ebc-2eac-43d2-91d0-566c3976d776,3000,,384
{'n': 2910},172,1723642543024,a20c9507-f139-4b6b-916a-101adc4f5a64,3000,180,768
{'n': 4810},241,1723642543067,d77990e4-9b27-4ca3-a85f-080b18b15b3c,3000,181,1024
{'n': 1410},92,1723642546241,bcdc139f-9fa1-454c-b0e3-48d3f3b3fadb,3000,,256
{'n': 4210},242,1723642545714,8a8617e6-9e69-4439-bab2-2ad00c62b119,2188,183,2688
{'n': 3810},195,1723642543084,f3a7909c-acfb-4c92-8cd5-f8793bbe77cc,3000,185,768
{'n': 4010},317,1723642553102,44aaff40-4711-4709-82af-de2088fd349f,1904,,2048
{'n': 310},46,1723642540018,ccb0e144-b745-40b3-b440-334204637b21,61,187,384
{'n': 9110},438,1723642561440,5a48d8ca-7036-4838-bacd-148180bc366c,3000,,1792
{'n': 5610},318,1723642554164,6acfd977-745f-49da-80f7-a68e32d231a7,3000,,1024
{'n': 2710},162,1723642543247,f75c7acf-11a8-433b-9774-a3400c3ee8d3,1059,,1792
{'n': 9710},460,1723642573081,16dce7eb-f2b0-4c0b-861c-df18ebd1358b,3000,,2688
{'n': 8010},388,1723642558038,b4e781a8-1956-486d-a1ff-c12155171d8f,3000,181,3008
{'n': 8410},406,1723642562398,973570dd-295e-489c-aec8-45a447bcc2a0,3000,,3008
{'n': 6310},354,1723642562723,2b18282c-886e-4419-acda-d98a7f71572f,3000,,2560
{'n': 7310},356,1723642555127,5f4a896e-55a3-4d7b-a337-18b8a88a7a4c,3000,,2560
{'n': 2110},274,1723642546861,a3020785-9a84-4f84-b0fa-702d81c0d9be,627,,2688
{'n': 5310},301,1723642550302,37298aef-d923-4880-b14c-51dc0eceae79,2895,,3008
{'n': 8610},417,1723642569455,862e2025-36e1-4faf-95ff-01dd9b548c92,3000,,2048
{'n': 5110},312,1723642549940,65b89f9a-0cb8-474a-a2b4-c0e5058f4e1c,2884,,3008
{'n': 5010},257,1723642543307,9b5c3fd9-50a6-4a3a-8b72-a5d988423b66,3000,,896
{'n': 9110},65,1723642567873,42dfd65c-e768-4ddb-8742-89739d3829fa,3000,,128
{'n': 9210},443,1723642571390,e5ce2dfa-05e8-43b9-81bd-278f83ac8690,3000,,1920
{'n': 9110},319,1723642558354,84940dd7-7be7-4bf6-9ede-e46cd4b28896,3000,,1024
{'n': 9910},464,1723642564218,65419df7-9f31-4308-9b20-cd172ca286c3,3000,,1920
{'n': 4210},65,1723642543066,1a07f79a-528a-4082-9709-c5657137306c,3000,182,128
{'n': 4510},258,1723642553516,07a01e43-e30a-4e00-8b7b-2e55707aca33,2193,,1792
{'n': 1010},130,1723642542316,0252adc0-0420-4dc0-974d-cc56c1b7a17c,227,,768
{'n': 5910},261,1723642555946,69501119-a1e0-4577-8e62-938ef16ed1fc,3000,,896
{'n': 9910},464,1723642576750,40aabdc8-c910-4930-b8bb-a69f83f8d98e,3000,,2944
{'n': 6010},269,1723642547012,db490115-6038-4748-9141-108af83a096b,3000,,896
{'n': 9710},453,1723642576018,ccb083ef-031b-4f94-9ff1-c097eb9af937,3000,,2944
{'n': 410},49,1723642540072,4a2e1a40-d14c-46eb-ba65-f61530981eb8,17,,2048
{'n': 6810},381,1723642553189,8add966a-8b97-4458-92a4-c3ada89cb6fe,3000,,2816
{'n': 3610},253,1723642551930,b652f52e-82e1-4fbe-9fea-a54f44f77da7,1707,,2048
{'n': 6510},365,1723642553173,dc9ac467-b0e0-4319-8291-bba1f0b9a3f0,3000,,2048
{'n': 2610},156,1723642542458,a267d6cb-26a7-4526-9586-ea6e109666c3,2577,179,768
{'n': 8110},66,1723642554691,d3a6a030-48ad-4313-b9c0-809f4d713a0f,3000,,128
{'n': 2610},343,1723642549070,698ae439-9b5c-4caa-8a13-5bba6b3cbefc,1175,,2816
{'n': 3010},82,1723642543140,277db782-0022-47aa-b508-a2ae3cb9e67b,3000,188,256
{'n': 5110},111,1723642544259,6cb69777-57c7-42c7-8dc3-a33b3b929404,3000,,384
{'n': 9010},434,1723642573711,12211485-cbb4-4e3f-bd0d-fc64301d81c0,3000,,3008
{'n': 2710},89,1723642548510,de978709-7583-405d-9959-f77bfa1b8e5d,3000,,256
{'n': 3910},226,1723642545534,2f16b829-896a-45f0-9555-1070cd607323,2076,183,2816
{'n': 9510},130,1723642568854,d71ac9e0-e0da-4180-8d5c-edd4cc685d9e,3000,,384
{'n': 6010},338,1723642553116,8f6a4c9f-a93d-4c46-98b2-e83c7395844e,3000,,2944
{'n': 2310},290,1723642547337,98694675-b5fe-4200-9715-db4285e65c7c,543,,2688
{'n': 7510},441,1723642565047,7de162cc-07cc-419f-b760-5215eaecfc10,3000,,2688
{'n': 1310},94,1723642541450,6e8b62cd-75ec-4c62-92cb-889a3986db64,210,,2944
{'n': 3510},286,1723642549708,46e7d97d-f568-41fa-9005-ebf6c3e8265b,2864,,1024
{'n': 2710},162,1723642544526,16e48512-e47f-4a26-bbb5-f0dc4779cd51,998,158,2944
{'n': 3510},333,1723642551739,7978bbb7-7d25-43e9-b883-abe8662976a8,1822,,2048
{'n': 9610},327,1723642568850,4311e57a-cfda-4503-ada7-5d5b2c5c0334,3000,,1024
{'n': 8810},425,1723642570354,3acef6a3-a991-4c5c-b68a-037ec54d7d1b,3000,,2688
{'n': 1610},130,1723642545961,35100b16-9299-46ea-9664-91f0a5c84b14,2735,,384
{'n': 2210},283,1723642546372,eac30f19-ee2f-49d1-a413-87a16cf3ef26,1864,,896
{'n': 4710},269,1723642545984,be67bc8f-3144-4721-9888-d53ce9376ac3,2635,185,2048
{'n': 410},76,1723642540502,09e047eb-9e65-4263-83f6-20a0caac8ab0,21,,896
{'n': 3310},322,1723642552767,b172cc0c-30c0-4d89-a02d-f3c712e9156e,1366,,2944
{'n': 7310},408,1723642564917,c271b95c-c7d8-4a34-a113-1dd1884536e7,3000,,2688
{'n': 7110},397,1723642554293,b6c582bb-342c-4c20-96c0-24ae2636c7b9,3000,,1792
{'n': 8010},388,1723642564536,8684b58d-3332-4ff8-84ce-8c73404d21d0,3000,,2560
{'n': 3810},65,1723642543144,3df478e2-355a-4ea9-982c-e573f68ab679,3000,185,128
{'n': 710},61,1723642541344,feca7bfa-0f5f-4d02-8181-275332e67c1d,313,,256
{'n': 810},61,1723642540152,84e64013-6577-4f0b-b554-2f6fc214e19f,150,182,896
{'n': 4110},81,1723642551127,3b2dd36e-c981-49ee-b817-583b03c13829,3000,,128
{'n': 6610},397,1723642553124,025b0c79-0a28-4fb4-95d3-0d24db415610,3000,,1920
{'n': 6810},130,1723642559457,a43cc695-429e-402f-9754-7bd16f967fc2,3000,,384
{'n': 1610},183,1723642545288,1bc1d707-91d6-4446-b2d8-a80dc224d760,344,,2816
{'n': 6710},260,1723642549960,084e979e-7f3e-441c-9f4f-ed4df92c77d2,3000,,768
{'n': 7210},317,1723642561232,52805261-be7f-46c2-8d07-5846d41a464d,3000,,1024
{'n': 7810},328,1723642563238,6ed1dfce-ae06-4655-8845-5fdbbb69ca81,3000,,1024
{'n': 210},45,1723642539489,6bffc111-81aa-4953-b51b-ebc46d130980,5,,1024
{'n': 8810},65,1723642567171,7bda3d5c-b49c-4a07-be1b-242762e346e1,3000,,128
{'n': 6410},381,1723642553174,b66455a3-3110-46a1-b75c-82cfc1634542,3000,,2560
{'n': 2810},167,1723642542453,21a34532-37f4-42cd-b93d-bc93e959c178,2610,184,896
{'n': 2610},156,1723642542135,cc92fcb4-302b-4803-8bee-749283cd4d85,2219,181,896
{'n': 5610},268,1723642554171,c1a80723-b4ee-45cb-ab88-7c828280ca54,3000,,896
{'n': 4210},242,1723642545835,e4952b57-4be0-43c2-90eb-8a217dd53d47,2285,185,2816
{'n': 7610},370,1723642555875,50d837de-bd42-4fcf-8dda-763496aedcdc,3000,,2816
{'n': 4310},327,1723642551248,063000ef-e18e-4440-bee4-84dcbef0f984,3000,,1024
{'n': 5110},264,1723642553186,4a8caabe-4069-449c-a63c-d97d10345ed5,3000,,768
{'n': 5810},77,1723642545695,4d268957-b836-4277-8d8e-a9654e5bb026,3000,,128
{'n': 3510},333,1723642551588,bd174aa6-6c1e-4da8-afbd-455650c1d883,1717,,1920
{'n': 910},135,1723642541814,94966aa1-9f52-45d4-8d07-12c8a345386e,145,,896
{'n': 9410},65,1723642568509,f342d16c-3f3e-49ec-9176-551be1db99b6,3000,,128
{'n': 8810},425,1723642560748,9e016570-573f-4eba-93eb-347882b7442c,3000,,1920
{'n': 1410},92,1723642541427,d75e27b0-6cf8-4bed-96b2-d93a5b211eb1,282,,2816
{'n': 2010},269,1723642546653,834a21c8-58b9-4540-8281-d613423b45c7,608,,2688
{'n': 7610},66,1723642562207,bce6fa46-09a9-4bdd-98b2-c548891525fa,3000,,128
{'n': 4510},258,1723642545946,319add1a-d757-443c-9d0b-5585901a0419,2469,184,2688
{'n': 4010},231,1723642552960,f9321dfe-ef68-4a08-baa5-724dec6c22a8,1894,,1792
{'n': 910},65,1723642542317,5b42c355-d819-4f89-938f-77bb3983fe7d,675,,256
{'n': 8010},224,1723642554442,5d0d2f36-b1b8-4d51-ad9f-3852c55c7913,3000,,768
{'n': 910},65,1723642540541,239eb202-c408-4f73-94a4-6193e499a099,97,183,1792
{'n': 1610},111,1723642541704,e3e7be7b-9354-4045-a65d-dbb9d94b798e,418,,2560
{'n': 9910},462,1723642567292,ccea954b-5aea-4b66-b005-8b7253c8a8cc,3000,,2944
{'n': 5410},87,1723642544442,18689648-d373-48bc-8385-0658b33ffa31,3000,,256
{'n': 2610},156,1723642544433,0d2a8034-fce9-48b3-82a6-a42494a5ddb3,1072,185,2816
{'n': 7910},383,1723642557013,13fc3927-f576-48a9-9f27-e88fa57fa594,3000,,2560
{'n': 6210},349,1723642562489,f57f818f-b6e5-4745-80e1-a36ad10b0233,3000,,1792
{'n': 4510},258,1723642545863,8b8e75a3-258d-44a2-8770-700c71361575,2451,177,2048
{'n': 3110},285,1723642551736,1613fb92-ae07-4c69-b9ac-40d17d20bb1b,1330,,3008
{'n': 7110},397,1723642554373,733f1879-9942-499e-9fea-6751192bfd0f,3000,,2048
{'n': 9010},434,1723642570753,fbd96afa-c44f-4ccc-adc1-885ece0b2aed,3000,,2688
{'n': 8610},67,1723642566266,9fb83e44-b47c-46dc-9a89-8741c4222498,3000,,128
{'n': 1810},103,1723642542897,a6966df2-afd7-456a-aa15-7bc1eb3a6844,3000,187,256
{'n': 3510},205,1723642546500,f0177443-5bb0-4d55-8c1f-9c92a1f62cb7,1690,185,2944
{'n': 5510},312,1723642559868,e2bfa0d0-b6d5-4476-ad4c-385306dbbcab,2914,,2944
{'n': 3310},338,1723642551356,61f89191-1b9d-4847-90b1-0501af2831a2,1447,,1792
{'n': 9510},82,1723642559391,e497156b-b3c5-45c7-946c-0bb09744574c,3000,,256
{'n': 9210},459,1723642561977,aa4de867-42e9-4c7e-b617-f27ee0615459,3000,,2048
{'n': 1210},188,1723642544098,d9429b5b-0c45-4971-b060-1c4b129163d6,731,,768
{'n': 5910},258,1723642546528,3217e588-5772-47d3-b3f3-1601cad15dc0,3000,,896
{'n': 4510},258,1723642545496,681f1206-ab58-4820-acfd-4a8d4533fa15,2444,,1792
{'n': 2610},247,1723642548854,6c61019b-4ac7-43cc-9621-dab9d14d2f4d,927,,2944
{'n': 5110},273,1723642544293,a493b0ca-17a4-4a2d-a33d-1bd4758de314,3000,,896
{'n': 7010},108,1723642560405,22cb7e4e-844c-489d-8c05-17ce70a51a59,3000,,256
{'n': 5710},87,1723642554533,e59ce77f-e276-426b-8bca-3c7ac1053b9d,3000,,128
{'n': 1310},100,1723642545224,9dc1d4e5-bb22-49a1-b088-18c652aebce3,1919,,384
{'n': 4510},258,1723642548058,f634d526-8a99-4b66-8c2a-708bd6f5fc3c,2215,165,3008
{'n': 9110},438,1723642571026,b929d781-05c1-4d6e-827f-1c2801e0002a,3000,,2560
{'n': 6010},151,1723642556434,354e1ae5-30ac-4758-b938-2a641ec7b3e7,3000,,384
{'n': 610},92,1723642541103,af369446-47c3-4f2e-92cd-31c33ee6af10,27,,1792
{'n': 310},46,1723642540602,03fdb19b-72ae-49d9-9f67-f8a07aad4f33,138,,128
{'n': 210},45,1723642539664,4fe80e9e-8be3-4837-a1db-59e5daf38104,6,,2048
{'n': 5310},328,1723642547274,8ac45df3-97da-450a-8220-3f38aa8d7602,2619,,2816
{'n': 4410},282,1723642551580,b0af896f-ad29-4b47-8f14-c9105fc4f7e9,3000,,768
{'n': 1910},119,1723642546924,6cd62083-0bf3-4690-b5ec-d90436300f81,614,187,3008
{'n': 8910},429,1723642564015,90017c68-45f2-40b2-a2f8-463f687484a9,3000,,3008
{'n': 5510},312,1723642547417,8cba69cf-2e28-4e68-89a1-d15616696029,2733,,2048
{'n': 1010},115,1723642542634,4ff5015d-8c52-42a3-af55-21b88033bbbc,83,,2944
{'n': 1110},76,1723642542492,444aa4b0-fd2f-423e-af4a-1e3c03271dac,2461,,128
{'n': 6710},402,1723642562632,64ddcbed-2dbe-4c56-8385-226e28e8190e,3000,,2816
{'n': 6810},383,1723642553115,091735c5-370e-4568-ae83-6574602a0f32,3000,,1920
{'n': 4510},227,1723642551292,6b8f7f9b-dda3-427b-9916-480123cb3bb9,3000,,896
{'n': 8110},448,1723642570449,622b35fa-c430-45c8-b0e7-b801f0d5a909,3000,,2944
{'n': 3710},345,1723642554323,0fc75866-61aa-41ae-a72f-4152c9105912,1914,,2944
{'n': 2910},329,1723642549835,14947fdb-7bc3-4014-9532-7f90dc579304,1275,,2688
{'n': 9710},457,1723642563538,bfac7254-7b09-4520-b781-74c3bde1b0a4,3000,,1792
{'n': 1110},76,1723642540307,40140009-2e52-4392-9c69-d50bd153725b,312,,1024
{'n': 210},44,1723642538664,cb94487f-2c52-4375-99c8-e4c313ce7f30,9,179,2560
{'n': 6110},366,1723642558520,25e00e64-98fd-485b-9665-86e531e22f80,3000,,2816
{'n': 5110},290,1723642555932,67ed8f5a-ef66-4b06-9163-e50ad011d7f9,2688,,1792
{'n': 4210},242,1723642545509,313472ef-bd8b-4749-ad1a-921aa3edcb64,2038,159,2048
{'n': 8710},328,1723642566278,8dca4d21-7065-486f-b96f-1fad3fdd1465,3000,,1024
{'n': 3410},317,1723642551120,429fae71-493a-4c20-98e8-d05e6d3b734b,1511,,2048
{'n': 3910},247,1723642552639,b8b194eb-6262-4ae1-9a18-6d8bbc4c1d97,1884,,2816
{'n': 9010},332,1723642558002,d6ffb2ba-7325-4c12-bfa6-232a44dcd98a,3000,,1024
{'n': 2910},263,1723642543627,a6d4f682-b411-47bc-b551-6d361730099c,1231,,1792
{'n': 9910},66,1723642570592,a8940c78-f73d-4e41-ae91-0ce836b7e1d0,3000,,128
{'n': 2410},313,1723642547900,e35c298e-7f60-4bcc-8c34-1aff2ee31363,879,,2560
{'n': 7510},414,1723642555536,4d90bd12-67ab-43a8-afb4-7a98a1c8b45e,3000,,2688
{'n': 3210},188,1723642543027,c800eb55-7655-4622-b9bf-d29117f1a8e6,3000,,896
{'n': 3710},215,1723642545076,efe9c218-65d4-4cca-ba02-412774b6386b,1685,162,2560
{'n': 8710},420,1723642572475,399fb39f-2bab-4338-b7d0-8e8d390618b9,3000,,2944
{'n': 9710},466,1723642563578,18c6c85b-0428-475b-aadc-a4e311e8a0ee,3000,,2816
{'n': 1210},83,1723642541041,be29285f-1e69-43c3-8263-53d89abef724,183,,2816
{'n': 610},54,1723642540341,22d110fa-af37-4089-b890-ae1c9b538571,31,,2560
{'n': 3010},290,1723642550813,47bcdbbd-19f0-42ec-ad2d-eaf10e4404cd,1279,,2944
{'n': 3910},344,1723642554577,d5c7780b-849d-43d1-9f14-6de301a87911,2033,,3008
{'n': 4410},253,1723642548315,5bc5db12-b2cc-4eb7-a80a-db440932c04c,2252,181,2944
{'n': 2210},285,1723642547491,c1c4e7d5-77de-4996-b4d7-1e27f7180916,764,,2048
{'n': 110},49,1723642540061,8d7e1385-edc9-4eef-84e0-82f3d27d760b,3,,1920
{'n': 310},46,1723642540013,b40b7feb-f74b-44cc-814f-6082ab83d177,73,150,256
{'n': 2510},280,1723642547999,6e9cd18c-8459-4a99-ad8d-3732934efe64,985,,1920
{'n': 3110},82,1723642543054,992a1d0a-3cf8-4a73-88a2-ad4952dbb6c0,3000,185,256
{'n': 7510},443,1723642567997,cbf7ae16-02ec-4513-a750-3fcc42abfcc5,3000,,2944
{'n': 7910},383,1723642566487,8216522d-41f0-42bf-b0e8-8f14955b7de8,3000,,2560
{'n': 7810},328,1723642553752,5571feb0-6baa-46cd-8d2d-22bbd942ef78,3000,,1024
{'n': 6310},355,1723642553285,4b846178-ca87-4abf-b52d-25f521bc06be,3000,,2688
{'n': 3310},340,1723642551414,4b4f147c-6337-4b14-929e-70ecd5f1445d,1267,,2688
{'n': 1910},199,1723642545273,b330fcd7-782a-449b-b3a6-20a42405514f,563,,1792
{'n': 5110},290,1723642547498,c83b28ac-bae7-4b04-867e-aec0a33d4734,2873,182,1792
{'n': 9310},457,1723642571852,65bc49a7-b1bf-46bf-ad96-9e2c4dcea03e,3000,,2688
{'n': 1610},183,1723642545021,77de3a93-ca5b-419a-9010-31a4ceaf6860,294,,2688
{'n': 2110},115,1723642542940,c1b20f88-598b-41ce-a4c9-9e1655645cc2,3000,187,256
{'n': 1710},178,1723642545699,bae655cf-bee3-426a-9a80-2c4916c92a6a,406,,2944
{'n': 6610},157,1723642559453,d7c5a2b9-a6b4-4c28-8edb-fca273a14142,3000,,384
{'n': 6510},70,1723642559444,d7bf2569-197a-4304-8544-b0bb00ce0d89,3000,,128
{'n': 6810},381,1723642553184,1b49b380-67d8-44a8-8d7f-30be80e44b2b,3000,,2560
{'n': 7110},384,1723642557375,3d7aad23-9e9d-42c1-ba75-d563522e5e2f,3000,,2944
{'n': 7910},306,1723642553801,6b66a1d7-30f6-4d4c-b8c0-441eec31f821,3000,,896
{'n': 6810},132,1723642549987,d29663f6-2691-45ea-9f6d-dd0dedbd637d,3000,,384
{'n': 3010},178,1723642542494,231413a4-a827-49fb-a28e-4b49ec529716,2427,181,1024
{'n': 810},116,1723642541582,2e2898a2-1bd6-491a-943c-596e2573f2c0,59,,1792
{'n': 2110},125,1723642546803,a2511d0c-728d-4bd2-8feb-ee4247d973ac,3000,,256
{'n': 2810},167,1723642542201,9458ef45-c2cc-4a2c-b9b1-f7a067db9632,2228,200,1024
{'n': 7510},394,1723642558492,676c7e5e-ac53-476e-beea-05d1b8eca545,3000,,2944
{'n': 8710},420,1723642559896,310ed4cc-77d0-470b-881e-5677166ffb71,3000,,1792
{'n': 5710},318,1723642545256,9f4eb937-2eb8-4c71-939e-6591a183043f,3000,,1024
{'n': 4410},253,1723642545868,2a4a68bf-65d2-47cb-b9b4-6b161ce1c2e4,2395,187,2560
{'n': 2410},204,1723642546271,bbb88a30-85e1-473b-9a18-8436662930cf,1816,,896
{'n': 4410},223,1723642543038,2e792ace-a351-48c6-953a-41348e8f60ed,3000,161,768
{'n': 2910},279,1723642550190,28f1a3c2-221b-4d1b-9739-170194b32a80,1143,,2944
{'n': 4810},274,1723642548507,a6de70bc-4a00-4609-8d5b-10d7460db407,2547,,2944
{'n': 3110},204,1723642549092,841a4b96-0649-40f7-8d85-19da4af2bb86,3000,,768
{'n': 9410},448,1723642571598,e65a2d94-ad57-4c37-ad3f-79000bdde2b6,3000,,1792
{'n': 8710},420,1723642560097,df1428e8-9713-4577-aa91-60a0491b1a83,3000,,2816
{'n': 6610},370,1723642553233,f954d062-7c97-48d8-b595-2166ffac13c6,3000,,2048
{'n': 4410},253,1723642545786,9b31687b-445d-424d-996c-fc7299471eb7,2335,184,2048
{'n': 1210},91,1723642540907,d80d2407-44b8-4272-b4d3-b94ff585004f,177,,2560
{'n': 9410},450,1723642565277,5eb7d30b-fac0-492f-8ba0-880e53060a54,3000,,2944
{'n': 6710},392,1723642562643,fce6ca3e-4c7f-4e66-bb29-e9c7e3307b3b,3000,,2560
{'n': 3710},191,1723642543011,fecf4045-e038-4a90-a3a3-30bcf3959d3b,3000,187,768
{'n': 2710},280,1723642549130,4133d06d-7e32-4d88-b346-6f0683b9711b,1101,,1920
{'n': 2810},66,1723642542898,7a3989ca-2765-4c47-b379-4c955dec92c5,3000,183,128
{'n': 310},72,1723642540807,a71e3434-0f00-43b9-81be-492b3154c276,7,,2944
{'n': 7810},420,1723642566406,d6ace0a4-900c-4e56-99b3-5832c97d9a8d,3000,,2560
{'n': 610},54,1723642540488,d027fcfd-b20b-47d7-bbb2-d9f7a94bf075,34,,2944
{'n': 9110},438,1723642571049,93c9dfc9-ace1-4735-a62a-c7a8520248fe,3000,,2816
{'n': 5210},258,1723642544298,d9fff6d1-5597-457c-8aa9-406c14af710c,3000,,768
{'n': 9810},101,1723642569874,4e5cff01-324e-4260-afe2-d7f14173909f,3000,,256
{'n': 610},92,1723642541157,5d4c7384-9306-46f3-84ab-17da82e9833f,28,,2048
{'n': 5110},292,1723642547154,56a722a5-dd3b-4dc0-974d-90ea5b3c6963,2679,,2560
{'n': 410},48,1723642539876,6f189301-6542-4559-9951-66f8b208082a,33,181,896
{'n': 6410},360,1723642562598,552a4ec9-4f68-4e10-92a7-6b327b2e3b45,3000,,1920
{'n': 2510},151,1723642541958,bb7c6528-6245-40e3-aea2-1f903fb82f03,1942,181,1024
{'n': 7710},374,1723642556703,64239bff-a06f-42fc-a082-5ac38d25ea73,3000,,1920
{'n': 7810},233,1723642553736,cc7172a1-c1b5-427d-a0bd-b5337865f9b6,3000,,768
{'n': 6310},354,1723642553197,816b44b8-4267-4d24-9cab-1dca06c6b3d4,3000,,1920
{'n': 2210},135,1723642544292,d5d6f08b-150b-4630-92e6-df8cc3624c67,857,188,2816
{'n': 9510},456,1723642571955,4c78ebcb-87bb-4b39-b94c-2295e182714f,3000,,1792
{'n': 3110},183,1723642544838,00de7ad0-2754-4fb7-aa5e-85f0854c416a,1444,188,2560
{'n': 8210},232,1723642555135,61e62cad-bcc7-4f58-9e19-1d28d517485c,3000,,768
{'n': 7610},321,1723642562233,552f7cbb-f1c6-40df-bc59-27e9f4a07f4b,3000,,1024
{'n': 1710},122,1723642546319,11f3ee89-3163-4d85-bf54-f24806674471,3000,,256
{'n': 9810},459,1723642572957,df03a381-943a-4dad-ad67-b652c1a85b31,3000,,1792
{'n': 1810},115,1723642541691,3092bf7b-c081-4771-b16d-f3cf00331ee9,449,,2560
{'n': 9410},452,1723642571755,7967ee6f-ba6d-4eef-9523-3173928b0844,3000,,2816
{'n': 5410},306,1723642547564,f110616e-a057-43e0-aa88-6196feb8d136,2990,178,1920
{'n': 5010},66,1723642552428,8ef36677-d0eb-4e0e-9ed8-0c8f6e0aedff,3000,,128
{'n': 4810},307,1723642551800,21c4693f-1770-49df-a74e-1b779e5b5e83,3000,,896
{'n': 7010},414,1723642554095,7c0de438-104c-49a0-8bfa-f1e1430f4a10,3000,,2816
{'n': 3110},183,1723642543003,38f0fbf4-d7af-4bd8-9328-9261f58d7b9f,3000,181,768
{'n': 5810},328,1723642548942,5a72d980-7622-45b1-9d74-686e09492fab,3000,,2560
{'n': 2010},212,1723642547310,85a2b743-8ac7-4f3b-8cc5-a1e705c134e3,604,,3008
{'n': 9210},443,1723642564976,052bef41-d1e6-4a03-9ae6-79c835974a2e,3000,,3008
{'n': 7810},103,1723642563184,62a18f27-9ecb-4c1a-b807-70fdbde0645e,3000,,256
{'n': 2410},146,1723642544228,b1820dad-05a7-47ad-9c83-0f3ecb846cb7,813,158,2816
{'n': 1610},178,1723642544550,dc153464-2c01-4030-9146-2de94898b1bf,1283,,768
{'n': 4710},333,1723642554442,d509e0df-faf6-4f5a-b30e-8626058d0b4c,2423,,2048
{'n': 7310},440,1723642567801,1cf95426-6e16-4ddd-9b0e-6f2cdb0eb398,3000,,2944
{'n': 6610},96,1723642549987,5ccd8afe-5893-4272-8415-9ce6a072ff78,3000,,256
{'n': 5510},284,1723642544512,71bac407-202b-4e50-8921-cd1c8e19d99b,3000,,896
{'n': 10},43,1723642540040,d08b77f2-8615-400f-bd06-ffbf6e4d165c,6,182,768
{'n': 9610},87,1723642559385,d1a48e84-712f-4e99-9ca8-dd4881cfd8ad,3000,,256
{'n': 6910},420,1723642563106,2c67424a-ce05-4cd7-9e29-69a1e6cf80f0,3000,,1792
{'n': 6410},371,1723642562596,fe15dedf-6335-4a33-9a6c-92f62111fc98,3000,,2816
{'n': 4810},274,1723642545920,25e4adb9-ba23-4077-89ea-44706980c8a0,2426,157,2560
{'n': 2610},156,1723642544397,2d219f1d-9b42-4f55-afaa-4bf385a2fd39,1090,181,2560
{'n': 6310},308,1723642550062,d51d1389-0fc9-4fec-ab9c-969f8b147e49,3000,,1024
{'n': 6910},387,1723642553871,8087a895-c650-48cf-b9ed-e661a13d2062,3000,,2560
{'n': 2110},209,1723642545485,c4076667-9b67-458e-b88c-54a353409f65,1709,,896
{'n': 7510},365,1723642555405,8905b9c5-5746-43b2-9013-0df69d976b2f,3000,,1792
{'n': 2410},146,1723642544074,4dd1a133-c93e-485d-8065-c362a9e1d08b,890,148,2944
{'n': 8510},98,1723642566024,6347d0a0-0034-40a6-92ff-6605c15173fa,3000,,256
{'n': 5210},257,1723642553352,d9b4e2f6-8484-440c-a87b-074902b3a18f,3000,,896
{'n': 2510},151,1723642542203,371c9c3a-fa27-4ada-9fbe-af88c0bd4847,2173,183,896
{'n': 410},48,1723642539972,49712bb5-0918-425d-9ec5-6873edc6fd9e,71,186,384
{'n': 4810},241,1723642543064,aed6c380-11a0-4459-b72d-14b61f82beff,3000,180,896
{'n': 9410},116,1723642559106,436cfa13-6a22-469d-90ce-7a8b41625408,3000,,384
{'n': 6210},350,1723642562596,167abdc0-a479-4974-bbf9-ab68571cf58c,3000,,1920
{'n': 6310},365,1723642562503,02c09718-d890-4ee7-864b-18cf0f959b39,3000,,1792
{'n': 9810},293,1723642569877,a0c3a74a-1d48-4052-9b9d-54b97d8ff722,3000,,896
{'n': 8510},82,1723642556665,00438713-0998-4c6c-b2ea-13d576dc063c,3000,,256
{'n': 8410},406,1723642568860,a80c368d-7a04-4f58-87f6-7bf7eca033f2,3000,,2560
{'n': 7910},384,1723642559943,811c7423-d408-4ddc-a7e6-4927e9cb98f9,3000,,2944
{'n': 9610},250,1723642559370,83f57e21-96ba-44c0-90cf-9f64172680c3,3000,,896
{'n': 7010},73,1723642550860,01eaf53a-f391-4fef-9f08-ea1eaadb8910,3000,,128
{'n': 4210},214,1723642543075,055b9f7b-4f6f-4bea-b9e3-131cd0b2c591,3000,182,896
{'n': 2810},325,1723642549192,c7e6a3a4-575d-4019-bcf5-e89362c60fa9,1028,,2048
{'n': 3210},132,1723642548583,ff54c6c2-687a-49e4-bb83-1b3926d8e1c6,3000,,384
{'n': 4410},65,1723642551546,295fcc7c-4656-4b3b-86fb-539ec6fbd3c6,3000,,128
{'n': 4610},322,1723642551635,c52f0c4b-dd85-485b-b427-6be643ae1eb4,2054,,2048
{'n': 3110},183,1723642544568,f92efd5c-4b80-489b-ae76-fb8c2dee058c,1267,159,2048
{'n': 2510},68,1723642547729,10cc53fc-a20b-441b-8f1b-647e800e9677,3000,,128
{'n': 3210},202,1723642543291,bc07a5a0-7ecb-47d6-9a2d-41d5eee79508,1456,,1920
{'n': 8310},293,1723642562755,7c7d3389-459d-44a8-8a4b-4d5056cca1bc,3000,,1024
{'n': 9510},321,1723642568836,37f3efc4-9545-4b35-9e32-0feb530779f8,3000,,1024
{'n': 2010},210,1723642545320,8d152d3b-c0c2-45c1-95b5-b01c6b20a2e2,1576,,896
{'n': 1710},116,1723642542125,c7e36aaf-a830-49f1-a0f8-4438b8559699,449,,2688
{'n': 510},91,1723642540926,4bfca0fe-39bd-400e-b12d-292a610f24ad,22,,2048
{'n': 8410},261,1723642565632,b9b49102-b71f-41ac-8a93-57167624bcfc,3000,,896
{'n': 6410},122,1723642549961,f51a4bd9-0872-4ab6-867c-5c9431b7a816,3000,,256
{'n': 610},92,1723642541223,e0abb044-64e1-4c7b-bef4-221637a09735,21,,2688
{'n': 8810},425,1723642573381,5750169e-bd52-43b8-84fb-80961c6124ea,3000,,3008
{'n': 4610},99,1723642543019,5520422e-1519-421c-bb24-0dc31ebd9acb,3000,,384
{'n': 1610},108,1723642541627,63c64422-d66b-4e48-9198-86c37abf1977,371,,2048
{'n': 1010},71,1723642540805,dbd28eb7-b34d-4e40-b53e-02b50d4be7ad,99,150,2688
{'n': 4510},227,1723642542995,e45409e7-5357-418a-90bb-d80ad0c32af9,3000,158,896
{'n': 7710},399,1723642566258,8135ff56-8936-4006-90f9-589814f0c308,3000,,2688
{'n': 6310},257,1723642559544,7d9bae9f-a38a-4c34-b14f-c4f9fb40d107,3000,,768
{'n': 3910},226,1723642547126,dd463e4c-d0a7-472a-8890-0ab1c47887b4,1788,,2944
{'n': 10},87,1723642540799,9ec876f4-41f6-406b-81de-99f7607208e8,2,,896
{'n': 5910},370,1723642559080,92f83400-0531-46db-90d7-03f69766f016,3000,,2560
{'n': 3410},124,1723642549523,5825b632-f06d-4380-86ca-bd1c423883b4,3000,,384
{'n': 1910},119,1723642542117,b967c71d-3497-466e-85f5-46560e3669b7,508,158,2048
{'n': 5110},71,1723642544259,b975ee91-aef1-4dd9-9dbc-f8b37a5a26ed,3000,,128
{'n': 5710},267,1723642554547,6b0ce735-a359-40c8-bf85-1660ef5836a4,3000,,896
{'n': 4410},83,1723642543025,885b4d93-5d6e-4b51-ad69-66dc52ef2f5d,3000,161,256
{'n': 8810},151,1723642567132,a6541722-4167-4efd-8c52-456d2db47c6a,3000,,384
{'n': 310},57,1723642540713,4f09c0d8-f10d-41f2-a27c-b76424f44973,9,,2048
{'n': 3510},205,1723642544755,fd7e5b8b-5b87-4821-b4a5-4a30ecc7f8b7,1782,,1792
{'n': 1510},233,1723642544616,ad63af58-6cbf-4209-b35e-7af712650578,1125,,768
{'n': 8910},459,1723642570367,38f666d5-d474-4e2d-881a-86b05a0d12e4,3000,,2048
{'n': 4910},279,1723642548808,35dbc3b3-d23d-4e2d-b125-c0fdf3a7fdc1,2640,178,2944
{'n': 3310},202,1723642544673,74fdfd81-13bb-4468-b4a0-eb7f5117ac1b,1528,,2816
{'n': 1810},115,1723642541873,af5a26fa-e4e1-42b8-a644-4e4a9d12f366,406,,2688
{'n': 5210},297,1723642547037,2a5c6737-c59a-4e20-a9ad-8aea80f4ec2d,2551,,2688
{'n': 1510},204,1723642544447,a21b3839-c574-48dd-8bc3-925ba8747e15,951,,896
{'n': 8410},130,1723642565655,46f3b8e1-253b-4796-97e7-801a4e6a3e99,3000,,384
{'n': 2210},319,1723642548266,55024832-d652-47e9-9b53-5c60c014fdf6,723,,2816
{'n': 3210},239,1723642548455,6cd8967b-de9c-4991-831b-98fb351d100d,3000,,768
{'n': 4310},218,1723642542992,4ce88d59-c814-4783-8b9d-3b216626ba4e,3000,179,896
{'n': 5510},331,1723642550715,e652ec9c-e9a5-4afe-b77c-ea1efa433850,3000,,3008
{'n': 2010},66,1723642543035,93f5335f-de2a-4ca9-8c24-cbc8f2643c7f,3000,161,128
{'n': 1210},84,1723642541163,1da90080-4172-41fa-8732-6e3cb0a0821e,170,,3008
{'n': 9810},471,1723642563631,142bd921-80bd-4c0b-b89b-4f06b3183cd0,3000,,2048
{'n': 4910},279,1723642545984,a72881c3-af5e-40c4-aefc-df29f681d146,2490,159,2816
{'n': 5310},301,1723642556358,0508f56a-924c-4584-b06f-6403f188d427,2748,,1792
{'n': 7210},311,1723642551600,74bc77de-eb3f-4372-9b1f-9f77894a4e98,3000,,1024
{'n': 8910},239,1723642557780,169c2cfc-6d2b-49b7-ae66-532defd152dc,3000,,768
{'n': 9410},451,1723642562218,471f53ab-61b9-4cb9-818c-5229ab38b2d6,3000,,1920
{'n': 7910},383,1723642566486,465e8d23-9fc5-4a54-84dc-4c80aff2119a,3000,,2688
{'n': 1910},87,1723642546322,93c6d1f9-5bb0-48af-b1a8-a3054dbfd46c,3000,,128
{'n': 8210},425,1723642570801,2ce946df-e14b-4e02-9b05-07248e750558,3000,,3008
{'n': 4710},269,1723642548682,003a213d-30ec-4ffb-bb42-2041b35dd897,2589,181,3008
{'n': 7110},400,1723642557458,43bcb323-fb55-4134-a221-56566cf36045,3000,,3008
{'n': 710},87,1723642541159,980ca661-699e-4ed5-971f-9ecbc62c34b1,69,,896
{'n': 2610},156,1723642541985,3f18f0ed-e5d5-4b0a-92a4-283a54c1dd53,2025,188,1024
{'n': 1910},258,1723642544610,c4d37033-93bc-4ccb-a372-c5b16a4fdf62,1244,,1024
{'n': 9310},448,1723642562313,ea664cc4-7218-4783-ac06-435a6278bfff,3000,,1920
{'n': 9710},71,1723642560318,27d4d464-a000-4390-86a5-94cf1ab3517d,3000,,128
{'n': 910},65,1723642540463,122785a8-75cd-4ab6-b9b0-6781cb52d73c,450,182,384
{'n': 7810},134,1723642563160,63821ae8-9e10-4bfe-9996-3a737bbd1d64,3000,,384
{'n': 4210},242,1723642553522,a9ace246-0d14-4570-87ef-f00b8385cb66,2098,,2688
{'n': 2210},199,1723642548268,95b37585-eefb-4e91-ab53-5b47fb035ff0,669,,2944
{'n': 6510},392,1723642562691,2d597fb9-588e-42eb-af19-302f0dfba419,3000,,1920
{'n': 8310},257,1723642562651,61c6b574-167a-4aac-89ba-5870a5efeb7b,3000,,768
{'n': 9910},460,1723642576917,cce12223-fb24-4270-b6f6-07047c75d694,3000,,3008
{'n': 310},67,1723642540840,1f6d766f-9246-4d80-9046-7bb4402a7fc2,6,,3008
{'n': 6110},344,1723642558501,fe9cc561-9cb3-4b70-8f98-7100b01a4009,3000,,3008
{'n': 1210},81,1723642544247,8b641f07-9386-48bd-a077-d993926cb2f6,208,183,1920
{'n': 5310},301,1723642556475,73287b37-e571-4807-9c16-d0cdad41499e,2844,,1920
{'n': 2910},172,1723642544771,8246a8a8-2bc4-4b89-bd01-174d4c4f83c6,1306,184,2816
{'n': 9510},452,1723642562495,ffc6b4eb-24e7-41f9-83a5-96e8bcf7ac72,3000,,1920
{'n': 2310},242,1723642547366,c05e185c-b2b1-468f-bf48-5964bcd0d3c7,785,,2560
{'n': 8410},406,1723642568852,2afdfb9a-d895-4d88-8fcd-bf22c51efd6b,3000,,2048
{'n': 310},46,1723642539972,a03a950e-f57a-46a1-a364-21d1aed62411,27,180,768
{'n': 1710},108,1723642542646,1acfc410-9971-4190-83da-85cfe7d9f99e,459,,3008
{'n': 3410},296,1723642551679,25a94b12-98f7-4734-bb26-de70add79f8b,2152,,1920
{'n': 5810},247,1723642555220,551670b1-6cad-41de-af8f-368fd6e6cd0a,3000,,768
{'n': 4510},258,1723642545908,4391961f-45cb-437f-b56b-4397416343af,2438,177,2816
{'n': 710},92,1723642541441,3a6f8358-db0a-48b8-b4ca-596cf6edac4d,30,,2688
{'n': 7410},459,1723642555122,5e4186e7-827f-4810-8c25-a7f148e8d803,3000,,2048
{'n': 310},57,1723642540624,cfd26c5f-d74f-443b-914d-2c25408d47ab,9,,1792
{'n': 3810},263,1723642552186,3a32395a-1205-4c61-a77c-0ffac7652f63,1563,,2560
{'n': 3210},82,1723642543376,487ceb18-cdb3-41db-87d3-e7bf5c08b5a4,3000,200,256
{'n': 310},85,1723642540720,66ccc4de-0ff9-4eb6-ab32-1c3ac465143d,7,,2688
{'n': 2210},65,1723642543183,3ab778f7-b617-476a-a957-6ae621d9e917,3000,183,128
{'n': 9310},66,1723642559090,0cfc43c8-6a40-4a34-a58a-72421ca5f069,3000,,128
{'n': 110},49,1723642540247,4cbeec93-c121-4932-8cdc-ddf0bb120724,2,,3008
{'n': 710},66,1723642540637,46b152af-f976-4798-9d9f-e05f5fc5cfb4,46,,2816
{'n': 2710},162,1723642544351,1e2ee4e8-dcf2-433f-8e24-cdbfac2a58f2,1010,157,2816
{'n': 4110},269,1723642553212,1511b98e-08e2-4aff-b72c-2a2528c9b8d7,1990,,1792
{'n': 6910},90,1723642550676,275fb8c3-86e8-4b20-be7c-ffd70d686d5d,3000,,256
{'n': 6810},405,1723642562544,1d8498b0-0ab0-45f1-8e89-f6ec8cb06abf,3000,,1792
{'n': 1110},188,1723642543003,cd7aa492-58bd-436c-b027-be1cdcb6fa42,124,,1792
{'n': 4810},256,1723642551804,274887f7-40ff-4494-ae36-dd4395a8698c,3000,,768
{'n': 1610},111,1723642541397,bf1888d0-234a-4aae-8540-04887037dcf3,347,,1920
{'n': 7210},307,1723642561231,2da69c4c-afaa-4ee5-bda1-2fa9c8e2895d,3000,,896
{'n': 910},67,1723642540815,b7e34b10-1d22-4fb3-b9c7-e9f70c43b6d3,60,,3008
{'n': 5810},328,1723642551944,b225b896-d468-495d-a1c1-e1a687599bfa,3000,,2944
{'n': 710},57,1723642540878,f89bbf7f-8387-4706-a833-93a856283a9a,866,182,128
{'n': 6810},408,1723642562663,626a7072-59d0-42cc-b945-067ded9d03da,3000,,2816
{'n': 910},65,1723642540698,8bac1c4b-b763-4b0f-b752-9f849c61554a,695,181,256
{'n': 3410},199,1723642545289,72ae20ba-dd86-40f5-89ce-45fd15d79ebc,1708,185,2816
{'n': 4610},263,1723642546019,e6197ab9-be2d-4932-be32-dcde41200193,2522,183,2944
{'n': 5910},334,1723642559025,8b0a7c24-7d46-4011-af71-3aaaeaefe0cc,3000,,1792
{'n': 7110},385,1723642554399,8df5fcd8-308b-49df-b240-57aac46e2a36,3000,,1920
{'n': 5710},333,1723642557620,d88fc668-df90-41d6-a175-e0a8e097b4d0,3000,,2048
{'n': 3910},200,1723642542997,772f93e9-2959-4e2a-8259-f00c69e02d62,3000,167,768
{'n': 1910},215,1723642545468,30e9a7c1-c256-4e63-9c69-ef75089321e0,543,,1920
{'n': 5010},258,1723642543315,24d79361-a1c6-498f-b903-3f46acc6a956,3000,,1024
{'n': 510},50,1723642540505,61fa0574-dc30-4357-948f-db011b0c6124,31,183,2816
{'n': 7310},251,1723642561710,a2dc4f05-bba5-4932-a551-4445b2f31dbf,3000,,768
{'n': 7410},440,1723642558113,b7307d69-4f74-4a8c-a3bb-d7c66fcd69c1,3000,,3008
{'n': 9910},307,1723642570592,05c19907-682e-4063-b142-e45a6d5b65d9,3000,,896
{'n': 7010},307,1723642560423,9245d43c-94f0-41d6-88df-cedf20d81d00,3000,,896
{'n': 8410},83,1723642565605,cb3fa91e-8221-4f69-90c7-580a8ff7b822,3000,,256
{'n': 6110},356,1723642558342,d3e35b70-a16e-40ed-b215-46da0a7a5be3,3000,,2560
{'n': 610},54,1723642540242,c87e155c-a43a-4159-a175-283bd53f75a3,31,,2048
{'n': 8210},397,1723642561284,ac3ff7c3-4d47-4ece-8052-8c98d2c1d918,3000,,2944
{'n': 5610},318,1723642557309,25d737ed-dc7d-4edc-a037-3257514171c9,3000,,1920
{'n': 7810},411,1723642569348,800a5f77-87ef-4cec-81b2-fec87c088f8c,3000,,2944
{'n': 4910},279,1723642546075,775d1bb1-fadd-4224-838e-31bd160936e8,2633,183,1920
{'n': 9010},439,1723642561224,8eeaa5f0-ae4c-4816-a8c1-d6a9edb32d45,3000,,2560
{'n': 2310},221,1723642548120,a7795bfb-0906-44e0-8a35-2c4cd183f0c7,824,,2944
{'n': 5710},323,1723642551179,b1621235-93ed-49db-936e-f759b54831a7,2849,,3008
{'n': 7510},459,1723642565028,ce0ee73c-1870-43d9-bd60-dfc883adbbb0,3000,,2048
{'n': 8610},328,1723642566266,099897df-056f-489c-818e-2581be0a45db,3000,,1024
{'n': 4710},245,1723642551936,bb52726e-0b5b-4bce-b1b2-43a0605607a2,3000,,896
{'n': 4610},280,1723642549093,7751d0fe-e9ab-4d43-bf0e-458cde50a5e3,2348,,1792
{'n': 8410},407,1723642559418,d61cbb2b-273e-4406-bda9-1681ee520702,3000,,2688
{'n': 6210},73,1723642559397,992744e2-3b4e-4b20-81be-3080f90a46c1,3000,,128
{'n': 9610},143,1723642568844,940ec06b-2c81-4db8-a62e-7d0f8709a145,3000,,384
{'n': 4310},247,1723642543033,d8ae04bc-523b-452d-b73b-44e4dd194a7c,3000,157,1024
{'n': 5210},260,1723642553326,5d144faa-f482-45e9-920f-ba0ee93227c2,3000,,1024
{'n': 3210},152,1723642543069,2eef175d-80b2-4b9b-af9a-d219acbb85c6,3000,,384
{'n': 1810},119,1723642541412,78780a20-4e73-4339-a2e3-723d3f78d1c5,558,,1920
{'n': 6510},397,1723642562746,0fc66845-015f-443d-bbdc-467e3bff010f,3000,,2048
{'n': 7710},417,1723642566296,98067834-3604-4800-8e72-142731310daa,3000,,2048
{'n': 6710},377,1723642553185,9a35e638-d927-4eff-8e94-56efff0f886c,3000,,2048
{'n': 6410},331,1723642549989,557daa83-0f7c-4b77-af2e-28375571fa54,3000,,1024
{'n': 8410},407,1723642559291,511ca7d5-de3b-4d89-b686-c649dc594a17,3000,,1792
{'n': 3710},263,1723642552430,664bbc7d-d9d8-48c6-9bb0-c4e7a597e124,1805,,2688
{'n': 310},46,1723642539919,c6af4bac-4d17-479b-8a57-af1d0dcc8aac,17,150,896
{'n': 310},46,1723642540261,d292235b-1b41-4851-b4d3-8cb65fcc479e,14,186,1792
{'n': 4210},242,1723642545417,5a5de4c3-696d-4c04-8dd8-337c5ce0fd9f,2128,,1920
{'n': 6510},294,1723642550008,b84e83c2-65d7-41cd-8250-1c8f678f1861,3000,,896
{'n': 8910},429,1723642570316,1907be3e-403e-4de8-bc81-c2f57203ec49,3000,,1792
{'n': 5610},317,1723642548032,685d3176-577f-449a-a0a4-72904e450433,3000,,2816
{'n': 7210},81,1723642551604,86fbd564-33fa-4db9-aed2-efd1c9b08f63,3000,,256
{'n': 4410},253,1723642545803,7a35aa44-050f-4a13-9297-04c93c96057e,2364,183,1792
{'n': 5410},107,1723642544457,e5641f58-bb70-4e46-963d-aadc3ccc5033,3000,,384
{'n': 1110},92,1723642543710,46ec83e5-3ed2-4ae8-aba7-9ac8990ea0a5,1017,,256
{'n': 510},57,1723642540863,724dfe8d-f7e1-470c-8ea5-be813c9632fe,20,,1792
{'n': 4610},66,1723642549528,60db48dc-871a-4d20-aaff-1f0c59fafe98,3000,,128
{'n': 2410},146,1723642541749,1222f8db-b421-4557-bd36-52c240593dce,1734,181,1024
{'n': 6010},339,1723642559524,d0cf48c8-a38f-4dcc-8712-5d3c802089ba,3000,,1792
{'n': 3910},226,1723642542996,0a19c4fb-13ec-40ae-a908-dcb6bfe43aec,3000,197,1024
{'n': 8210},425,1723642567683,325b21fa-6ac8-40fd-a57f-5336ee14b99e,3000,,1792
{'n': 3910},237,1723642550590,b63f9b8a-1d3c-431e-8687-8ae2f8bef226,3000,,1024
{'n': 4310},218,1723642551244,1542d82e-598e-4eee-b628-41aeb8883d05,3000,,896
{'n': 610},53,1723642540146,a656aa83-316b-49f9-a184-ab7838775406,74,185,1024
{'n': 6310},397,1723642562730,d62efbcc-512b-4c3b-be56-a966c6770aa7,3000,,2816
{'n': 3410},199,1723642544704,3cb5d4df-57f9-43a4-b4a6-13d8f2ed5892,1673,,1792
{'n': 5410},277,1723642553726,2292c533-2757-4917-aa0f-4eeae5f3ccfe,3000,,896
{'n': 9610},461,1723642565530,c4792558-be42-4368-9776-32264ba94af3,3000,,2944
{'n': 5710},96,1723642545240,7c325658-02c2-4582-9cdc-d58267921851,3000,,256
{'n': 110},44,1723642539965,43a2826a-6899-4b31-990c-a088b33f0d5f,6,183,768
{'n': 1010},110,1723642542641,ccb9b35a-ea66-4456-b4ee-d50bfb6e07bc,80,,2816
{'n': 210},44,1723642538098,013d3043-9fe4-4f68-baa4-9def5b31e1a2,9,180,768
{'n': 4210},242,1723642545644,6b8666e5-e94a-44eb-a9a0-b3c3998e3a4f,2214,180,2560
{'n': 2210},135,1723642543097,b89cc28d-647b-4c3b-8997-710a13f05bac,783,,2048
{'n': 6110},355,1723642558207,7ecdb5c0-6aaa-4a3d-a56c-8b3faf964dfc,3000,,1920
{'n': 9710},233,1723642560360,eb09ba39-a635-4ee7-b6b7-8be47705c1f5,3000,,768
{'n': 9610},459,1723642571913,46258fbe-0fca-4921-b957-c6f433917927,3000,,1792
{'n': 5810},327,1723642545726,30a21ad1-a4ef-400e-8401-1505f09d21ff,3000,,1024
{'n': 9510},444,1723642562425,e0c4cc37-04f5-43c5-96fa-075cef688027,3000,,1792
{'n': 7010},99,1723642550876,ff1217e0-35cb-4e96-aa6e-45d26a1674b8,3000,,256
{'n': 1410},92,1723642540541,4d779eea-b118-4374-a50d-8ec5710e2163,582,187,1024
{'n': 6410},462,1723642562570,09d69b0c-f27a-4537-80b8-c700317e6d31,3000,,2560
{'n': 9610},454,1723642572067,869d2128-ca06-440a-8fa4-5629fc83a7eb,3000,,2560
{'n': 6610},371,1723642562551,4ea98135-6b61-4a52-83aa-158765845074,3000,,1920
{'n': 5810},356,1723642558368,c4174fa5-11e7-4bf8-8e66-9199f2e8161d,3000,,2048
{'n': 8810},329,1723642567131,bc16d04d-c9e5-456a-9c4b-e073bb474243,3000,,1024
{'n': 9610},456,1723642562575,ecb83a16-e0b8-4674-8fe9-59c50260e3dd,3000,,2816
{'n': 5010},245,1723642552462,10e21eb6-8d57-43ba-a62e-284ccb883ada,3000,,768
{'n': 2510},151,1723642543283,2208d9ce-da74-417d-8b38-9376b8d03980,1028,184,1920
{'n': 7010},343,1723642550874,2c8b7ed8-60fa-4ae7-8579-5109d787beda,3000,,896
{'n': 5210},401,1723642556194,de91bba6-952d-4719-ae6a-e9863dafa81c,2870,,1792
{'n': 3610},247,1723642550030,1ac63ad9-942f-4d7e-9517-b39959a8272c,3000,,1024
{'n': 9010},434,1723642561228,5bf97b69-01b6-4c96-9559-7550ba79fd28,3000,,2816
{'n': 5810},328,1723642548861,2978e959-9ea4-4f51-a51c-c5554876bbfa,3000,,1920
{'n': 2910},172,1723642544761,7cfa2366-5d76-4d50-8ab4-788d077706eb,1368,180,2560
{'n': 8710},103,1723642566267,8cf166aa-9862-4a42-9d63-395efbcc023f,3000,,256
{'n': 8410},453,1723642568711,7781eb9e-6f3a-4c47-aae3-592dd8b53bca,3000,,1792
{'n': 3810},299,1723642552243,c3ccdfdf-f5de-4568-95ba-4cf2534ec3bb,1718,,1792
{'n': 10},91,1723642540994,80fa50b0-1dce-4e8c-93ad-9845d3f5f719,2,,2560
{'n': 1710},108,1723642541095,516e3c53-d183-4371-a284-69aa11d94e4e,1088,187,896
{'n': 9310},447,1723642565335,47a2326d-0106-49c4-ab48-f620eb84d082,3000,,3008
{'n': 810},63,1723642540486,54365f74-b74e-4f6c-a263-ba61f9ad78b9,56,,2560
{'n': 1310},241,1723642543998,aa6a1fd5-985b-4799-a6d8-444b6a9360c7,697,,896
{'n': 8010},388,1723642557788,76c747f6-9c2c-47f6-b334-1369b06f047a,3000,,2816
{'n': 9210},442,1723642561990,6ac0d903-979e-4c07-a118-88ee4f2a52fa,3000,,2560
{'n': 2810},167,1723642543859,a5ee3616-4707-4a18-9429-ee2d02fe0550,1190,182,2048
{'n': 3510},205,1723642549882,acff7513-e0d7-47a7-9223-7b7f4169fadf,3000,,896
{'n': 8310},460,1723642559037,642691e8-ac1e-4118-8e69-498da254a5b5,3000,,2048
{'n': 5310},260,1723642553553,df722c87-c408-4212-a2bd-24c8a604d4f3,3000,,896
{'n': 7010},386,1723642553952,810146da-341c-443e-9ab9-5e223ba3e54a,3000,,1792
{'n': 3410},317,1723642552676,acb09dc8-2ffd-4d38-8bc0-89ebeed9bb61,1673,,2944
{'n': 8210},67,1723642555175,fa4d4ab7-959e-4072-adc0-0386d0ca8a6c,3000,,128
{'n': 810},63,1723642540498,f553edce-2843-4784-80b4-65364e465aa0,57,,2688
{'n': 1110},85,1723642540673,4d6acabc-a6d7-4186-94ce-9272c6569069,127,,2688
{'n': 9110},319,1723642567815,cb8dc301-f96c-424b-bdbd-92e399fec42f,3000,,1024
{'n': 10},49,1723642540336,4c769aef-1509-4c41-ba7b-39e7d2b0c239,2,,3008
{'n': 6810},381,1723642565666,b7ad66b1-8037-4a36-8f73-e475344fcf4f,3000,,3008
{'n': 5610},354,1723642557218,e081e306-644f-48ac-bed1-3aa40c3dc030,3000,,1792
{'n': 5110},311,1723642556108,ce33522d-e14d-479b-b6ed-3500d989b652,2724,,2560
{'n': 1010},156,1723642542250,ffe960f3-3d85-49c9-b9be-9a3c5e54b55d,159,,1024
{'n': 210},45,1723642539535,5e42b4c5-df50-4c43-a93a-ecca37d74dfd,5,,384
{'n': 2710},100,1723642542978,175e7bdd-6b5e-4fbb-be67-e5812de0c36b,3000,187,256
{'n': 1910},119,1723642541301,c7079ffc-fba7-46c9-96b9-c011409861cc,1231,189,1024
{'n': 1110},139,1723642543702,9a4703a7-3db3-47e2-86b3-3f0e1fae063b,133,,2944
{'n': 9410},250,1723642568532,2ecb0f34-f2bd-4043-9762-0141646cd5b6,3000,,768
{'n': 7210},429,1723642564448,9b56e98c-957c-4aca-b14d-7cc4b49b4e27,3000,,2560
{'n': 1210},81,1723642540664,3e5fc657-cd58-4aba-a21f-4f1a04061efb,210,,1792
{'n': 5010},126,1723642552430,c58f12d9-b607-43ab-bbba-da55daf8ddfc,3000,,384
{'n': 7910},420,1723642566343,192ff8f0-4d9f-4dbb-b314-a73eaefb6ae5,3000,,1920
{'n': 4810},280,1723642545864,b935d019-24ed-4e52-a797-9723b0efe9f9,2567,,1920
{'n': 1610},103,1723642541229,3c45bede-3b7b-4d38-9d64-87cefb802573,1188,187,768
{'n': 4610},263,1723642545817,526ab689-6cfc-4899-8e7b-2dfcce63ad44,2393,161,2560
{'n': 4810},65,1723642551733,7b9e346d-4f5f-4e2a-827f-dedc8102076c,3000,,128
{'n': 610},53,1723642541154,43f64f93-90ff-4fa8-8208-c3dd84da9058,39,,1920
{'n': 4610},263,1723642545163,0cd80e29-529c-445e-b599-9365c950f5f4,2192,,2048
{'n': 4610},114,1723642549751,e763b3ac-3b50-4a54-a2ab-fa5adeb54d8e,3000,,384
{'n': 3910},226,1723642552706,c5d08edc-bbfd-4464-8231-e0c5fb02fdef,1928,,2048
{'n': 3710},215,1723642545255,0519bf45-6169-4b6e-86cb-fb6c6b02c65b,1950,163,1792
{'n': 9810},67,1723642569844,77fdd90f-a212-48ae-8b02-d2c96a8994fa,3000,,128
{'n': 4710},269,1723642554298,810437fb-5d97-479a-bc27-2f55ccae42b5,2184,,2560
{'n': 5710},323,1723642557721,309b4170-648f-48d8-bf75-093005e704b9,3000,,2816
{'n': 6710},376,1723642556049,2eab72f0-52f3-4490-9cc8-3fd5c9ae5f06,3000,,2944
{'n': 6910},103,1723642560069,9cd4f0fd-13ba-45fc-98fe-fa4c24251a3a,3000,,256
{'n': 3710},215,1723642544825,5dd9b5e5-3067-48c5-a5fc-1bde4775ec1e,1706,,1920
{'n': 5010},294,1723642546348,76ebdf06-392b-472b-b637-f2c6d561bdf7,2841,,1920
{'n': 5910},333,1723642549729,ec435459-ee74-4393-b0f5-029e0a06cfd5,3000,,2048
{'n': 3210},81,1723642548547,59eca3fa-9039-4867-b859-fee1aa972262,3000,,256
{'n': 5810},145,1723642545725,36f2ede8-3c09-4960-b0aa-bfa1e692143f,3000,,384
{'n': 2810},317,1723642549495,aaa9724b-97ab-4ca2-a7eb-092e90b50ec5,1235,,2816
{'n': 4010},132,1723642551014,8dc9e88a-1d1b-4f5a-8271-1f9c3a0e6652,3000,,384
{'n': 7610},452,1723642565471,45d50772-9977-41fa-a5cd-fc072079a242,3000,,2688
{'n': 9610},68,1723642559387,6104d3be-13a1-4ac5-ab05-20ca5283a432,3000,,128
{'n': 5410},402,1723642559612,d2ba106d-b7a0-4b1d-87bd-e0020cf70493,2780,,3008
{'n': 8010},388,1723642557498,8088d651-f15f-4666-8b6c-ffd82826d526,3000,,1920
{'n': 3610},290,1723642553429,1fcb0878-35a3-4377-9bc9-c68d371a533d,1642,,2944
{'n': 5810},328,1723642548888,b746b8da-e6e8-4ac0-9fa6-af65620057e4,3000,,1792
{'n': 4910},297,1723642554590,e8e67404-718e-4abf-b95a-4ad86f5ded75,2319,,2560
{'n': 1510},97,1723642542875,068435e7-9ac1-405a-a4c4-87be2bf9b8bd,3000,161,256
{'n': 2810},296,1723642549375,7cce069b-c2c9-4b62-9b85-d19a1b44eefd,1825,,1920
{'n': 4210},242,1723642547826,1148209c-5936-45ab-8da5-ef910807dcfa,2129,184,3008
{'n': 3410},201,1723642546008,06c52a2c-cd71-4fe8-b429-5419172f4c2f,1215,,3008
{'n': 4310},97,1723642543033,09d976b4-6925-41e2-8bd0-54575f882000,3000,187,384
{'n': 4010},231,1723642545496,a7a33f7a-412b-4e84-9087-c5c3876acd79,2024,181,2816
{'n': 10},72,1723642541011,86e31631-a42a-41ac-abfe-ddb337434eab,2,,2944
{'n': 2010},274,1723642546802,30d9ea83-b41f-40d8-9fa7-3a1720c4a5cc,615,,2816
{'n': 6910},328,1723642560090,627acba8-852d-4214-b0c5-0e025bf8ee5c,3000,,1024
{'n': 6010},134,1723642547014,f6c89fbc-c7ca-445e-b0f5-4a7b49073b0f,3000,,384
{'n': 3610},290,1723642551820,340aa668-9065-48a0-bc43-a8e7df7aa88c,1568,,1920
{'n': 4510},226,1723642543023,97f93792-2580-4357-83c9-307c0033462b,3000,183,768
{'n': 8810},267,1723642557649,aee1bc82-f9d1-469f-bb5b-1598575c6570,3000,,896
{'n': 7410},365,1723642564480,a415f269-f6f9-4cbf-b774-f81a763ffd73,3000,,2048
{'n': 2310},148,1723642543854,7100228b-4f4d-4ee4-8b66-913399d0472f,751,,2944
{'n': 8910},113,1723642567216,2a2461ab-c1b1-48b4-b99e-06db3bb5858f,3000,,256
{'n': 2310},152,1723642547220,990f14d7-8432-4f3b-ba16-763574754f79,3000,,384
{'n': 510},53,1723642541018,02dbd6f1-ac39-4192-9c98-555ca97c6fc5,305,,128
{'n': 3810},65,1723642550430,0525517a-60de-4431-94dc-a0d1001fd0ac,3000,,128
{'n': 8410},321,1723642565636,57869191-c8b6-4203-93a1-f1ef4f0f339f,3000,,1024
{'n': 2610},287,1723642546871,6d9557ea-eb33-4e79-b78f-ab72cd5cf24b,2099,,1024
{'n': 710},97,1723642541181,e0a08188-2aba-48f9-8a80-5dfd5c04e938,77,,768
{'n': 3410},199,1723642543392,1d4ce127-ed0c-4203-8cbf-d93420c28e5a,3000,177,768
{'n': 4110},237,1723642543044,89a02512-d398-4ab4-91d3-5157ac91b1c9,3000,184,1024
{'n': 7710},246,1723642553677,e80076c6-482d-474f-a3d5-ace3a298a9d2,3000,,896
{'n': 6210},363,1723642553162,d0881881-61c5-4aeb-a571-ebca69e680fa,3000,,2048
{'n': 7110},81,1723642551204,95e185f4-50e3-47c8-b303-ea0e40668f06,3000,,256
{'n': 1110},76,1723642541155,77a40d1f-7e0e-49c9-8be8-f024db7e3e15,142,170,3008
{'n': 2510},242,1723642548404,36464385-ca6e-40f2-b622-980285a690c5,942,,2560
{'n': 2410},153,1723642543854,e10e666a-13ae-4c11-90b3-b22655c0611b,921,,2688
{'n': 2510},132,1723642547734,75d83709-72b3-405b-a735-e82c9af52f99,3000,,384
{'n': 7910},385,1723642557026,5d742957-a482-4f9d-bf4d-60e445d54135,3000,,2816
{'n': 5110},290,1723642558622,f7d0a71b-daaa-4ef5-9410-48c1782944e4,2637,,2944
{'n': 9510},350,1723642559378,5e2c04ed-67ef-450a-89d9-38608b23b905,3000,,1024
{'n': 6310},354,1723642553282,79464aa9-9a56-465b-bbe3-a9736fbd5dd9,3000,,2816
{'n': 6410},398,1723642553172,4735983e-f602-4f07-8329-2ddf78c4e0af,3000,,2688
{'n': 610},53,1723642540752,fab5b9bd-be90-432a-a1dd-bc77800b7bea,37,158,2688
{'n': 3810},221,1723642543093,22c3c29f-f378-4c78-b2cc-68bec5e35d8b,3000,182,896
{'n': 4710},269,1723642554576,e5eaf6cb-3bbf-4ccd-a6cb-486b01ccf074,2467,,2688
{'n': 5610},87,1723642554122,3200e4af-de0a-4c7d-a5cf-56763c713d45,3000,,256
{'n': 5210},296,1723642550096,559de5fb-5092-4326-9135-1afbb1584b89,2807,,3008
{'n': 9210},243,1723642568213,31f667df-a9f3-4fbf-aef0-9aa6b6899f34,3000,,896
{'n': 9110},436,1723642561570,22d2b556-3266-406b-8d8e-8f8336c25924,3000,,2560
{'n': 2610},73,1723642547757,c458d2f0-7136-411c-b526-cc2ec37551e8,3000,,128
{'n': 8110},429,1723642570510,5963b71d-67bb-4d69-9c7b-0aefa90abccb,3000,,3008
{'n': 6910},400,1723642553708,d2e7469c-36b7-46cd-9c7c-20030d70a1b1,3000,,1792
{'n': 910},65,1723642540798,3f54cd67-82b4-4ff2-b19c-0338e05248d2,100,181,2560
{'n': 5510},319,1723642547704,7e2886e7-c67f-41f2-95c2-a8a7591705ea,3000,,2560
{'n': 5510},333,1723642556970,d0a01dd1-8159-43c4-8d80-a19db112712c,2891,,1920
{'n': 6710},376,1723642562507,c9fce3e5-a4b6-49b2-8d8d-7b12093ad5c8,3000,,1792
{'n': 9810},471,1723642566628,5124aa29-876d-43db-a6ad-220d91afddd6,3000,,3008
{'n': 710},57,1723642540518,0efd1474-4d9c-4f5f-a641-3f42764981af,57,182,1920
{'n': 1110},162,1723642543182,2006743b-6b35-49fe-87b9-61e25a42e87e,305,,768
{'n': 9310},444,1723642565234,22d0d5db-b604-44b5-bc33-63f779faffb6,3000,,2944
{'n': 2610},164,1723642543116,3facd76c-b168-4cd6-b63a-9691e2ec7c19,926,,1920
{'n': 310},57,1723642540509,675cbd53-e4f6-482b-8032-f8325a2adc9b,30,,256
{'n': 710},92,1723642541503,da8e9f4a-39b5-4925-a7cf-5e4d89ec1812,39,,2816
{'n': 5610},68,1723642554187,0c53b75c-78e9-4df8-bf81-0ec887de7339,3000,,128
{'n': 5210},151,1723642553338,07da308b-fafb-4ea5-8a9c-b37fa7c82377,3000,,384
{'n': 10},103,1723642540819,46a12f81-ffde-48d4-9704-aeae99037639,2,,1024
{'n': 8210},116,1723642555126,36bbc119-3709-47b3-971c-81451bf7cc83,3000,,384
{'n': 410},67,1723642540830,cb873c14-83ad-4581-8c6e-ab8c6c1f0fcd,11,,3008
{'n': 4210},237,1723642551207,66dfa71d-3807-40fe-9176-cff889c774da,3000,,896
{'n': 5010},270,1723642552431,33325053-9117-4bc6-8719-0d4fc5926fb8,3000,,896
{'n': 7310},356,1723642558431,6130a4d0-c3d5-4f9a-ace2-e20a7a314c34,3000,178,2944
{'n': 2010},124,1723642542138,62ddb247-6114-4968-a36c-446b0ba70814,562,,1920
{'n': 5610},67,1723642544885,9d9b3bf9-c495-46e1-b134-bbedb1bed7a1,3000,,128
{'n': 9910},97,1723642561184,483d0d5c-b9ba-4659-a432-7af9edebb8b1,3000,,384
{'n': 6510},373,1723642556252,18cf4255-1228-42ff-9b6a-f4751e7c6e6f,3000,,3008
{'n': 3110},343,1723642550573,0e0bbfc1-710a-4b56-9212-f376892797c8,1371,,2816
{'n': 1010},71,1723642540589,682134c1-e10e-46df-a8b8-8b3f9a6287b9,606,189,384
{'n': 1110},76,1723642543486,638f92c6-4887-4c59-8b2d-1f244cbed5df,170,186,1920
{'n': 7910},67,1723642563205,7b595056-666e-4444-b279-12fcc9595041,3000,,128
{'n': 3110},183,1723642544712,6ff94ef1-41b5-4bed-8261-9abbe222d8a1,1319,158,2688
{'n': 4910},98,1723642543075,fddfac86-4ee0-403a-a4c2-3490cddd35a8,3000,181,384
{'n': 8610},416,1723642562974,491998bb-f277-4816-b0eb-88e77bad3770,3000,,2944
{'n': 6510},399,1723642562749,0da70fd4-6ecf-43a8-b747-41d14af21ba5,3000,,2688
{'n': 4010},87,1723642551024,892bcc42-4a95-430b-aff0-31a3d16d9fa9,3000,,256
{'n': 9410},448,1723642574717,3aa8303a-b5f9-475a-8ed2-e4dd86ce59f8,3000,,3008
{'n': 3710},82,1723642550443,6907601c-60c4-42ad-ad8e-dddc1b77b9f5,3000,,256
{'n': 110},44,1723642539980,627e0ebe-56b8-48c7-ab02-c226f93ca49c,7,188,1024
{'n': 7310},89,1723642561704,d39ddbae-3407-4b6d-9a20-169ef73d1a04,3000,,256
{'n': 410},48,1723642539992,5c16072d-a1a0-4306-9a1d-1e80737cfd56,30,188,1024
{'n': 1010},77,1723642542460,d56aa3e9-dc7b-4c75-ac13-68c45843674f,420,,384
{'n': 8010},227,1723642554499,2594fefe-e0ec-4f08-977a-894ec1022a71,3000,,896
{'n': 8110},393,1723642557972,b4b48372-4192-4c1a-8098-b773096245f7,3000,,2560
{'n': 3810},220,1723642543111,3949c35b-c979-4c67-a0c0-1c52ed41f1c9,3000,185,1024
{'n': 1810},121,1723642542307,4c28c5fe-ab60-4b6c-a361-74c7a67e5278,509,,2816
{'n': 1910},119,1723642546481,927fcd66-ab03-4dfe-9555-c6cbf4f17418,563,,2944
{'n': 9310},224,1723642568576,0f34df60-1ab6-4e2a-acaa-3c41977e6ce7,3000,,768
{'n': 8110},81,1723642564284,dda1701e-68e2-40fe-b2a2-ccbec48a2182,3000,,256
{'n': 3410},82,1723642543009,11b1f530-ccd0-43db-bdef-5c708837df6a,3000,186,256
{'n': 1210},151,1723642544584,98953a22-4c4e-41e9-8662-a33e81812509,173,,2944
{'n': 1310},195,1723642544199,cb814bc5-dc2b-4528-ba8b-b5866299b956,894,,768
{'n': 3210},188,1723642543074,d56babfd-38f9-4af1-9634-cba905cf8251,3000,,768
{'n': 110},49,1723642540224,09bbd051-53bd-4ea0-b961-d5c5f2f959c6,3,,2816
{'n': 1310},87,1723642541221,87848b2b-cae1-43a4-a5af-3040f0a3754e,248,,2688
{'n': 3610},210,1723642544714,a95cc14f-b058-4081-9646-cf4ff21f2186,1696,,1792
{'n': 7210},429,1723642564453,5b482f60-0abd-48f1-a4c8-e4e67e194650,3000,,2688
{'n': 1310},91,1723642540901,60401a69-db77-49e9-8f8d-25c7f69eaa1d,217,,1920
{'n': 6510},365,1723642562719,9abfd4e5-8ed1-4e4f-839a-deaa687dfb1b,3000,,2816
{'n': 4010},268,1723642551030,6a9fe82d-0eb4-4d9d-95f8-6db0c783c9be,3000,,896
{'n': 9810},461,1723642576045,41cf324c-73cf-4235-8782-bc703794cf21,3000,,2944
{'n': 8910},441,1723642570465,5b5f2fcf-4ef8-4afb-9707-472d01f2e618,3000,,2688
{'n': 2410},130,1723642547498,6f59c1a5-53ef-47f9-9a8c-ff75b0aad1a1,3000,,384
{'n': 7510},204,1723642552351,c5a4ff69-0669-485f-bb94-a23ecff6e30d,3000,,768
{'n': 5610},398,1723642557193,43fe864b-011a-4196-a4d0-9a09e6c9a28f,2840,,2688
{'n': 6210},264,1723642549972,3a8c432c-40ae-4279-8051-2b1257f2164a,3000,,768
{'n': 6010},256,1723642556463,1f3cc986-a32d-4a43-8f4a-027172865c66,3000,,768
{'n': 6310},65,1723642550033,f0242ebd-040c-4797-b51d-f12c042f45d1,3000,,128
{'n': 5610},107,1723642544780,53e11e57-c881-4880-89ff-6b28f859c933,3000,,256
{'n': 3410},331,1723642552842,fa234b88-6657-4b40-b27a-8c267bfacfb3,1730,,3008
{'n': 4210},149,1723642551222,f221ceec-63ab-46c4-ae70-ed0d1cf0a426,3000,,384
{'n': 410},76,1723642540508,b066d453-a527-4ddd-b3fa-0acd00003523,14,,1024
{'n': 9510},77,1723642559336,76f562e2-05a3-4495-8b26-24ae686a7559,3000,,128
{'n': 5510},392,1723642556902,8de7a418-fed6-4652-aad6-d95aeb293357,2750,,2560
{'n': 5110},65,1723642553176,db9cad7e-a306-40db-84be-35d4026856b4,3000,,128
{'n': 6010},82,1723642546994,830ce640-b199-422c-8f59-1c4ea709d77b,3000,,256
{'n': 2010},183,1723642545492,19715b77-a439-4a64-b7c6-a0dd17602c81,561,,1792
{'n': 7010},365,1723642563629,4605b375-4004-48d2-a583-bb4e2806aa79,3000,,2688
{'n': 2010},124,1723642541521,4d5a97b8-bba4-49e4-b34d-7959b9d85158,1529,191,896
{'n': 4910},279,1723642546191,06cbc781-426e-4b5d-b036-1a01afef4cb7,2686,180,2688
{'n': 7510},365,1723642555477,ef2ad0a3-a68c-41af-a2c5-4fafa6b6048c,3000,,2048
{'n': 3610},226,1723642550037,2ad3a7ce-4773-4a67-8784-f674a901002e,3000,,768
{'n': 5310},391,1723642559189,1ffbaa86-5469-44cc-a019-f1cebe22ff02,2863,,2944
{'n': 4410},253,1723642545964,af1c50be-0bcc-4f4c-a3e0-cc7b6594f0af,2433,187,2688
{'n': 9510},83,1723642568809,cd970ef5-a853-4bbb-a57e-1a13695c44be,3000,,256
{'n': 5810},307,1723642545727,c4b92702-65e7-48dc-8724-b7734c896be5,3000,,896
{'n': 9710},459,1723642563551,267bd80c-b65e-4fa0-8d1a-b210066be945,3000,,2560
{'n': 410},57,1723642540686,c952e010-984d-43ce-967a-02763613df82,14,,2048
{'n': 10},43,1723642540409,9423748e-2bc6-4033-91ab-d9570500af06,5,184,1792
{'n': 1310},87,1723642541183,4c4f2763-6620-4a9e-91d2-f4acab8e5369,236,,2560
{'n': 7110},425,1723642563901,bc8a95b4-3414-4f99-a6f5-32924b95abf1,3000,,2560
{'n': 6910},416,1723642566188,a01d2eca-9542-435e-a27b-a1239ab24713,3000,,2944
{'n': 810},76,1723642541672,a003cc89-c7ca-4fcc-916f-cc7a4d1e13ba,360,,256
{'n': 4510},65,1723642543088,1d23debf-f7fa-4c5b-aba5-b175712b48ea,3000,183,128
{'n': 4610},263,1723642545949,2b768155-3288-4f94-b536-d8b9b728d246,2492,180,2688
{'n': 3810},119,1723642543092,c0c476f6-26d0-43ac-812f-20a3618daa65,3000,182,384
{'n': 8010},388,1723642564682,0a279131-87ea-4c14-b967-bf47b6a541af,3000,,2816
{'n': 1610},188,1723642545431,6b810949-7ee8-47f6-87d0-c1930256df0c,334,,3008
{'n': 6210},116,1723642549985,59d4d912-20a4-40d0-92fc-6f51ab74ef09,3000,,384
{'n': 1910},246,1723642544872,b74d1b60-4063-41d2-aa1f-992aec324b1a,1512,,896
{'n': 3110},338,1723642549897,e51263b2-4efe-49d9-a500-3a7a6d6f6bb2,1415,,1792
{'n': 2010},210,1723642546884,e33f88f8-eade-4e82-9e3c-2bf78c679010,488,,2944
{'n': 3310},194,1723642542951,81e6179e-a3a2-4936-a867-6ba863101c3f,3000,186,896
{'n': 3610},210,1723642545214,0b06f4e2-dfe3-4648-94dc-a9d717bcf7e4,1794,147,2816
{'n': 5610},411,1723642560188,cec5b801-fd8e-46c2-b63e-fa161c3945bf,3000,,2944
{'n': 8210},438,1723642567703,8c957168-5bc2-4e8c-9daf-044115f8d287,3000,,1920
{'n': 5910},332,1723642555958,8b482cc1-569f-4b73-94f4-3f062d16948b,3000,,1024
{'n': 9310},83,1723642568566,af743c5c-5034-4c11-bbcd-3f28058c1fbd,3000,,256
{'n': 5210},70,1723642544325,aa35450d-1167-4e61-8b2f-2870af613168,3000,,128
{'n': 7910},151,1723642563252,9de9187d-ca49-4b05-93c1-965f00210850,3000,,384
{'n': 5010},67,1723642543312,2399228e-9de6-44da-a068-22d8023c9c9e,3000,,128
{'n': 1810},178,1723642545038,4a08546a-55ea-4039-b93c-16917bc551c4,521,,1920
{'n': 9410},452,1723642571626,feea874f-3fd6-4de8-a37f-3f6a3016f7be,3000,,1920
{'n': 3510},205,1723642542979,df853321-9036-4a0d-bbe0-fd72af997094,3000,181,1024
{'n': 1910},239,1723642545187,5281834f-8ba5-4864-a89a-d889e67d83ad,1833,,768
{'n': 7810},264,1723642563225,10f062fd-6caf-4488-bd55-5c5d499fd556,3000,,768
{'n': 610},54,1723642540214,0d7c6c43-bef7-4da4-acc7-4d23593c71ec,35,,1920
{'n': 2810},145,1723642542627,69d46960-a3e0-42f9-89e7-dc95eac3bd0c,3000,,384
{'n': 210},44,1723642538078,94e6a8e9-671f-4f14-ba0b-5c98554a363a,18,197,384
{'n': 4710},116,1723642551926,e4e0da77-fc9b-4c78-b6fc-52d4f241f4bc,3000,,384
{'n': 3210},269,1723642549661,18c4c4d2-73bd-4a45-a92d-86a43d26a387,1369,,2048
{'n': 110},49,1723642540248,ef2d8fe8-9614-470f-ad8b-d7f3813c7497,3,,2944
{'n': 4810},274,1723642546152,9d379d75-eaa8-47e1-a004-f6566cfe3689,2694,186,1792
{'n': 7310},317,1723642561707,4f01b372-fbf0-4b52-86ad-f066f7d3e6a3,3000,,1024
{'n': 4810},98,1723642543081,a3d617f2-f369-49c0-bc7d-db0c5dfc51dd,3000,179,384
{'n': 1610},94,1723642546290,cfbb4d97-f8fa-42a8-adad-6298c65a9d63,3000,,256
{'n': 1010},128,1723642542629,02f583b2-8693-4d63-9294-3a00548645d4,82,,2688
{'n': 6510},81,1723642549983,a4a6b6ec-be52-4ab8-8473-6a65fdfff37e,3000,,128
{'n': 7510},247,1723642561821,e8b4215e-1715-46bc-bd69-e45b3c2c9bce,3000,,768
{'n': 7510},157,1723642552351,b5083ed1-758d-417b-ba4c-fab6799e3774,3000,,384
{'n': 2410},146,1723642542009,d08a78f3-0ab8-48dc-8b59-703576ea8d51,1990,180,896
{'n': 710},87,1723642541357,b56ee62a-fb7f-43fb-bb44-cd3cfe7c6a42,37,,2560
{'n': 6310},373,1723642565688,e9df3965-ce08-4749-8c18-e4a537f513d2,3000,,3008
{'n': 2110},137,1723642542721,a8ef656d-b9e1-4570-b6eb-134ca421b618,645,,2560
{'n': 5010},327,1723642557825,7f736877-e81a-4024-8ae2-2d795a678457,2548,,2944
{'n': 810},114,1723642541491,34550aa6-b248-43b8-ac50-8e6a5d50140d,119,,768
{'n': 1210},121,1723642545742,5a13a409-a6bd-4333-9734-e84ed884801f,2465,,256
{'n': 1110},76,1723642540766,a727a9db-ba80-4636-b159-69dc0be8beaa,168,191,1920
{'n': 7110},425,1723642563896,2b5d475d-4274-42f3-95c6-314dd2447f6c,3000,,2816
{'n': 210},45,1723642539633,c968e81d-180c-44aa-9627-499c85f4c563,6,,1792
{'n': 5410},66,1723642544471,f90a0769-b4f8-40b8-9f0c-8e759af3c390,3000,,128
{'n': 6710},304,1723642559420,17a5bcd2-ed00-4079-8e90-6964945cedc1,3000,,1024
{'n': 2110},130,1723642541340,dad01d3b-ac75-488c-9ccb-b950edbde50c,1380,184,1024
{'n': 2510},258,1723642546387,5079b49f-4ac9-425b-b23c-2dc788a76f44,1673,,1024
{'n': 5510},312,1723642547801,393dd45f-e9da-430e-8202-872c5fd5dc32,3000,158,1792
{'n': 7110},143,1723642560726,de13d70e-ab42-4f61-ab08-f3bc3115fb9f,3000,,384
{'n': 4910},288,1723642554864,38841502-965d-4023-9e8f-04f9e6455cdd,2587,,2048
{'n': 8910},429,1723642561027,0890f4e5-d160-4ca0-abc9-0d5a304dc1fc,3000,,2816
{'n': 3010},307,1723642548716,5ec4e876-6671-4fcf-bc91-0e08f8295781,2975,,896
{'n': 4810},276,1723642545968,c0c2d74b-612b-46f0-9115-a2f5f9272699,2616,,2048
{'n': 2610},117,1723642542982,d899847d-6fce-4688-9f7c-ca8d4ff769ae,3000,184,256
{'n': 4710},233,1723642543004,9b6a5586-fb24-484b-87b7-909c1644eb1e,3000,157,768
{'n': 9210},358,1723642558730,ab6a21db-43d6-4939-afd3-14157762d69c,3000,,1024
{'n': 3410},199,1723642545008,3e0560d6-ac76-4373-81ac-71b7c64e2546,1673,181,1920
{'n': 1310},87,1723642546218,907cab61-cc73-444c-8b0e-e3ecd6940344,2937,,256
{'n': 1510},231,1723642544320,3bbf3e96-0206-4602-8978-267550f4b49b,847,,1024
{'n': 1310},87,1723642540881,a8f87557-443b-4e38-830b-6cb76b8803bf,237,,1792
{'n': 7910},383,1723642569440,b51383a5-c18f-40ca-be50-58f87d6de95e,3000,,2944
{'n': 9510},464,1723642572050,1d1b6ce9-2d62-4032-a60c-0503483cbec1,3000,,2816
{'n': 8610},415,1723642569360,56bf025a-9b08-455b-8a67-0059ca4444ce,3000,,1920
{'n': 5210},101,1723642553310,56971e01-c256-4299-804e-aea1e1560ff0,3000,,256
{'n': 3010},148,1723642543125,e478c669-0e75-439c-b7e3-889a99dd9c2c,3000,187,384
{'n': 4410},344,1723642554065,f2650246-5c8b-4d6c-ab9d-a79fcdbb8dab,2324,,2048
{'n': 5910},124,1723642555961,3ed8b3ea-041a-42d4-acc0-8dc433c48c4d,3000,,384
{'n': 8110},393,1723642561028,a18ec622-a4c7-46d5-b708-a517872981ad,3000,,3008
{'n': 4510},258,1723642553567,369bd8a6-9823-4372-88f9-099da58b6495,2094,,2688
{'n': 2910},212,1723642550492,43d96f35-d7a7-424d-a43d-cbaef872022d,1215,,3008
{'n': 4310},65,1723642551254,4e00aecf-d5b2-4cc2-8d13-45b204d18b3d,3000,,128
{'n': 2410},131,1723642543058,e6572bee-209c-4761-989d-936b83561201,3000,178,384
{'n': 710},57,1723642540304,4b8c7173-c41f-49ff-92fd-1ec709c3b703,277,184,384
{'n': 510},61,1723642540784,a6265681-dc09-4334-b142-d41c703c3700,142,,256
{'n': 910},112,1723642542184,bda982b1-7e5c-442f-8de0-5e942207fe0e,64,,3008
{'n': 9410},253,1723642559120,d84a15b0-c3a0-4c32-adcd-d287e37ce98b,3000,,768
{'n': 110},65,1723642540682,b2d44a08-eb8b-4ce2-a3c4-b0dcf2238741,3,,1920
{'n': 2310},231,1723642546940,b1074446-dbf2-4ec9-957d-284fddec51c4,753,,2048
{'n': 1610},112,1723642542100,7da6c279-fb93-416f-8a77-d631c3f5aec7,308,,3008
{'n': 8310},411,1723642565896,9cf497ce-036d-428a-9fd7-9c0f4e2e71ad,3000,,3008
{'n': 2910},67,1723642543052,c2fe8376-47d6-48bf-bbd6-b341330f09ec,3000,159,128
{'n': 910},76,1723642541927,4b9cf47f-5133-4907-8764-f6cce23b0dd7,76,,1792
{'n': 710},57,1723642541522,d1471b07-478e-4120-b6cd-d4178c9e4f50,44,,3008
{'n': 1610},167,1723642544670,b5f29011-8840-4152-a8f2-cd893d37d92d,385,,1920
{'n': 7810},379,1723642556930,32bbe9ad-3477-4cba-a7ea-30ee18694a87,3000,,2048
{'n': 5310},286,1723642544483,8416b733-39bd-4f5c-9533-e2f0c67ecfcc,3000,,1024
{'n': 6610},371,1723642553097,d1772c09-c766-4f06-ba22-3ed6aef36742,3000,,1792
{'n': 5310},373,1723642559399,b7001fcf-660f-4ebf-909e-6cb1fce3f404,2982,,3008
{'n': 3110},183,1723642543996,761c05e5-af94-4885-892a-d034cf9196f2,1397,,1792
{'n': 1410},84,1723642543002,f52f9b00-897a-4bb4-a37c-31ed3a594d9f,3000,195,128
{'n': 510},50,1723642540382,2147ded3-6c84-4e9f-a226-a3d2089f5015,29,159,1792
{'n': 6810},381,1723642562646,9fa9a284-06d1-4ef0-b471-508ed26dc321,3000,,2560
{'n': 4310},65,1723642543054,fa4aa05c-beba-4eab-a755-d12f2073ade0,3000,179,128
{'n': 5810},329,1723642558414,4cebcd89-c473-47b9-92d6-c53fe7d31c4f,3000,,2560
{'n': 5710},256,1723642545268,760f214d-e81c-4c10-ad06-d9fe735c2e43,3000,,768
{'n': 710},103,1723642541263,4933fd2c-83e8-44a9-9255-cf5555c0a47c,38,,1792
{'n': 2810},317,1723642549569,6c1ad7d5-10f1-4599-b31f-eae305390f21,1353,,2560
{'n': 4510},279,1723642553553,255e3f1f-1498-4348-b858-28cae0ee2525,2111,,2560
{'n': 9510},132,1723642559376,a0948a0c-c890-4407-8fd2-14a6267f57e0,3000,,384
{'n': 210},44,1723642538087,e072f23c-a272-4dc9-8bd1-41bd857d7db5,85,179,128
{'n': 4010},279,1723642553109,edce7874-ec90-4326-bd11-44d08beaef23,1904,,2688
{'n': 8410},407,1723642559322,ca1cd4e8-b4d0-4478-bc1a-15f039ceb403,3000,,1920
{'n': 1710},241,1723642544313,a186034a-cea5-4dec-b171-9b46c6e37e4a,1028,,1024
{'n': 5110},290,1723642549528,6b08b5b7-d23a-4698-9a25-1a0880bcf65c,2747,,2944
{'n': 9410},453,1723642562182,bfc01a12-b3a9-4764-8c8f-cd77e202c759,3000,,1792
{'n': 2910},173,1723642545175,4359ea4e-f112-4b55-a2aa-95ac320adacc,1198,,3008
{'n': 7110},397,1723642566857,c9243cea-f292-46b7-b4d7-0d1fc25a7b1e,3000,,3008
{'n': 8710},420,1723642563028,4683866e-2499-4de4-b06e-725ede98bc1f,3000,,3008
{'n': 3410},283,1723642549470,34acacf4-460c-43c4-b6dd-8e355dcdb6a5,2949,,1024
{'n': 7610},370,1723642555895,dae744ff-f31d-471f-829b-3c50fd3462dc,3000,,2560
{'n': 9610},454,1723642562589,38f23079-8b5e-4580-af7d-6424d46c6c45,3000,,2688
{'n': 9210},403,1723642561879,84f49bf1-27c9-4cb5-8aa2-cb02beb79bb2,3000,,1920
{'n': 910},76,1723642541981,9ff11254-d5d3-404c-a91a-e9c0ab62a80b,319,,384
{'n': 3610},210,1723642542995,7c8b3155-0545-49c0-a1a5-f36732c2d479,3000,184,1024
{'n': 8010},332,1723642554518,288e4750-5471-4b1d-a2eb-7538d984203d,3000,,1024
{'n': 6210},98,1723642559414,464f3e9a-14f9-469f-90b6-a7b11afa25c9,3000,,256
{'n': 3710},140,1723642543078,dffc621f-3bdb-4d02-b173-497794910f24,3000,173,384
{'n': 8610},101,1723642566190,d49f233f-c09c-4fbf-ae9a-89829fbbf51c,3000,,256
{'n': 9610},452,1723642562568,5b3ef027-843e-4f4e-9d51-811082b5fd49,3000,,2048
{'n': 1810},114,1723642541192,f753e17e-e6bb-4424-b836-8fdb68d61d49,1374,155,768
{'n': 8210},459,1723642558347,eb0cb8f0-3315-4c92-8180-4f17b21a85e0,3000,,2048
{'n': 4010},231,1723642545324,9aae347f-bc02-4e30-9df3-1416462ed8c3,1900,158,2688
{'n': 2810},167,1723642542470,7f38fd9c-885b-4c8e-aef0-c841a0b04605,2895,,768
{'n': 1110},76,1723642543990,5308c4a8-d7c9-4266-92c3-08e931b56601,175,191,2816
{'n': 3810},221,1723642545372,5103963c-650b-45dc-bc71-e1ad620fa2d0,1883,180,1920
{'n': 9110},438,1723642564588,c1b196ea-117f-4ad4-990b-f69471a2dd75,3000,,3008
{'n': 4410},253,1723642555984,40ca9ef4-5d08-4a38-8057-e5eff4efce67,2158,,3008
{'n': 4210},242,1723642553464,56a56e95-9eca-4de1-b6eb-536dd7e9c99e,2045,,2816
{'n': 6310},264,1723642550068,7e9a8f17-843f-4e9b-8969-1aaff43fd6b0,3000,,768
{'n': 8510},447,1723642569267,db09d58d-94cc-477a-8421-876c7b21ca76,3000,,2560
{'n': 4410},333,1723642553765,060bb77d-1dab-4ed4-a1d6-88d0f4b0ac35,2190,,1792
{'n': 7710},430,1723642556774,2d7f4093-6354-4831-baf5-5a3d280b698a,3000,,2048
{'n': 2810},149,1723642548144,44af4f13-352a-4f39-8551-d0d7e5e2a0a1,3000,,384
{'n': 4310},218,1723642551251,057c5a17-c538-4f8d-bd04-f0eb63258d34,3000,,768
{'n': 2110},137,1723642542032,4157fa9b-ae23-43ac-95a4-142b374e0748,642,,1792
{'n': 4610},265,1723642544836,aa9a6082-6ca5-4799-9095-c4b69d75d2f9,2394,,1920
{'n': 1810},119,1723642546151,781711f1-8386-4daa-9218-72845ea390c8,3000,,384
{'n': 7210},403,1723642554804,9b10efbd-8e8c-4bed-ba5f-852802d8f488,3000,,2816
{'n': 9710},456,1723642566623,92cc1b75-d5e0-4513-ab3e-5a853556a79e,3000,,3008
{'n': 810},63,1723642540318,3509169d-6d43-4a7b-9366-1e3034232b91,59,,1920
{'n': 5810},339,1723642558394,74d9dba3-515f-4cee-904b-c97b220e46e6,3000,,2816
{'n': 3610},82,1723642550036,73b56774-f4dc-41a4-a8e0-f37bad8df3c2,3000,,256
{'n': 2910},173,1723642543922,db0de280-18bf-4694-b35a-75a710c5966e,1178,,1920
{'n': 7310},226,1723642551941,7c7f4a14-bf7a-4c20-9a32-319ac2a3df5d,3000,,896
{'n': 9910},325,1723642570595,06732329-6fef-4f4d-956a-8419fd2e06bd,3000,,1024
{'n': 1210},81,1723642540435,455093f9-1d96-477f-aac5-4de1e7505508,402,177,896
{'n': 2910},290,1723642548982,1db6bfbd-41f4-44fc-a5d5-420ef35b6f24,1252,,1792
{'n': 3410},226,1723642550946,68de7fff-7d5e-4ee7-861a-9d2e9e08e6df,1451,,1792
{'n': 3010},269,1723642550042,244e0354-c7ac-408e-b7b2-f415a349bcfe,1239,,1920
{'n': 110},114,1723642540526,3b6026c0-272a-44c4-b9c7-4f584000556d,3,,1024
{'n': 810},61,1723642540369,9158d8c9-758a-4e99-b3a5-90e086ed10e5,351,159,384
{'n': 8610},416,1723642572441,b94cb01e-2f57-4a13-b010-a6a6a37e3826,3000,,3008
{'n': 6710},352,1723642562632,0b64062d-1048-4986-8d4a-32928beb7e82,3000,,1920
{'n': 7510},77,1723642552317,5751459e-b090-4972-aeb1-1e43fe8da2ef,3000,,128
{'n': 4810},288,1723642551793,f658fa4a-1da8-45b6-987a-b4627e377d82,3000,,1024
{'n': 9210},462,1723642574375,3b398f5b-7b1c-45d4-8fb9-bcf2cd715489,3000,,2944
{'n': 1210},81,1723642540540,9d974a91-32b8-42fd-9d56-988e9d741c3d,499,178,768
{'n': 3310},279,1723642551418,a37e7496-7db0-4f97-b945-c511ae54d3a7,1278,,2560
{'n': 2110},131,1723642543561,a49f5c90-a8cc-40a2-a0ab-8c307f644804,572,,3008
{'n': 3110},221,1723642551251,f4cccd5c-7eed-4b92-ba82-f69d6da7824b,1301,,2944
{'n': 6910},71,1723642550621,4b87d9ac-be11-4f9e-8bf6-42695e40b355,3000,,128
{'n': 6010},65,1723642556409,b0b51163-0a36-49c9-90f3-e543a528a8b4,3000,,128
{'n': 1410},92,1723642540581,75ce03db-eeda-4e23-8c07-6601fb0553a3,637,178,896
{'n': 9610},96,1723642568836,6ecfad92-a7ed-4918-b044-9cfad38bcd61,3000,,256
{'n': 6010},339,1723642559655,9ee0c8c6-73f2-4f97-bbac-5da6b5fb717e,3000,,2816
{'n': 110},49,1723642540140,de1abda2-187a-411a-9b9b-4d812a4e69ec,3,,2048
{'n': 4810},344,1723642554490,5db7399f-6125-40d3-b9b3-d89cf643e9b9,2526,,2816
{'n': 6410},360,1723642562542,a450d81d-93dd-47af-9bf4-f93ae21c3f23,3000,,2048
{'n': 7110},399,1723642554448,1bcd045d-2dc0-4cac-8c48-fa24cb92098b,3000,,2688
{'n': 6110},274,1723642555265,1c234c53-109e-4366-9fa9-c134c421e1d6,3000,,896
{'n': 7810},134,1723642553734,b576cafc-07a3-46e1-ad1b-29bd98ee3338,3000,,384
{'n': 8210},83,1723642555104,753f1743-0165-480d-83f2-576533804856,3000,,256
{'n': 3610},285,1723642553504,10c2847f-3aa8-43cf-9dc6-9f8189dc4b82,1670,,3008
{'n': 8310},402,1723642565764,90b44e3e-b9e4-4819-ba3d-0653f6b7bcca,3000,,2688
{'n': 1010},71,1723642540291,f8031c16-5e3f-42fe-95cf-8c835fbc898c,302,189,768
{'n': 5610},253,1723642554164,64017598-d571-4110-8ab6-7cc0f666001d,3000,,768
{'n': 1010},71,1723642540389,0580be6c-a6b2-4015-b0a6-0bfb1dda12a5,118,,1792
{'n': 3010},178,1723642545269,fce48e39-6ba4-4173-93d9-76e9cf7c2a24,1284,,2944
{'n': 8010},439,1723642557635,d76d22e3-eaf6-43b0-89a7-0c549fdc8948,3000,,2560
{'n': 1910},119,1723642543022,add36f1a-d02e-4eae-93a9-54816d44f0c2,527,,2944
{'n': 510},50,1723642541038,a48fcf8c-a8ea-4c35-8e38-c688c636ab05,23,,2944
{'n': 5710},283,1723642548359,a5c43545-c473-420d-89e1-05135c48976a,3000,,1920
{'n': 8110},66,1723642564271,84088088-b7f2-4af3-9174-92e7b6979f1c,3000,,128
{'n': 3010},178,1723642544829,250651dd-fbda-4823-848f-1fe97a151da5,1422,189,2048
{'n': 6010},373,1723642562632,f3ce8e96-456f-4499-b04c-63c30ffc4051,3000,,3008
{'n': 2510},325,1723642547920,6b42b78a-9272-4ec6-8aed-cfb69d06a11a,823,,2048
{'n': 9110},251,1723642558375,3ed51939-89cf-41b6-a0d5-76555ea53afe,3000,,768
{'n': 3210},188,1723642544590,079373f5-d213-46cf-8919-66f606069957,1505,186,2048
{'n': 8110},429,1723642567368,3531e3e6-46e1-406e-8d0d-9b4d01463f41,3000,,1792
{'n': 6010},273,1723642556474,ede267ed-e45c-4810-b132-b82552de8328,3000,,896
{'n': 9710},459,1723642573074,cd5df0f1-8ec7-41e3-bbde-50d5713c1fc6,3000,,2816
{'n': 6210},392,1723642562639,012cf668-8e4a-422e-a32d-a724f4ee9548,3000,,2688
{'n': 8510},460,1723642569261,bc14b988-9907-4e73-8c31-984496f57090,3000,,2048
{'n': 3310},65,1723642542964,aebff757-91c1-4143-9eaf-b12f139b149a,3000,184,128
{'n': 7310},356,1723642555103,e2cd4df2-0455-4ded-9340-dab51ffb1f78,3000,,2048
{'n': 4410},344,1723642554195,2fbc1abe-ccdf-4673-a76e-118c9422b661,2447,,2560
{'n': 3310},153,1723642542922,cdd67fd0-083c-416f-af5c-9eafaf08b074,3000,186,384
{'n': 10},65,1723642541012,69529046-4b77-4402-8ef3-6b2f648b7a71,2,,2816
{'n': 1210},223,1723642543932,87e88708-5963-4b02-86bf-9ea38950346b,559,,1024
{'n': 3710},215,1723642545405,5e39f4a6-09fa-48b1-9672-ffa76bd6478b,1943,188,2816
{'n': 3410},199,1723642542958,efd78ad6-3744-448d-8ed1-86c6be2d0e45,3000,188,896
{'n': 5610},344,1723642557324,8d0c1111-d0f7-48ba-ab09-05c370d31428,3000,,2048
{'n': 7610},453,1723642565365,7090bde3-ddb5-41aa-a954-62d46df197b3,3000,,1792
{'n': 7010},392,1723642554092,a1fef1a8-6f26-4aac-8172-b0e2b2161518,3000,,2048
{'n': 9110},438,1723642571039,f49cb547-5fae-48e4-8869-836d094ce43d,3000,,2688
{'n': 9910},332,1723642561104,87fec116-0841-4543-87d0-b18cddca0246,3000,,1024
{'n': 4110},226,1723642551181,7623945c-f744-4cea-ab54-47a84377d83f,3000,,896
{'n': 9610},456,1723642571973,a0e32e8d-470d-4f1a-8d73-d73d90746c1c,3000,,1920
{'n': 10},43,1723642540060,c3ec43b1-e302-467e-a52c-d78c2f35b641,5,185,1024
{'n': 8210},397,1723642561368,cee7ff12-4c57-41b4-95fb-6a697f608d5a,3000,,3008
{'n': 9310},448,1723642574931,9b367ce4-61f3-4060-8c3e-cf3c4d9b2abf,3000,,3008
{'n': 1210},67,1723642546358,c5191800-b916-4e03-8300-2c714f7de64d,3000,,128
{'n': 7810},405,1723642556983,67153dcb-e809-43cb-839c-a515bd10e50a,3000,,2688
{'n': 2410},153,1723642548453,4c345e5f-5818-4ad6-8806-d50194f958bc,928,,2944
{'n': 8610},256,1723642566245,5c7e4596-fe34-44dd-86a7-23d60c629950,3000,,768
{'n': 8310},402,1723642559323,6280b42c-6a82-4a02-9f9c-10c4f53236fb,3000,,2944
{'n': 1810},115,1723642542324,99b91723-ef21-443b-9649-a898424311ae,516,,2944
{'n': 5510},103,1723642544475,fd2d1af3-3dfe-48d4-aff7-50bac64ce590,3000,,384
{'n': 7910},178,1723642553785,1d6adb69-7845-4bb0-b464-41a3ccad8158,3000,,768
{'n': 10},43,1723642540906,4fb593da-a3c7-4ed7-8301-dd0eeedc2699,6,180,1920
{'n': 8110},307,1723642554721,593e5017-f6f6-4fd7-be61-bf04d868315b,3000,,896
{'n': 4410},97,1723642543089,9d43e49b-cd24-4f17-9cab-3526f270feb1,3000,186,384
{'n': 8210},144,1723642564572,5da411b6-c8eb-4599-8d9f-8ee44b682691,3000,,384
{'n': 3410},258,1723642549565,0d59aadc-353d-489b-a161-6480248fdfbf,3000,,896
{'n': 4010},231,1723642545488,9fe78068-f3bd-4a79-a975-02dda3c55421,2046,187,1920
{'n': 9310},124,1723642559063,df8a77dc-335a-4308-a456-375866078ffa,3000,,384
{'n': 410},48,1723642540275,dfb857d4-3930-43e0-90f0-c3e10409c153,309,211,128
{'n': 410},48,1723642541015,0e40e7ba-225b-4b0b-99b6-f82be6cf3b77,21,182,2560
{'n': 3310},325,1723642551374,2c3c79b1-f229-4934-9994-c6f600d47ab2,1297,,2048
{'n': 9910},83,1723642561184,df352fcb-d39a-46fb-bf87-36176b9a6b94,3000,,256
{'n': 4310},247,1723642553438,5afcc514-7990-4e21-83ac-7576819550f4,2139,,1920
{'n': 8310},402,1723642565834,cd1a5f85-a3e0-4870-8e88-309a13531be8,3000,,2816
{'n': 9010},434,1723642561218,7e75e9f9-e3df-4767-9a79-2f8964b99529,3000,,2688
{'n': 8210},425,1723642570772,278a27d8-2821-4a76-9f76-f0ff343ce10b,3000,,2944
{'n': 5110},98,1723642553158,e1ca4f70-796e-43a5-a4a5-03239533caa6,3000,,384
{'n': 7010},392,1723642554090,795f2db5-a10a-4c06-98d8-2b0e604a2ee6,3000,,2688
{'n': 910},65,1723642540201,0f324708-2dc9-407d-bcd6-d3ddc276c4fd,169,183,1024
{'n': 1710},116,1723642542432,41f70b9f-01d0-464d-89a7-e4c8df8d0b88,415,,2944
{'n': 9010},434,1723642570747,b6574dc6-bd2c-41d8-8908-259457de6cb8,3000,,2816
{'n': 8110},435,1723642557942,1629d449-b35d-44ee-8d0d-542cb6eb7f70,3000,,2048
{'n': 5610},337,1723642550666,5657d55d-b542-425f-be91-eac43bc7cefb,2763,,3008
{'n': 5710},270,1723642545268,0ac453d1-71fd-452c-ad65-ada9ef281c0b,3000,,896
{'n': 9210},247,1723642558762,d3ae1620-f10f-471f-a2f7-933d66e04548,3000,,768
{'n': 6510},101,1723642550029,3ebccc7d-b6c2-4f99-969b-2241f334c71a,3000,,256
{'n': 8310},245,1723642556044,d663255d-d1f8-480a-a691-65124855639d,3000,,768
{'n': 810},92,1723642541811,9d80f363-ca0d-4818-9d17-819cb417db70,40,,3008
{'n': 7510},403,1723642564989,4c4347a7-f65c-4cc5-86b4-41cb53a5917f,3000,,1920
{'n': 5610},317,1723642548010,4c7c9d3e-4662-4f82-b25f-ee06ae61d378,3000,,2560
{'n': 7710},375,1723642556845,071fa5a3-408b-449d-a33e-2dc99539b531,3000,,2560
{'n': 8010},83,1723642554410,67e51ccf-f29b-46c3-8d1c-8cd8743585e7,3000,,256
{'n': 8010},440,1723642564724,95529a08-c30f-4af3-9505-4e2d4966f77c,3000,,2944
{'n': 2110},199,1723642546523,0096d4be-9886-4444-8297-3c257f336f3f,671,,2048
{'n': 7110},87,1723642551254,8d52100d-9fdd-4cd1-b1de-dc640cc47e1d,3000,,128
{'n': 7810},402,1723642557014,6463c986-ec65-493c-b704-20698bd683bd,3000,,2816
{'n': 4410},65,1723642543070,402ea757-c619-470d-9293-864a39d7d307,3000,191,128
{'n': 3710},312,1723642554200,7efe194c-652e-4914-8606-02c36c8cae03,1774,,3008
{'n': 7110},327,1723642560724,da985605-d493-4ac1-bfa1-7d2cf6b123e4,3000,,1024
{'n': 7710},416,1723642569233,0a136ebe-b63a-41c9-ae37-03e36e11e142,3000,,2944
{'n': 9810},458,1723642563543,91c1165d-9f69-4d5b-ae89-bf546e0ef988,3000,,1920
{'n': 6810},418,1723642553048,1860013a-58a8-46f7-a74a-a7fb5d31af76,3000,,1792
{'n': 7010},392,1723642563630,6b2f9423-4703-4876-b4e7-86dc926223c7,3000,,2048
{'n': 5210},296,1723642547418,4e9059aa-5d91-4a07-baac-139b7e0ccd68,2916,,2048
{'n': 7710},285,1723642563051,bf01d9b6-62e3-40f3-880c-12a2f7778c1b,3000,,896
{'n': 9210},460,1723642574416,9350d3fc-043f-489e-ab05-0ee4ff98e491,3000,,3008
{'n': 6610},442,1723642562533,f563a2c7-6972-4b31-a638-59f47e41e379,3000,,1792
{'n': 6410},306,1723642549957,6d878de0-e26e-43ac-b86d-221e9342953f,3000,,896
{'n': 9610},261,1723642568829,92bc2e64-9e0b-44c6-99cb-339c9ec2beb0,3000,,896
{'n': 8010},442,1723642554479,864994fc-65ab-4f46-89ff-36f4a222ec58,3000,,1792
{'n': 6310},145,1723642559526,8ec600be-e705-4cbf-8bc1-97787cc6756c,3000,,384
{'n': 3110},183,1723642545330,ac282920-532a-4cdb-89d7-27998aa527e0,1281,,2944
{'n': 7010},416,1723642566570,8518d961-3bed-448a-bdd7-0bef7731bb13,3000,,3008
{'n': 5210},296,1723642547388,c8420f20-4ae2-47e2-8e4d-eaf4eb08c059,3000,,1920
{'n': 7010},309,1723642560426,e2026891-3eda-484b-95e9-7f4d42cc8261,3000,,1024
{'n': 9410},460,1723642562322,a165182a-eb67-4287-8eb4-66055a4c4b77,3000,,2048
{'n': 1610},103,1723642540785,e4bdc2bc-0421-4076-95cc-7f01d8c68a02,724,181,1024
{'n': 2510},284,1723642546961,f2a28655-d19f-444c-9342-39c1889febf3,2239,,896
{'n': 4110},237,1723642545630,297766de-3ad5-41ba-a038-f407f036cd20,2180,184,2688
{'n': 3510},323,1723642553026,f8f55128-24f2-4756-bb34-ae7e6d1a10c7,1388,,3008
{'n': 6710},377,1723642562619,1d026075-9988-4596-be36-ebf07de74b3c,3000,,2048
{'n': 1310},162,1723642544758,3fcabe0a-2e24-444b-82c9-734c26f75255,181,,2944
{'n': 7910},405,1723642566332,0579b5a7-59ab-4f49-b37a-55936a11f28d,3000,,1792
{'n': 9910},81,1723642570584,9b59859d-3e6d-4819-9b7e-e81f359b49d0,3000,,256
{'n': 810},61,1723642541130,a2308a52-745a-47eb-aec6-1053f640136b,1125,162,128
{'n': 2210},279,1723642547615,ade422c0-19d9-45ba-a498-01ba879b7e8c,592,,2560
{'n': 6310},355,1723642553258,1a21e679-5611-4ea0-863f-840618bf429c,3000,,2560
{'n': 1010},135,1723642542411,b97138ba-e570-4eb5-847f-60a93172d6cd,91,,1792
{'n': 5110},354,1723642556143,6c766acf-6c95-43f9-8313-fdaadfb6ea8d,2860,,1920
{'n': 9010},97,1723642557969,aed9ff6b-e572-4b15-a5d8-37d2481dac93,3000,,384
{'n': 110},49,1723642540152,94b06a2b-7034-4698-8fe2-c969e5e17949,3,,2560
{'n': 3310},194,1723642542849,bd799f0e-5675-4bbb-95d0-717a6a449f93,2890,186,1024
{'n': 1410},92,1723642545189,3a3c7191-55d1-44db-b255-2f49743ac9b4,275,162,3008
{'n': 2310},172,1723642545849,c7bb61a8-4e2e-4b9a-9c58-ff6fc179f04e,1637,,896
{'n': 2010},71,1723642546809,09ea2134-9222-4e16-9c6a-add3060ee7df,3000,,128
{'n': 3710},65,1723642543033,f5dfcd18-731c-4bc3-a7ce-29337319634c,3000,184,128
{'n': 6810},308,1723642559465,446bd524-2e41-481f-8bdc-adeabb86c198,3000,,1024
{'n': 6010},354,1723642550091,2d386ea1-7880-4d39-87cb-fd21854a3b32,3000,,1920
{'n': 5810},330,1723642551851,4ac6629e-072c-4a32-922b-2866c09f8d01,2910,,3008
{'n': 1510},66,1723642546497,9fbb997f-b7e6-479a-b5fa-41d2e9829669,3000,,128
{'n': 2810},221,1723642549427,cc693c2b-579f-43a7-ba8a-a50be153b03b,1116,,2944
{'n': 3510},125,1723642549881,1f53a330-ca1c-474c-966f-423219c70516,3000,,256
{'n': 6010},339,1723642553171,04198861-0127-405f-8c13-ff14111a9b9a,3000,,3008
{'n': 3710},215,1723642545232,ff4bce69-4562-43a8-9c75-3ff9160535bf,1827,183,2688
{'n': 4110},209,1723642543012,9f12654e-01ef-45b1-923c-41855503e70b,3000,161,896
{'n': 9910},239,1723642570583,0e145e81-f4f3-45ee-bd95-151ed60af606,3000,,768
{'n': 5310},327,1723642550092,30ed1c42-9afa-4450-a21c-5cf04844c07b,2764,,2944
{'n': 6510},365,1723642553205,a6663080-4498-49c7-b319-3037adfd5a88,3000,,2688
{'n': 9710},140,1723642560355,fb88f2b6-9c42-4f98-986e-548640eb9e11,3000,,384
{'n': 8110},429,1723642567528,d0a5eac1-f70c-4460-8965-b022109efa9a,3000,,2816
{'n': 9810},134,1723642569875,1148d060-6532-425e-bbef-4daf155e7ac1,3000,,384
{'n': 2210},135,1723642541662,7b99498a-359e-45fb-a3a0-56cff2c2f74d,1684,157,896
{'n': 1110},76,1723642540366,d405ae02-101a-4142-b078-5512ee7fc195,389,,768
{'n': 9910},227,1723642561176,1ca53abd-64b3-497c-bb4b-929530c1f103,3000,,896
{'n': 3010},178,1723642542874,56fb4a3f-dbd8-42a8-a43f-933e3192711a,2809,186,896
{'n': 9510},297,1723642568832,e3688110-9fe4-4889-96f6-7177e56f3160,3000,,896
{'n': 4610},312,1723642552352,2cffafff-b757-4046-9509-e68b4ad04dad,2402,,3008
{'n': 1310},87,1723642540602,9f7fcf06-60aa-4bf9-a6bd-4718c9e7703a,535,180,896
{'n': 8210},397,1723642558291,f55bcaac-7a41-4e37-854a-9a7fa772c9b8,3000,,2688
{'n': 3810},227,1723642550461,eaed5966-c4b4-4cd9-823e-b969e97c3f9b,3000,,896
{'n': 3510},204,1723642545117,cd1c3ceb-c5b7-4488-806c-fe8f01467c66,1766,188,2048
{'n': 8310},82,1723642556073,990290a1-44cc-46b7-948a-4da8db1b427d,3000,,256
{'n': 5910},65,1723642546483,21b14d6f-7f73-42d1-8bc3-8ed338c2c83f,3000,,128
{'n': 2610},133,1723642547812,f4e8bf53-b6b2-4558-be1c-74f586f2fde3,3000,,384
{'n': 9110},438,1723642561509,9b8b549b-564f-43dc-b0e2-d28ca37704d0,3000,,1920
{'n': 5910},333,1723642552683,1be0f315-3e71-4f89-83da-24ce120b0ff7,3000,,3008
{'n': 5910},283,1723642546513,b403079b-1102-4dc0-ba7e-4c697e50fc23,3000,,1024
{'n': 5110},290,1723642546727,e86c2543-b824-46de-bfb6-b66c6c30eb01,2251,,2688
{'n': 8610},331,1723642556912,1d35767b-ad1d-4dec-957c-b1818c0d1b95,3000,,1024
{'n': 2710},268,1723642547983,0f40606a-3872-4bd8-814b-5cb3bad48202,2499,,896
{'n': 2510},237,1723642548943,b748817b-c529-4c5d-8b72-6ce872946eb1,973,,3008
{'n': 9810},65,1723642560368,0db35a6b-fe27-45e2-b85c-bd631a089baa,3000,,128
{'n': 1810},121,1723642542370,3fa39c32-cadc-4af8-ad57-b08570948251,444,,3008
{'n': 10},65,1723642540753,be5ef2e1-8c01-4895-9d4c-47fcacb26fff,2,,384
{'n': 910},65,1723642543054,739505fb-c71e-4c9f-b567-a4d72f3da256,1428,184,128
{'n': 9810},260,1723642560380,bf628381-9630-4ac9-87b1-005780e80d38,3000,,896
{'n': 3110},183,1723642542545,2e5dcd06-7ad4-43c8-beaa-3e46266e5877,2595,159,1024
{'n': 6610},398,1723642553218,365589fc-2528-4a7a-b412-ca9708b02306,3000,,2688
{'n': 8910},429,1723642560966,b7e9576e-34fa-4ab6-a739-c355e524efad,3000,,2688
{'n': 3710},247,1723642552398,8ce9ce53-758e-4455-a92f-1f7156c8753c,1748,,2560
{'n': 310},61,1723642540507,b9d47563-2675-4633-acbd-7ae6076488fe,26,,384
{'n': 9010},307,1723642567499,dc69fcb8-d087-4d7a-b8fe-fc26f37783ec,3000,,896
{'n': 4610},329,1723642552191,816050f3-154a-47e2-a684-b5b81a5eb057,2303,,2688
{'n': 8010},438,1723642564691,b9473cf5-ebb6-43cb-99c5-944d038bb6d6,3000,,2688
{'n': 8110},425,1723642567427,828c2961-7836-4631-93e5-55cb3b99b128,3000,,1920
{'n': 510},50,1723642540253,fd35ade7-08c5-41cf-88f7-6da875295bde,220,188,256
{'n': 1010},71,1723642540882,f97a2e4c-ad99-46bc-a50a-7e7e6ad0db12,884,182,256
{'n': 7810},65,1723642563183,622a6eba-e8d8-4e32-baec-7e0078e2feb0,3000,,128
{'n': 2210},71,1723642547518,5682bc49-7eb2-4f1e-aeee-302d9a7aae3c,3000,,128
{'n': 5610},132,1723642554154,808ce189-eb52-438f-b306-6bb5744100d5,3000,,384
{'n': 710},57,1723642540484,c7bdf66b-5e13-432a-966a-1271760148e8,60,177,1792
{'n': 310},65,1723642540767,03e32207-e9e2-48f2-96aa-6f8e59671004,7,,2816
{'n': 7010},133,1723642550855,a7cb09bf-da5f-47c2-a6e2-6469f7a7db2d,3000,,384
{'n': 8010},388,1723642558033,567a896d-6916-4b92-b81a-54e34332adaa,3000,179,2944
{'n': 510},76,1723642541017,b9c96cec-a165-47a2-a6eb-96d92036c16d,22,,2816
{'n': 2610},269,1723642548280,6c4b762d-be6d-4114-ac4c-15c041419b91,992,,2048
{'n': 910},65,1723642540711,d15a4e5d-c16b-42f8-80d0-72b87d75d68d,87,,2816
{'n': 8810},392,1723642570298,0d34ea92-b518-4b9f-9962-4d195bf91dd3,3000,,1920
{'n': 7410},73,1723642551961,5b5526ae-f393-4b2e-a26c-c532f5577c55,3000,,128
{'n': 3510},82,1723642542982,3ae8c2a5-32dc-49ce-b901-a7fd57e5527a,3000,188,256
{'n': 8510},244,1723642556617,c849637d-7517-4c59-ba41-304a8be330ff,3000,,768
{'n': 810},92,1723642541807,7d93a98b-35a3-4bdd-a0e0-deb029cb3154,48,,2944
{'n': 5010},285,1723642555424,a33f1d04-48df-4c3b-9f6b-3660d8edeea5,2921,198,1792
{'n': 8110},393,1723642557786,f7e789cb-c74c-4263-9cad-1aed22d2b91a,3000,,1792
{'n': 2610},233,1723642547203,3ad458a7-c77e-4eb2-a383-0fdc0dc6eb0c,2438,,768
{'n': 6510},366,1723642553229,0737dd4b-cab3-4fce-a97c-bdce3590fe99,3000,,2560
{'n': 4010},204,1723642543031,05bbee09-bc6f-4ebc-88b6-b7e293daae57,3000,183,768
{'n': 210},44,1723642538966,d896f237-d384-41c0-af53-d6110e8c845b,9,180,2944
{'n': 710},57,1723642540125,c70a9597-178c-42fa-b353-1f9e7bcc8e8c,96,189,1024
{'n': 7610},408,1723642558805,06c1cc2a-c397-49d0-a0c6-743a14dd0fbc,3000,,2944
{'n': 5610},318,1723642557116,254ad41f-566a-4c70-8899-1a006e853ee9,2785,,2560
{'n': 10},55,1723642540255,d58450e8-9b64-4938-abe6-bb51c62049de,2,,1920
{'n': 9210},443,1723642571410,f346ba1d-0f83-47bd-850b-3f50599d3375,3000,,2816
{'n': 4410},223,1723642543062,58df3474-adad-43a2-9b6d-4d57a3c3dc14,3000,181,1024
{'n': 1710},108,1723642543045,a90c5a1a-75ff-4ab1-aa4b-225ff337e823,3000,181,256
{'n': 610},53,1723642540662,f91ce561-84f5-4bad-a59d-f7c35eda55c2,652,207,128
{'n': 6110},358,1723642555276,415b4d4b-f7d2-4c7a-9e1d-7ea70d45d15c,3000,,1792
{'n': 4110},65,1723642543055,3e76d3b5-03cc-42ad-aee5-30b52b086cc6,3000,187,128
{'n': 4410},276,1723642551578,8c7ef054-49b5-478d-aedc-74027dc21ba2,3000,,896
{'n': 2010},223,1723642545715,ee51ffc3-f6fb-448a-ab01-7055a410ec1a,1974,,768
{'n': 3310},65,1723642550025,5c56596b-0f14-4c6b-8d93-39a152061c16,3000,,128
{'n': 3510},333,1723642551531,2f0a0e84-133a-4ecd-a670-7de3c2451861,1769,,1792
{'n': 510},50,1723642541069,91daf7cd-5173-46fc-bd5f-fa720a027834,31,184,3008
{'n': 3710},65,1723642550430,5a84baa7-5c39-4b05-886d-ac5de0a3b98d,3000,,128
{'n': 2710},162,1723642542697,43785df0-425d-4eec-8d71-2606a6965600,2830,184,768
{'n': 1310},87,1723642541456,1a008c8d-fe1e-4d83-96fe-caaad9f06d98,1387,180,384
{'n': 1410},92,1723642541522,e845c6e9-dc77-4ba5-9e28-52997fd5aba9,232,,3008
{'n': 2910},172,1723642544644,5df6ed3e-4dc8-43d2-baa9-b2941df4936c,1302,181,2048
{'n': 7510},414,1723642555570,b5b9cfc6-296e-4431-8d0c-a28d913546ca,3000,,2560
{'n': 610},54,1723642540491,ca1cbbb4-5b7d-476b-b31a-6a8dd182baab,26,,3008
{'n': 7410},361,1723642555136,e7088fbc-84dc-4682-af38-211868f1b007,3000,,2560
{'n': 1710},108,1723642542613,9cf1274f-a6e3-4ac8-854b-ae3820444538,2572,181,384
{'n': 1510},99,1723642541699,6847bc72-4606-4229-bdbb-fe4964995089,336,,2816
{'n': 610},65,1723642541308,4d10e91e-a159-4513-8bf5-7b006e7df1fc,27,,2816
{'n': 110},50,1723642540452,5ba3632d-8fbf-41c0-8b9a-411979a52a8a,3,,256
{'n': 4910},283,1723642554834,bbeaa5e6-c3f9-4927-97fa-22d6e14a3e63,2562,,2816
{'n': 6710},387,1723642562647,aadc7865-9619-466b-bf62-1fd2dce891f0,3000,,2688
{'n': 2710},317,1723642549271,edec90c0-55ab-4b48-b5a3-e8dbd12e2d9c,1193,,2048
{'n': 8610},416,1723642569461,061e43ff-0b7f-4a27-8269-683d50888939,3000,,2688
{'n': 2110},231,1723642546189,849530f4-493c-427f-a34e-76d917dc1b8a,655,,1920
{'n': 6210},365,1723642565625,361f448b-1683-4254-ad14-eb8c27a4e59f,3000,,3008
{'n': 5710},397,1723642557733,1abb032a-dced-47b0-811c-ea944497b64f,3000,,2560
{'n': 1110},113,1723642543475,338cff5f-917d-4a25-8ae5-a33857df2fd0,637,,384
{'n': 8510},452,1723642569262,17737829-abab-4182-8ee5-21757e8621b1,3000,,2688
{'n': 2310},247,1723642546531,a7c90542-54d8-40d7-b756-9d1cd7a1b741,807,,1792
{'n': 4210},242,1723642555548,e0750c11-8f1c-47c1-8ca3-7796442dccb4,2084,,3008
{'n': 5310},283,1723642544496,93dff7de-cf0c-4980-8a60-99f68a0219df,3000,,896
{'n': 1310},173,1723642544188,5e783c6c-0be2-4df7-886d-8a3513310fc6,192,,1920
{'n': 8310},402,1723642559312,3dd61354-c129-4bab-bf4f-07868450c4f4,3000,,2816
{'n': 4010},231,1723642547763,4c2cd804-f0ea-45ab-8fac-22050a77005a,2079,184,3008
{'n': 9810},471,1723642576139,3aac5e08-98f1-40bb-990d-78382d26e768,3000,,3008
{'n': 5610},317,1723642550897,e40df6a9-1297-49b0-99a9-53c7ed8b64d0,3000,,2944
{'n': 6110},345,1723642558300,6f1e58a7-4b27-41aa-ab78-4193b1c15d0d,3000,,2048
{'n': 3210},188,1723642545131,8738b5f3-04f9-471e-9bdc-7b1ea1250eed,1549,188,2944
{'n': 7610},370,1723642555891,c0bb568c-0bdb-40ce-88d9-08748799f8ee,3000,,2048
{'n': 5210},355,1723642556134,212e6643-0d1f-46fa-a76e-8b7319f42e84,2645,,2560
{'n': 3110},121,1723642549112,bf5be43d-29fe-409c-8683-eb8adfdf6ff9,3000,,256
{'n': 4910},281,1723642548387,01655d19-84dc-42c9-b9d0-8c6c47ce4848,2374,,3008
{'n': 6710},82,1723642559439,54c9ffc9-e09a-46f9-816c-3b0e71e353b9,3000,,256
{'n': 7710},145,1723642563048,b00b5360-443d-41ff-bdb7-758cc300e4ea,3000,,384
{'n': 5710},97,1723642554482,ca3cfba3-aef9-4eba-b218-027d578be83d,3000,,384
{'n': 1810},220,1723642544275,82a2a98c-d1e5-4efc-812a-0b1777e37f22,1155,,1024
{'n': 2610},156,1723642544177,9dc248c8-76ea-4e25-a590-4e074b8403d8,1011,,2944
{'n': 310},49,1723642540261,cb64055e-64ca-472a-ad11-ec770caf2ac3,7,,2944
{'n': 4010},242,1723642553092,f9242719-5a7b-4de1-a819-061f327fa4d7,1881,,1920
{'n': 7310},356,1723642555250,2ce94369-73c3-4086-b70e-88ddcb042e25,3000,188,1792
{'n': 6710},122,1723642559438,824cb91c-096b-4dfb-9eb5-58885088b553,3000,,384
{'n': 5710},323,1723642557646,fe7b141d-aaa5-44d2-8b77-b8cb0f824d27,3000,,1920
{'n': 10},43,1723642540059,64c18193-ccd4-4029-bddb-227b655a0b1d,18,181,256
{'n': 8710},420,1723642569535,486e0dbf-dc50-4f76-92e3-4552b52a075d,3000,,2688
{'n': 9210},67,1723642558755,33171593-2048-4c75-8e8d-f7ece1f6684f,3000,,128
{'n': 2110},210,1723642547422,1e729968-c172-4bd7-90c9-9211185438ef,575,,3008
{'n': 5210},276,1723642544330,8aeaf04f-0dc1-4b79-96be-85616be54cd5,3000,,896
{'n': 410},65,1723642540673,1389f725-b262-4484-91b3-7b084e2faebc,14,,1920
{'n': 2310},221,1723642548027,e70ff8ed-652a-404d-896f-8a425a846a38,715,,3008
{'n': 2810},67,1723642548149,fbb889da-7b2a-4092-a2f4-90004b0a4ba9,3000,,128
{'n': 6210},349,1723642553100,b3c00392-d305-4067-9c09-95207093b94d,2921,,2688
{'n': 4110},242,1723642553297,585680f0-50d2-4993-b586-5d33f884648d,1970,,2560
{'n': 8510},411,1723642559704,e6ddf4f5-773d-4747-b286-020147890e01,3000,,1920
{'n': 7510},350,1723642552405,e7730c05-5c4c-48a5-b2a7-10ea773872f7,3000,,1024
{'n': 610},53,1723642541328,9d69ee76-16cc-4246-bc6c-cc77b34aab03,34,,3008
{'n': 7210},425,1723642564394,cd7bf7d2-caf9-4e71-8e19-73ce75085014,3000,,1920
{'n': 1410},92,1723642542510,241eff3d-3a71-4cbe-8842-06bf717c8c1d,2561,184,256
{'n': 8910},247,1723642567279,cf99bdb1-da41-4fb0-b2ae-56bfd459b5c1,3000,,768
{'n': 4910},317,1723642554798,7bd2a76b-328a-4e16-acd8-fd662dc7b41c,2615,,1792
{'n': 4710},269,1723642545962,8e5b08bd-86d6-40cb-b3bd-116975e78573,2503,197,2816
{'n': 8510},278,1723642566044,3341d773-20f5-4602-87f5-9326025a069c,3000,,896
{'n': 5510},392,1723642557121,fac4e7d7-ee99-4218-ae6c-8c146995eb21,3000,,2048
{'n': 2810},175,1723642544064,6c64b06f-1b94-4587-9dab-735c849c6044,1091,,2816
{'n': 1510},183,1723642545153,40e09cf8-9d25-4e83-bb55-7f47457430a0,289,,2560
{'n': 510},51,1723642540289,50131f7d-7445-4753-9459-c0d28be3b158,22,,2560
{'n': 2610},317,1723642548842,d53d93d6-6d45-46e2-ac39-7492264bab13,961,,2688
{'n': 9310},448,1723642562279,7a76c17c-61ac-4837-b6ce-1551ca57f737,3000,,2688
{'n': 7310},319,1723642551934,498b5ab8-62c2-4e20-aee8-5a3eb5074eea,3000,,1024
{'n': 810},63,1723642540625,8ea5b040-26bb-4fa3-830b-c4eabbc66c98,53,,3008
{'n': 3710},233,1723642550453,f9b21032-8a46-4dd2-8dea-48a3e7cc057b,3000,,768
{'n': 2410},146,1723642542362,bb688930-7827-4ba3-baaa-0117f5026263,2333,189,768
{'n': 6510},256,1723642559519,cb3527ee-615d-4b4f-ad67-5991246c352a,3000,,768
{'n': 1510},87,1723642543261,f9bf1e55-b08a-4639-b47c-6ed98eb96111,3000,186,128
{'n': 1210},151,1723642544641,bcd11cc7-e9dc-47ac-b512-2c4511051e73,155,,3008
{'n': 3410},199,1723642544716,f65c3e86-594c-4ef8-8a5e-e699a3a1fb6b,1613,,2048
{'n': 5310},65,1723642553528,a8a78498-5a58-4246-aee5-e204b0d1c974,3000,,128
{'n': 7410},361,1723642555137,dc562df0-96be-4d3d-b910-01d55ec67581,3000,,2688
{'n': 5910},66,1723642555889,6304e698-7c35-4f9e-9be0-cd09588c1f87,3000,,128
{'n': 6310},293,1723642559540,ab2b5d40-17b6-4276-ada4-070b46eed4b6,3000,,1024
{'n': 4010},231,1723642543050,e7172557-af80-4f65-883c-e2d2024e586c,3000,186,1024
{'n': 4810},108,1723642551781,a1ca2e5a-afcc-4d26-a31b-72b42c614b68,3000,,256
{'n': 6410},126,1723642559388,6af1297e-d208-488d-9e0b-37e7984ee1c5,3000,,384
{'n': 7710},411,1723642569339,7e453f15-b9b7-40fc-b8ff-c2d34cc107aa,3000,,3008
{'n': 1310},135,1723642544530,c0d6b01e-5250-459d-a257-21cd5c54605a,222,,2816
{'n': 7410},425,1723642567511,f02a933b-d1d8-480e-9f2e-d48245c658ab,3000,,2944
{'n': 6110},288,1723642548573,82e00800-42ba-4b79-b9f2-b38f60c66300,3000,,1024
{'n': 7410},148,1723642551925,e75cd2df-b313-470a-8bf0-62e9c67a191c,3000,,384
{'n': 6510},285,1723642559517,dfda2483-b7c4-4c28-90ca-1558449fa62b,3000,,896
{'n': 7210},352,1723642554739,82655213-d908-4c8a-9162-8f4385607b8f,3000,,1920
{'n': 8810},87,1723642557652,9a1b181a-1eff-4524-9a5d-8a438807db91,3000,,128
{'n': 7110},143,1723642551265,bd2e173b-bf29-4861-a717-d37160e02924,3000,,384
{'n': 6610},403,1723642562678,5eb45f90-0771-43bb-b20f-8a5f4bd66110,3000,,2816
{'n': 7510},365,1723642558578,e44edbdb-4b6d-464c-a7cc-a637d72fd390,3000,,3008
{'n': 910},65,1723642540653,22f3ad10-eb23-4dc1-8001-1ee45f321a14,99,180,1920
{'n': 8010},143,1723642554511,8a242604-675b-402a-821f-de3d359d6b33,3000,,384
{'n': 310},73,1723642540677,8c00797e-1244-4bc9-970e-adeef090282a,7,,2560
{'n': 410},48,1723642541004,130e8583-cc52-425a-ab88-6e9897fce2a1,21,179,2944
{'n': 6110},344,1723642558752,ba465716-f3a4-4880-9f68-babc857f02e1,3000,188,2944
{'n': 6910},420,1723642563306,327a1d02-d5c2-459b-a510-59a32181c949,3000,,2816
{'n': 3910},328,1723642552653,9f027b3e-b403-473b-8a01-945287e49052,1874,,2560
{'n': 6810},99,1723642559415,0bda0c1c-c10c-462d-93b9-92af52d47209,3000,,256
{'n': 9510},450,1723642562555,ceab9d18-4bd9-4295-903a-93b00916a7ae,3000,,2816
{'n': 5910},349,1723642552604,3d93f0ca-cdf9-4669-9b5f-345de8761052,2959,,2944
{'n': 1410},92,1723642541191,3a893445-2eae-4e57-b6df-dd691cc52bb4,216,,2688
{'n': 810},61,1723642540149,a464403c-5a05-44ad-95ed-9d9f8c2afcbf,124,183,1024
{'n': 3010},145,1723642548768,5afb26f4-5c2d-498e-bbbb-40897ad7b030,3000,,384
{'n': 9510},450,1723642565511,4e97372e-862c-4700-92c7-f45040a24c01,3000,,2944
{'n': 8110},429,1723642567510,e21cee39-54c9-495d-9d4f-b649b7baa97b,3000,,2560
{'n': 7610},370,1723642555886,3ac4a608-2225-4f22-b5a0-0ae5caebcb25,3000,,1920
{'n': 310},71,1723642540493,483d6a77-ef5d-42f7-b1e5-70db3b1af23d,8,,768
{'n': 8410},406,1723642568835,8d58ef63-a758-4bcb-a7c7-f7ef2800d323,3000,,2688
{'n': 7510},414,1723642555492,923fab76-a3c8-469e-ad39-9d53cb6938ae,3000,,1920
{'n': 4110},237,1723642547928,b546887b-8b71-4ac1-80f5-783bfec782bf,2231,185,3008
{'n': 9010},434,1723642570605,457701e5-957e-4335-9088-4656d21f469b,3000,,1920
{'n': 4310},152,1723642551231,3bf48c54-7ec1-4031-9edb-f76350a15f71,3000,,384
{'n': 5410},341,1723642547381,d7a898ed-858e-4227-8674-49c5d75d7770,2729,,2816
{'n': 6410},243,1723642559412,b52c691c-483e-409e-b1d7-11652c47b062,3000,,768
{'n': 5110},354,1723642556193,3bbdc616-53d5-4cc8-8f89-dac44a26a405,2800,,2816
{'n': 7610},253,1723642562208,18677462-b795-4d5a-b67c-d8ce3c68b15e,3000,,768
{'n': 4410},150,1723642551537,e2cd6323-073e-4b95-b712-92e4e4540640,3000,,384
{'n': 1410},167,1723642544257,c92eb9e5-c0c2-4628-ac54-a9e0da403872,253,,1920
{'n': 4610},317,1723642552168,1f322118-7b31-4c19-a84f-df70c020a322,2454,,2560
{'n': 510},50,1723642540119,0dc3d6ba-d7c5-4e29-ab37-397005199a6c,57,180,768
{'n': 5110},290,1723642547155,251e7c6f-2aeb-48c5-8a59-d6e668b93c5f,2688,,1920
{'n': 6110},108,1723642548583,69874533-702d-4c59-8470-1558a10ea864,3000,,256
{'n': 7610},448,1723642565422,f371855b-cea7-4d07-8a29-e98b38aff4ef,3000,,1920
{'n': 2610},170,1723642543568,f2f48fb8-b9c0-4c8c-bd5d-a6d208bddae1,1056,,2048
{'n': 5310},244,1723642553558,ebc1702f-94be-47d8-ad0b-af0bbc2fb86c,3000,,768
{'n': 3510},221,1723642553175,337abd82-e31a-445f-9399-25354b6e9895,1587,,2944
{'n': 8110},81,1723642554687,a3ddb1da-3cf8-42df-ad21-d0ac0500bf18,3000,,256
{'n': 3610},186,1723642543004,f11ccc8d-fa48-4c8a-9759-d141f4b08720,3000,189,768
{'n': 7310},397,1723642564723,198d9a59-ab66-489f-a295-feb45e4c6a2a,3000,,1792
{'n': 7910},384,1723642556989,6111b029-2495-492b-a480-a07ba257c606,3000,,2048
{'n': 2910},98,1723642543034,04a4e2a5-5b9a-4cd6-8215-fb956025cf98,3000,161,256
{'n': 5710},323,1723642548448,995ed72a-d0cf-4813-9c31-cce871019471,3000,,2560
{'n': 3510},204,1723642545032,786b7cf2-6d8c-4d7b-922a-ca5391e4a0ef,1726,186,1920
{'n': 1210},151,1723642544433,2789d934-515b-4926-8a88-99f310b160fe,132,,2688
{'n': 1910},108,1723642543062,f76cb7c4-b85a-4abd-9559-bb44928bbe9e,3000,185,256
{'n': 3510},212,1723642546623,0d311cd9-4258-4d6a-8a41-c6fb623d0930,1662,,3008
{'n': 3410},67,1723642549438,e4acd4e1-f17a-443c-aa98-c6e8764b0bee,3000,,128
{'n': 9710},453,1723642573043,1c1d1195-b640-4dc8-bd26-2383fc7be9b2,3000,,1920
{'n': 2710},318,1723642547666,a6fd3973-9754-4ef1-a4ed-67812c50616a,2184,,1024
{'n': 4410},253,1723642551571,f007967a-5776-4369-94d0-b6b5d49923e1,3000,,1024
{'n': 7210},429,1723642564425,1e575ba7-d4a5-4167-b48b-b079bb5388f5,3000,,2816
{'n': 6410},398,1723642553171,af03a334-8d7f-4910-bb6c-3b183ed50e71,3000,,2816
{'n': 6810},392,1723642562582,f7a899fe-d095-4d97-a0e6-aefa32ce2d67,3000,,2048
{'n': 7810},293,1723642563198,fe736c8a-4928-49d6-8e14-537a9f42c85d,3000,,896
{'n': 8710},420,1723642559953,5a4a3da0-7580-49f0-9e36-b76cae00cd20,3000,,1920
{'n': 4710},293,1723642554403,e88538c9-5d7d-4f86-90e8-b2ba1d442798,2481,,1792
{'n': 1310},167,1723642544243,a75da871-9741-40a4-ac12-d61acb0a1c86,191,,2048
{'n': 110},57,1723642540793,8b20cc74-c04a-42cf-8c74-d1e3aab6f69d,3,,3008
{'n': 1910},121,1723642543137,4168596f-b5f9-4118-acd1-63bb071bbf70,530,,3008
{'n': 6110},345,1723642551824,2ad5b271-7ca6-49fb-aa56-2b12d01dfadc,3000,,2944
{'n': 7110},381,1723642563867,1caf6f11-eba8-48da-b393-2de6bc006f88,3000,,2688
{'n': 5010},285,1723642546397,b8fe3f7c-b2c1-4e29-baf5-f30da1d74eac,2841,194,2048
{'n': 8410},235,1723642556213,718756df-ecf8-4ed1-b073-9b426bf395e9,3000,,896
{'n': 6810},65,1723642559431,d495293c-eff1-4517-9808-de8aad9c43f6,3000,,128
{'n': 8610},306,1723642556859,47602109-47af-4d9c-a357-92a11f4ab8fc,3000,,896
{'n': 4110},275,1723642551181,d8a9a1f7-835b-4c64-9ee0-0b47ae1ca444,3000,,768
{'n': 910},65,1723642542185,9633d424-c5bf-49c0-9dd2-1d14d95e5789,99,181,2816
{'n': 5110},325,1723642547002,5c790f8d-682a-4d77-b5c2-c8bcf035e6a3,2524,,2048
{'n': 1510},172,1723642544962,660eed32-6bb4-4bd6-a48b-e69a5abecf2e,291,,2048
{'n': 310},81,1723642540490,68435548-9eec-46f2-a6f5-ebdf1993d970,8,,896
{'n': 1910},178,1723642545867,9472fa64-a9db-4246-8c2a-e77d6f31652c,541,,2560
{'n': 910},67,1723642540405,facb3800-ad46-4ec5-9bfe-ef87b13c41ca,69,,2048
{'n': 3110},66,1723642543042,0095f03e-44ca-465e-bb7b-08e149352401,3000,187,128
{'n': 5410},312,1723642550442,4a7ed8bb-da8b-483e-8ff9-a8cc1aa34888,2827,,3008
{'n': 6710},376,1723642556178,01ab4f21-9adc-4a50-b98b-63b57f260b4b,3000,,3008
{'n': 4610},263,1723642542383,ac814864-5b37-44b0-ae0d-c848ddb59c5a,2539,,1792
{'n': 510},87,1723642540740,7407f03f-40de-4df3-86e2-a53934ff434a,19,,896
{'n': 5310},301,1723642556549,8a12d922-a809-4813-9861-3a0c80a6df26,2801,,2560
{'n': 8610},416,1723642560021,9945cd7e-6cc0-4ddd-9b65-9b100afad125,3000,,2688
{'n': 710},57,1723642540178,917d9224-6f66-46ec-b5f1-c45922adaa43,116,194,896
{'n': 6910},387,1723642553790,9f1214a4-8242-45a9-8585-37b03be0257d,3000,,2048
{'n': 7210},429,1723642567471,f40ff687-140d-40cc-a845-023b819efdc4,3000,,3008
{'n': 8710},145,1723642566264,3e45cb30-9b73-43b7-9950-13502772eeba,3000,,384
{'n': 6510},151,1723642559511,5ffe1f0e-6a0b-450d-92b7-02a4b7e24d8d,3000,,384
{'n': 6510},101,1723642559511,e9bca1eb-2333-4662-86d2-abe6b578ce6e,3000,,256
{'n': 610},53,1723642540249,1b7f2ec3-9c7a-4f1c-9cb5-bd70f472c158,205,185,384
{'n': 8910},429,1723642561025,0058d1b9-2082-4a84-af5c-1c4c790b2ac8,3000,,2560
{'n': 1810},183,1723642545514,16781d12-7237-4c03-bf14-1ad7e6d43fc9,418,,2688
{'n': 5010},317,1723642555356,11985cba-5e16-4439-bdff-abece876ef5e,2761,,2560
{'n': 9210},441,1723642561978,d97f855c-7623-46c0-95b1-0abe61a60b9f,3000,,2688
{'n': 3210},275,1723642550111,179f4431-bafe-46e8-8427-396e4fced18b,1429,,3008
{'n': 3510},330,1723642551651,193389b4-9824-45d1-9e5c-04276cb5a266,1672,,2688
{'n': 3910},226,1723642545284,3bc0a681-c7b3-40fd-9e2b-e39500340eda,1954,184,1792
{'n': 6610},65,1723642550014,94e43257-85cc-4d28-b00b-e010e95317fb,3000,,128
{'n': 3810},328,1723642554192,d835b6fd-6cf8-46ba-8022-5c4dd04ebe0e,1955,,2944
{'n': 2710},330,1723642549905,c6dfde54-ad39-41f6-a1c5-7f27100fe0d5,1295,,2688
{'n': 5510},260,1723642544513,3918e766-2664-4bc9-a7cf-8eaf7fc63b11,3000,,768
{'n': 6910},178,1723642560067,f3f00f20-9f70-407a-a19a-b6592984d2c8,3000,,768
{'n': 6610},65,1723642559405,2e7744ef-edd5-46f0-92e2-b14e64d14e06,3000,,128
{'n': 2510},306,1723642548960,18c04233-81dd-4d80-b3c4-23e8cbb5959c,1158,,2688
{'n': 6510},365,1723642553216,cfc0896d-fa42-4ef1-b3f4-8dff33ed6b53,3000,,2816
{'n': 6210},318,1723642549998,26ba8e76-08d2-4a04-bf6d-5534ac503ae6,3000,,1024
{'n': 8210},209,1723642564583,5e86e8d7-d6f4-4970-bf3e-06e33c4fe1b4,3000,,768
{'n': 810},61,1723642540126,93473ce4-201c-49c0-a479-c9986314a77a,167,155,768
{'n': 2410},231,1723642546009,5dfdbcd7-e14a-4fd0-ae98-a3c872231ced,1557,,1024
{'n': 7410},358,1723642551946,a7e1982e-e94c-4fca-a858-9cab50e6f912,3000,,1024
{'n': 2210},122,1723642543013,64951f23-388c-4d24-a583-5aa485b99ce1,3000,181,384
{'n': 4510},227,1723642543092,1054eba4-e30d-45d1-9569-876f5b7ccc4f,3000,185,1024
{'n': 810},61,1723642540519,7eb555f8-f226-478f-a4f2-2929c8262b54,80,183,1792
{'n': 4110},82,1723642543038,9e63f41d-9a45-4c73-90a6-39ad35aa64f6,3000,183,256
{'n': 1010},81,1723642542732,55562434-311d-420d-bc13-d3bbd1cfd2e8,676,,256
{'n': 3310},194,1723642544461,15bd91cf-2601-4f26-a237-f42e7a60cf38,1504,158,1920
{'n': 3910},65,1723642543012,d0b518c8-c3ef-4e34-b9ee-0d34d63eb770,3000,179,128
{'n': 8510},257,1723642566029,ba37a620-8ee4-42b9-92b7-208835cc9a70,3000,,768
{'n': 9710},466,1723642566557,810ff4e3-bb2c-4e2f-a0e8-27e208a7e661,3000,,2944
{'n': 9210},443,1723642571404,975241d4-4aee-4366-9dbb-3eb07c827da3,3000,,2688
{'n': 9110},439,1723642561552,8a45c0db-9de6-454a-8a62-9210f40f6895,3000,,2816
{'n': 3110},77,1723642549056,f82596a2-7bb6-4dc4-b567-3e52bb06441c,3000,,128
{'n': 6310},278,1723642559540,fe6f49c3-8333-410c-9037-b002c8bd3246,3000,,896
{'n': 310},46,1723642539974,342ce948-2f6c-4f8b-ab3d-a6794b6e1656,15,183,1024
{'n': 6110},344,1723642551839,19c1057e-102f-4b17-9209-8bb412aa280a,3000,,2816
{'n': 5210},376,1723642559059,4e34e942-827d-477f-9c22-30d22fd8b8ca,2871,,3008
{'n': 3010},178,1723642543927,87087f56-b090-4d3d-962d-a42d3c511fb4,1374,,1792
{'n': 3110},183,1723642544894,509052c4-5f8a-4e27-a269-31b8ad48dfdf,1453,182,2816
{'n': 9310},461,1723642571853,03b7fbec-81dd-4510-8735-59c298b8547e,3000,,2048
{'n': 4510},224,1723642551298,abed892a-94dd-4141-b868-f0bb3536cd28,3000,,768
{'n': 9010},131,1723642567479,d3996cac-d14e-4fd7-8d32-c5b0dec74d2d,3000,,384
{'n': 9910},224,1723642561163,e5231239-6ea4-4510-a8f0-02f8dff02109,3000,,768
{'n': 8610},71,1723642556798,ac649f2d-fa74-43bf-bac2-71c49c27be34,3000,,128
{'n': 510},85,1723642540950,bc3b87b9-1a02-4d64-a6d2-e45da60c80b8,16,,2688
{'n': 9410},447,1723642562332,38b5213b-0dd9-4f69-b5c5-ad06d44f0df8,3000,,2560
{'n': 2110},216,1723642547437,420297da-02cf-460f-b80a-a8f0d9bf9dcf,713,,2944
{'n': 5910},408,1723642562126,bcda1804-b03b-40ea-88e0-2c541aec0fb0,3000,,2944
{'n': 1010},71,1723642540904,b4985e40-5b71-48dc-bc2c-b30e00120650,106,,3008
{'n': 2310},140,1723642542216,35237ab9-2d5b-49a7-96a5-a13354883955,2227,180,768
{'n': 3010},306,1723642550274,d8280057-6ed5-4bde-ae16-26a1c49ba1ba,1446,,2048
{'n': 8210},274,1723642564603,4492c0e6-1121-4b2e-822f-320c94478a0d,3000,,896
{'n': 1510},98,1723642541286,cb09d1ea-3ea6-45b9-bff5-364b22fd10d1,371,,2048
{'n': 3710},152,1723642550441,73fc9f33-782d-4bd7-b88a-8e631465c65f,3000,,384
{'n': 7610},83,1723642562208,ca6cd4dd-41c4-4383-8d35-2df088ade2d0,3000,,256
{'n': 9110},144,1723642558335,23e24f8b-a401-4b25-ab79-9f811bc6559d,3000,,384
{'n': 7210},131,1723642551544,5491789a-452f-4808-b690-45bd70649555,3000,,384
{'n': 7810},103,1723642553729,997fe5dd-442f-4b47-8f53-cdcff06c1bde,3000,,256
{'n': 5210},296,1723642547365,862762f6-2219-407a-8308-a4d456f16706,2869,,2560
{'n': 310},65,1723642540724,fac7fcc4-1a37-4f2e-8bb6-9497bfa03fb4,8,,1920
{'n': 3010},178,1723642544810,54910df5-2a18-4f70-ba6c-49e3e85e608e,1280,182,2816
{'n': 2010},132,1723642543525,ecfc3274-9007-4d42-9c0c-29ee97578a4f,622,,3008
{'n': 410},49,1723642540216,b9b81447-097f-49fc-898b-e82586965b17,18,,2816
{'n': 2810},189,1723642543306,7656cd59-71f3-4233-84fb-a7a5f37210c3,1050,,1792
{'n': 7610},450,1723642568450,7ff52da8-8f18-416c-8f89-7423f867b52f,3000,,2944
{'n': 2010},113,1723642543015,1a9cfaad-de1b-458a-9455-e99ff62e85c9,3000,187,256
{'n': 8110},131,1723642564299,61848f9b-7d2c-4339-ad44-ed0969a190fe,3000,,384
{'n': 410},76,1723642540506,deebbb8e-0c51-443b-90f7-9a484436e723,22,,768
{'n': 1210},81,1723642541129,5834219a-466d-44f3-bd86-33fabefd59d6,1091,178,384
{'n': 3110},183,1723642545310,3b832e6a-a516-4069-a0df-1fe6b344071b,2001,147,1920
{'n': 5610},319,1723642547849,206ccc5f-338a-4b00-9605-8b8c5616c0eb,2975,,1920
{'n': 8310},261,1723642555956,35e572ef-f1d8-4589-8931-7dad3ef22e3e,3000,,1024
{'n': 210},44,1723642538607,b2f565cf-510b-4fda-bb36-d0bab02f1588,10,185,2048
{'n': 8910},429,1723642560874,e4ef9ef9-0bb7-48d4-89bb-51b1238a8568,3000,,1792
{'n': 2210},90,1723642547559,fd5c2412-0538-4fe6-999c-bc8549b069f9,3000,,256
{'n': 3910},226,1723642545537,a9c1ca01-c59b-4630-abcd-1fcf4dfb81c1,2067,185,2688
{'n': 4010},97,1723642543073,ea80a45a-93e5-470a-8d2b-54e56f089282,3000,183,384
{'n': 9010},325,1723642567499,2ac945d0-4882-480d-8f78-07770aebf2f7,3000,,1024
{'n': 810},61,1723642540567,22c03162-fa2f-4c88-a7a2-dc383f1f16b6,554,187,256
{'n': 6710},253,1723642559404,69727eb7-163a-4ea6-9582-23744602bd98,3000,,768
{'n': 8910},313,1723642557779,259165d1-9014-4410-a956-a91204de116c,3000,,1024
{'n': 6710},71,1723642549887,27a68e69-b50a-44e0-bec9-424722f61b73,3000,,128
{'n': 6110},344,1723642548559,a5811c1d-b4c2-40f1-8769-222b0a197cbf,3000,,1792
{'n': 1710},178,1723642545522,dd1933d6-71f3-474e-8d91-685073306ba8,373,,2816
{'n': 2010},124,1723642543140,0089323f-6bc6-4efe-bb0d-b13d00160302,639,,2816
{'n': 8110},435,1723642567473,6392c1a9-9514-42e0-bae0-2c38aff94b09,3000,,2048
{'n': 8610},416,1723642560033,c146d390-376a-4818-8b0e-b4d7902be41f,3000,,2816
{'n': 2910},150,1723642548436,8b2081fc-ed83-432b-9ee6-f9a399aa8b51,3000,,384
{'n': 8810},436,1723642560855,13673b32-7682-4cad-bf47-5946740c3296,3000,,2048
{'n': 9910},460,1723642573825,fbadace1-6afd-4ff2-a931-985fc3e0a431,3000,,2048
{'n': 810},98,1723642541631,2d01bf36-b834-4b5d-b607-a14acbcb4046,49,,2048
{'n': 9210},443,1723642571415,ebc9ee7c-d6ba-4ea7-9be5-fde9d06bbd5e,3000,,2560
{'n': 5710},400,1723642560702,a3830491-7246-4eec-bee6-29a6c8174ac0,3000,,3008
{'n': 9210},148,1723642558727,85c6ff6b-c42a-4d8c-9cab-8fff37970cef,3000,,384
{'n': 210},45,1723642539547,bbba407b-366d-4791-bdf0-a19ad29ac7fe,5,,768
{'n': 9810},456,1723642563622,eff48c08-b595-49d5-8656-a0a5e50d9282,3000,,2560
{'n': 1510},107,1723642541452,b5333abf-664c-4727-aae2-7ccf8492428c,274,,2688
{'n': 4010},82,1723642542994,c3ab7430-7ee4-4b61-b72b-46f690478a33,3000,144,256
{'n': 6610},371,1723642553222,b9d12e56-8563-461b-a545-02d2a6c31724,3000,,2816
{'n': 2410},210,1723642548333,ee8c6325-e71e-4662-a526-6b1c7bd2871b,774,,3008
{'n': 1410},92,1723642540921,683ae7c6-3b00-441a-87f6-355d048d8338,288,,1920
{'n': 4710},269,1723642554500,a91d0b9c-ca65-4dd0-bc5a-10169ac7f517,2433,,1920
{'n': 510},51,1723642540461,6454b0df-7c55-461c-9d3a-a1ea45fd1069,20,,3008
{'n': 6210},133,1723642559416,2d6f4e4a-325e-4408-adc9-3f2cc240048d,3000,,384
{'n': 3610},210,1723642546342,23dd4f54-8dcf-47d8-aa23-38e3a4f17e30,1575,,2944
{'n': 3210},188,1723642545092,3cbf5f8e-5bf1-4cc6-bc91-e18d7e189870,1482,187,3008
{'n': 610},103,1723642541010,a4f0ad48-b96b-4094-9bc2-55b152322985,36,,1024
{'n': 6010},391,1723642562619,19fd35f6-3a59-49ce-af23-fc317891ed5d,3000,,2944
{'n': 6310},394,1723642565584,3fd12355-1f95-4eac-b3fe-3a1d423aee47,3000,,2944
{'n': 7710},101,1723642563072,51df3894-8db2-43e6-b45a-894048ed09de,3000,,256
{'n': 5810},73,1723642555146,23350a14-b201-4296-9620-33db5fedaf01,3000,,128
{'n': 7510},67,1723642561790,e739ac81-6b24-4fbe-8caf-06648c4f2cd0,3000,,128
{'n': 4510},312,1723642553834,7ae73efa-91a3-49b5-b02e-8da46c80a420,2346,,1920
{'n': 3710},215,1723642542950,b5c8f1ec-b154-4fc8-90c9-64a63b2c4875,3000,182,896
{'n': 2210},274,1723642547991,d9d6301a-36ed-48b0-8f89-23054a782e02,751,,2688
{'n': 3010},327,1723642548201,54246a8b-de3e-4e4c-b68d-d6b1e6fd0bb4,2459,,1024
{'n': 5510},414,1723642556948,34a47ac7-f213-44c6-919f-8ab084c19475,2805,,2816
{'n': 3310},121,1723642549998,256bcd84-e972-4638-8a9d-5f0b2aa8028d,3000,,384
{'n': 7610},116,1723642562227,c6e3a137-3cef-44c9-8565-e27f1a3a11a1,3000,,384
{'n': 7610},258,1723642552647,f68ababd-6e15-463e-9c41-1eeb02b4398a,3000,,896
{'n': 5910},370,1723642559123,c5315483-d0b8-4dbe-816c-e4070e961c8e,3000,,2816
{'n': 4210},242,1723642553506,cceea862-ecb9-44c4-aa20-bccffb1c6562,2087,,2560
{'n': 510},50,1723642540076,c32c1495-5e66-4e02-8c1c-a294c802c3a4,55,152,896
{'n': 910},65,1723642540851,ec1b7f21-d84e-4262-bd12-808242115d7e,75,,2944
{'n': 4810},65,1723642543136,bf14b518-c06e-4901-9052-b6d9bba73338,3000,195,128
{'n': 3910},226,1723642542984,926447fb-1ab8-4d04-91a5-effd73f7e3a2,3000,182,896
{'n': 3310},194,1723642544854,28a52be0-3b4f-4e28-88fd-6f4eaa9ac180,1575,181,2688
{'n': 3110},328,1723642550351,e681be29-6903-468f-b8e7-1963d20eca9e,1469,,1920
{'n': 310},49,1723642540093,476765f6-5d67-4786-b6c2-f7b2d2c45288,8,,1920
{'n': 810},63,1723642540330,a273e983-7877-415d-a9b6-a682628156af,56,,2048
{'n': 6310},354,1723642553106,8da3513c-1f43-4180-a4b0-8cbf49ddcc92,3000,,1792
{'n': 10},53,1723642540686,5dad905b-e7eb-4439-9cd3-1a6055e17e75,2,,128
{'n': 6710},343,1723642559435,71d18d54-5cea-4a07-aa34-24e457dc1526,3000,,896
{'n': 7210},403,1723642557764,4c1b0fc1-a97c-4780-9610-8048bdfdf7aa,3000,,3008
{'n': 710},57,1723642540532,d9fd19b4-37ea-4c8f-97d8-897df6650882,61,183,2048
{'n': 2110},204,1723642545799,843e39ec-6b0d-49ca-aec9-cddabb3382f5,2035,,768
{'n': 8710},420,1723642572524,e1ae60b5-29b9-4e7f-bef4-dfb02f06effb,3000,,3008
{'n': 7610},422,1723642555875,8f19cc79-e583-4d51-b28e-af9c7a255f9c,3000,,2688
{'n': 2010},132,1723642546763,31e0fa80-94dc-4be6-b661-4f97a0431342,3000,,384
{'n': 4210},242,1723642553490,dcdaa612-a3d9-4ce4-bfb0-b18e7a84b19f,2105,,1920
{'n': 4810},290,1723642554273,a114ee16-6384-48cc-b36c-de9516019f6e,2437,,1920
{'n': 7310},257,1723642551910,f8991d81-ad52-46ed-afd0-2badef0d2bac,3000,,768
{'n': 5910},422,1723642559149,cb5f6d04-7bc1-49ba-83a6-95052e387255,3000,,2688
{'n': 5010},250,1723642552439,8e3e80a6-ba8b-4f37-8883-821184753e10,3000,,1024
{'n': 810},64,1723642542278,d0340411-a35f-4384-ba49-29208c1874e4,929,,128
{'n': 6010},101,1723642556450,21837ad0-a867-4ee1-88b9-a52eb351577a,3000,,256
{'n': 7010},355,1723642550882,0ecf7c69-5ef5-491c-8ff3-c73a871e0a77,3000,,1024
{'n': 2010},124,1723642541208,5f13da82-af63-4d2e-a307-84b77454477b,1171,156,1024
{'n': 1110},76,1723642543573,d34ffef9-e6aa-4ca0-a191-0e7c8fcf1a77,165,182,2560
{'n': 4310},247,1723642553702,c39c12d1-1b38-4896-8216-ea559221599d,2287,,2560
{'n': 5810},358,1723642555224,067b7c60-1735-4010-a8de-25f2f623f833,3000,,1024
{'n': 9510},457,1723642562604,e5874bab-50ab-4146-a8f8-0f91c9705b61,3000,,2688
{'n': 7810},379,1723642556997,c9457a26-8415-41a4-a93d-6168b5d60493,3000,,2560
{'n': 4210},290,1723642555574,4fe9b516-b94f-4738-9185-adaf23c0a61a,2125,,2944
{'n': 5410},306,1723642547657,dd367181-09b4-463c-9b9e-25aff5a1bb78,3000,,2560
{'n': 5910},124,1723642546464,2273777b-ff44-491a-ad03-7e87e3c45588,3000,,384
{'n': 6410},407,1723642562416,9df8c9af-934b-49d4-b361-d56e10e46c5f,3000,,1792
{'n': 2510},122,1723642543081,d25c9e99-5c97-4ad9-9ae6-022bde2db550,3000,178,256
{'n': 3510},66,1723642543050,e054dc62-c21f-429f-9002-131e3d67597e,3000,184,128
{'n': 710},76,1723642541320,a4df7492-b7f1-4d11-ae2e-1ffb43a9627f,205,,384
{'n': 6710},376,1723642553183,610b11b1-65c8-42aa-88ea-d5b9073770a6,3000,,2560
{'n': 9810},456,1723642563469,cef6e386-aa45-47cc-8da0-389000994266,3000,,1792
{'n': 9010},239,1723642567502,994423b0-05c4-4194-9103-b6d249569a05,3000,,768
{'n': 3610},98,1723642550039,2ddacbd0-9b93-4fbc-9ce5-3c9d80e6a5e1,3000,,384
{'n': 3510},181,1723642542919,6a4e8422-31e4-4828-8424-9245d735ab1e,3000,146,768
{'n': 7310},408,1723642564913,9faf7839-be26-4148-ba63-67badacaab14,3000,,2816
{'n': 8510},443,1723642572213,1affcc03-7278-4576-aa45-01a55885be85,3000,,2944
{'n': 4610},229,1723642543101,850c5a0a-f120-4f97-a279-8672dfa04deb,3000,160,768
{'n': 4710},269,1723642546033,f5bc5a7a-f253-4255-9d8e-b9f1d3e79d37,2631,183,1920
{'n': 3610},82,1723642542966,59241aa0-f1b7-491e-92df-1104343081cf,3000,190,256
{'n': 5910},253,1723642555962,cf01d722-7171-4c45-b3a7-52faf574cb7d,3000,,768
{'n': 4610},283,1723642549759,1a1060f0-7844-4008-86fa-aee9d5cc38b4,3000,,896
{'n': 9310},332,1723642559106,04061c76-b19e-411d-bee2-9240e73c6a40,3000,,1024
{'n': 6210},350,1723642565570,ac6b3157-7bf0-4d44-b825-4c2e9cef5bb7,3000,,2944
{'n': 210},44,1723642538348,d4264d43-10f6-46f9-a6f4-ac1d2bbcc2c2,9,179,1024
{'n': 9010},439,1723642561162,c0e675a5-a1d9-4338-ac9f-83d93819fc9c,3000,,1920
{'n': 4010},231,1723642553165,48d8e2ca-9480-41fb-a66f-9db1b9c45317,2017,,2560
{'n': 6310},103,1723642550010,f734ef74-c593-4b0c-91d7-8c5f96f9020f,3000,,256
{'n': 3310},317,1723642551520,62a5311e-189f-4953-98a6-4a487a25a9b4,1376,,2816
{'n': 3910},226,1723642547336,a84982d4-b7c6-4495-bcaf-dd6a026690d5,1956,,3008
{'n': 3910},312,1723642554255,a183c252-1f67-4a20-9dc9-071486d74862,1806,,2944
{'n': 7510},433,1723642564919,dbb1371e-d905-4e82-b2c8-0133bb07d271,3000,,1792
{'n': 8710},420,1723642560113,fe05f4ee-4634-43dd-909e-e1435f5cc1e2,3000,,2688
{'n': 5910},370,1723642559021,09b24266-ea95-470f-806c-d2bc129ac306,3000,,1920
{'n': 5010},313,1723642546076,128460ac-9f22-4bf9-8bae-27d3bace383d,2530,,2688
{'n': 1210},81,1723642543147,475618e0-c158-48d7-9a1b-759150941681,3000,180,128
{'n': 9410},261,1723642559118,4f8215d1-fa86-4b69-80b6-eb2a8384d3d4,3000,,1024
{'n': 7910},387,1723642556890,b8559f49-ad8a-4c8c-b596-5591e80994cf,3000,,1920
{'n': 9710},457,1723642572935,5557f7fb-3b3b-4a6b-b8b9-ff19ae237ac4,3000,,1792
{'n': 9610},514,1723642562509,7e62fa5e-b23d-48f3-841b-d9419a783f98,3000,,1920
{'n': 3110},183,1723642543009,8613d942-2562-4008-9800-0d975d97ec67,3000,188,896
{'n': 8610},293,1723642566251,d7f3a58e-1a6b-4178-9a19-820dc902ca9f,3000,,896
{'n': 4210},242,1723642547953,3cdd79fb-04f5-4e24-949b-5d36af4d6807,2238,187,2944
{'n': 4710},237,1723642543003,1abeb649-a446-47de-b039-5d3bf098f356,3000,185,1024
{'n': 5310},108,1723642544476,1a1002b5-5c2a-4081-bcb7-0283b70b3e70,3000,,384
{'n': 3610},210,1723642545294,e8459c2e-9b10-4de3-9273-43e16a358b6d,1870,190,2048
{'n': 7010},394,1723642557157,f6bd232c-645f-410b-8d96-47fa07383350,3000,,3008
{'n': 1110},76,1723642544853,c0fdcbbe-f169-4605-aefb-083d51083bba,2102,,128
{'n': 3410},199,1723642544910,220d44f2-40ee-45bf-bbbd-3153b11448f8,1539,164,2688
{'n': 2610},156,1723642544555,773f2b8f-1ba7-41e6-a7e9-7e4a1c595be5,1152,189,2688
{'n': 7610},332,1723642552662,fa49df2e-7237-4227-a966-8674b16185d6,3000,,1024
{'n': 7810},65,1723642553750,cdc46995-6722-4ed0-9e86-e9c731eceb96,3000,,128
{'n': 4310},247,1723642545704,3390292e-1ee0-493e-a6bb-f361d31a4133,2288,181,1792
{'n': 10},43,1723642540055,f862cae3-a956-4eef-b957-6bc662bf7226,5,182,896
{'n': 4110},237,1723642545584,76071d81-570d-456a-97b7-1d87d08a6db7,2143,182,2560
{'n': 5510},312,1723642547850,3d061aea-fcc7-4d85-98a5-40fa71a7c0c4,3000,181,1920
{'n': 6910},291,1723642550693,6c124f1c-65ad-43b9-9159-da0193b54a6f,3000,,896
{'n': 3210},313,1723642549771,071ead8d-ee0a-4932-9a19-8e932f140cfc,1414,,2560
{'n': 1510},173,1723642545693,b7b8d320-f11d-4749-9a13-b7707348841b,305,,3008
{'n': 6110},344,1723642551836,1b2861c2-3021-4fa3-a848-76c747f3259d,3000,,3008
{'n': 5910},252,1723642546533,2ad81d7a-5e46-4185-9f05-3d81ab57bacb,3000,,768
{'n': 9410},98,1723642568495,b0fe4301-6acd-4125-8a52-0ff1bd1d8e01,3000,,256
{'n': 7710},71,1723642553720,43475a61-df64-47cf-973a-86eab7b2d537,3000,,128
{'n': 9310},448,1723642562319,dc3100cb-d9b9-4052-ad77-0b4704483abf,3000,,2560
{'n': 8110},439,1723642557948,d9bcd9c3-399d-46ee-a5f6-82a66e61c7fd,3000,,1920
{'n': 710},59,1723642540401,e13d70d2-c4c3-48bb-a794-b7f3f8a4dd74,44,,2560
{'n': 6810},381,1723642553191,b4fc0895-ef89-4521-b08a-e4ffc12f2df6,3000,,2688
{'n': 9610},471,1723642575056,5e4cd75f-e4eb-4d4d-9ea0-a55f116bf154,3000,,3008
{'n': 3210},258,1723642546979,0be85d7c-fe86-4500-9275-89835f71db30,1453,,1792
{'n': 1310},66,1723642546346,194ce962-13a3-4de7-9d10-7660f87fe449,3000,,128
{'n': 9210},443,1723642561988,2fb7f1df-60b6-471a-b115-179c5804bd32,3000,,2816
{'n': 9110},438,1723642574017,6513cd5b-5d91-4e04-b657-63c2f2ff82b2,3000,,3008
{'n': 1210},162,1723642544531,117e06e9-5f2b-499f-9a08-bc6dc15a1191,149,,2816
{'n': 8810},327,1723642557636,43e3d347-1cf3-4c01-92dd-faa6d07ed5ba,3000,,1024
{'n': 5510},286,1723642544508,a7961935-5ec3-44b3-9e83-7a55ab9f1a71,3000,,1024
{'n': 5110},355,1723642556290,88f834e7-619b-48db-816f-1cea0ffeb0f1,2894,,2688
{'n': 3110},157,1723642549113,2b4f5053-f4f8-4c16-bee2-f491652a41e9,3000,,384
{'n': 1410},227,1723642543953,4d0a1b54-d0f9-4bb7-850f-ecd7b5166f15,736,,1024
{'n': 410},57,1723642540656,28dbdeba-8248-4151-8e5d-10edb427480c,14,,1792
{'n': 8910},435,1723642561017,ce738984-361b-4db9-9be5-c28f9fde254a,3000,,2048
{'n': 5310},264,1723642553556,a879bff2-a676-4f85-adc2-a85c91377931,3000,,1024
{'n': 7010},388,1723642563625,a5f83d52-3ce3-4760-bf7b-67ce7996ed02,3000,,2816
{'n': 9810},244,1723642560377,111bcafe-1c2c-40de-8ec1-06108c821403,3000,,768
{'n': 8810},425,1723642570357,9b2d7694-e191-4c0b-8f75-02f5b885fb93,3000,,2560
{'n': 7710},214,1723642553624,c72a9686-2686-4988-9b68-6d78f17ac1b3,3000,,768
{'n': 8010},397,1723642561459,ef6af6dc-1c70-4be3-b128-4cb555e51ef6,3000,,1792
{'n': 8710},233,1723642556819,d7566cfd-fc0e-4b4c-b3bd-9899de6254eb,3000,,768
{'n': 10},91,1723642540952,1014689e-0335-4355-b32a-498f6fe1d4f3,2,,2048
{'n': 8510},412,1723642559859,34f17468-da5d-444e-9e35-9516983d49bc,3000,,2688
{'n': 8810},425,1723642560851,7c775fdd-3853-4458-ae50-5ec63186bd09,3000,,2816
{'n': 8210},397,1723642558340,f2765314-5ae4-4c16-96fd-25efa56ce4e2,3000,,2560
{'n': 4610},280,1723642551522,4ded33f6-0def-4779-8257-16864a4ff71c,2374,,1920
{'n': 6310},374,1723642562610,9b312bce-3a28-4026-b4b2-041d78b406ae,3000,,1920
{'n': 9110},438,1723642570934,0439ab30-6acc-41ae-88d4-275914677996,3000,,1920
{'n': 5710},330,1723642557730,4c2c4599-cfc3-4c9e-bacf-ff2219612e1a,3000,,2688
{'n': 8810},425,1723642560863,6563e2ab-39df-47a0-95f4-b20991c17938,3000,,2560
{'n': 510},50,1723642540500,32440ed4-6ca4-412a-b5c3-aa649405f2a0,436,182,128
{'n': 6410},355,1723642559403,4e1a1b7d-f460-4e30-82e6-c2abb2e94958,3000,,1024
{'n': 7110},397,1723642554440,833852a9-9404-4819-a38e-180c03e47985,3000,,2816
{'n': 4910},65,1723642543096,2708127f-064f-4a53-b869-c7beee82127b,3000,185,128
{'n': 4810},274,1723642556960,fac2579c-42e2-49ee-a553-684c5d1dc875,2486,,3008
{'n': 7410},438,1723642564561,f9e99eff-9d9a-4e08-b7d4-a3056033bc03,3000,,1920
{'n': 4910},280,1723642545873,e5814845-34fd-4a1f-89ab-c4fca4fabbea,2621,,1792
{'n': 9510},457,1723642575090,d78f51eb-c8bd-4e22-870b-6b57fe2f7ca1,3000,,3008
{'n': 1310},87,1723642541020,a2bc4978-efbf-46e6-9a04-780fcc1592e3,260,,2048
{'n': 2810},167,1723642544881,6bfc1a3d-383a-4cc1-b896-4ecaad8de91b,1272,179,2944
{'n': 7910},90,1723642553760,223fcafb-dfc1-4b02-90f1-f2f77d10719f,3000,,256
{'n': 2210},135,1723642543172,faf5167a-def5-4816-9209-e3ef4aedc6f8,572,,2688
{'n': 6910},387,1723642556794,ea9c9044-5e32-4594-b09c-224b5c00627d,3000,,2944
{'n': 1910},183,1723642545991,7f934bef-773e-4f58-85c7-af105d644a86,470,,2688
{'n': 6910},420,1723642563282,2bee799f-ff4d-4952-91e8-c495f0963cc8,3000,,2048
{'n': 7410},381,1723642564570,347e2227-4e7b-409c-bf96-0bf497fe23f7,3000,,2560
{'n': 6410},361,1723642565621,9d7b152e-2778-4050-bd5e-7a624bd978ca,3000,,3008
{'n': 4010},65,1723642543034,442623a4-f024-4cfb-9872-669fd69792fb,3000,183,128
{'n': 5410},70,1723642553704,d9115858-922d-4606-86c3-53a3af4d6bc6,3000,,128
{'n': 2310},140,1723642542966,cea3fd31-c996-4dee-a4c6-4aee973ae6e4,695,,2048
{'n': 8210},319,1723642564613,12819628-d35b-4fc7-b0f2-13f27ebb4834,3000,,1024
{'n': 8910},81,1723642557747,3688a36f-8542-4f68-9a05-4a21cb589727,3000,,256
{'n': 8410},406,1723642559385,2da4f509-7cc4-497e-96f1-e1b7e3d97b7f,3000,,2048
{'n': 3010},290,1723642550108,bd8d0d15-a112-472d-80f5-ec45f6a4a020,1217,,2816
{'n': 9210},433,1723642561856,3c03f4e5-23b0-4ba6-807e-5c0c5606d7eb,3000,,1792
{'n': 9410},452,1723642571760,c3e29f3b-aece-402c-9f9e-e35bb6b41cfb,3000,,2688
{'n': 8610},416,1723642559967,ef8e1cd9-c23e-420e-9e43-b97a1234ec0a,3000,,2048
{'n': 4310},247,1723642545769,25c3acf5-378c-4422-a052-a22e7a8ec4ba,2294,186,2560
{'n': 2810},274,1723642548257,280670b8-d9a3-4e9d-8c64-a671c1410734,1137,,1792
{'n': 5610},371,1723642557200,66feceeb-f221-4742-84e4-04c37e99429b,2856,,2816
{'n': 410},49,1723642540214,0cc33c51-1b23-4ea7-b691-ea4cd77f2c79,15,,3008
{'n': 8110},325,1723642564312,6eabefe4-c023-4e12-a813-2d3bd021bd56,3000,,1024
{'n': 8710},65,1723642556965,822eb180-ed8d-42c7-9506-9eafeae2e6e4,3000,,128
{'n': 2310},140,1723642542734,87687d7c-91d7-4e43-9ac1-1cc76e9540f3,852,186,1920
{'n': 8310},270,1723642556057,523046b7-9a23-4db8-a8b9-771596d5e85c,3000,,896
{'n': 3510},205,1723642542966,809ba022-487d-4561-9654-318f1bea80e5,3000,186,896
{'n': 3610},317,1723642552029,94e45b01-21e8-437f-90b9-ac91149f06e4,1793,,1792
{'n': 3910},82,1723642542961,5082fd4c-518c-4a6c-b33d-2c7a1a991ffd,3000,192,256
{'n': 1310},81,1723642543065,b02f3e09-12ea-4fc8-accc-238b66e166a6,3000,146,128
{'n': 9610},266,1723642559378,47da2543-9b58-419f-b422-79d5716fd7bb,3000,,1024
{'n': 5610},114,1723642544801,d578399f-2a8f-42b1-83b7-13d03e721aec,3000,,384
{'n': 1910},114,1723642546409,d9608e4c-8c1c-4c9b-b5d6-8dafec1d4113,3000,,384
{'n': 4910},144,1723642552091,e9235e39-e554-469e-a889-2b1766b54b89,3000,,384
{'n': 6610},264,1723642559466,870588e7-9c2a-4f0e-8b0d-c1131b11728c,3000,,768
{'n': 7810},400,1723642556826,027ff4dc-ab8f-45ec-a215-5a82fd83b31d,3000,,1792
{'n': 5410},312,1723642556782,64e7895a-8110-4710-ba32-2f04aa93374c,2938,,1920
{'n': 8810},425,1723642563832,c003e9ce-fadf-4644-847b-9f7db68d7a29,3000,,2944
{'n': 9410},317,1723642568556,805a6488-552c-4186-83aa-6f19d8d3225b,3000,,1024
{'n': 1210},151,1723642544324,556f2b30-3ff4-40c7-9033-6d5891f518b6,167,,2048
{'n': 2810},167,1723642543791,6d9f1790-bea6-47b1-91f4-0466b7022609,1243,,1920
{'n': 5110},308,1723642553190,7a5cb69e-c28a-40a1-93f8-00178e017fbf,3000,,1024
{'n': 410},48,1723642539933,3b112987-39f4-4512-b598-79cf5f445b23,37,178,768
{'n': 4410},223,1723642543065,1b263e46-35fd-4de4-969b-6abb288bcddc,3000,182,896
{'n': 3310},312,1723642551473,c08f331a-f37e-4662-80d8-6065c07b2073,1471,,1920
{'n': 6210},349,1723642556180,7fb43181-b59a-4635-83e1-e2b43d6eac55,3000,,3008
{'n': 10},67,1723642541031,b010b455-9ead-4b47-b1fc-a495e30e548e,2,,3008
{'n': 2110},269,1723642546677,dd6c93e0-bfc3-4ec1-aaa6-6ff1d4756a7f,602,,2560
{'n': 6210},406,1723642562534,a9f60018-3bec-43da-ab6f-75a7b66abdcb,3000,,2048
{'n': 6410},73,1723642559382,a42e9cc3-9da9-46af-a94d-5e96a2fcd3f7,3000,,128
{'n': 3810},233,1723642550481,3332c4e6-63d2-431a-b169-7f943458943f,3000,,1024
{'n': 1910},242,1723642546426,1464a2b2-d9bb-4b9c-a81b-16f7f5b34199,577,,2816
{'n': 6410},121,1723642559330,fe677ff3-927c-400e-ac72-a4f7b7679939,3000,,256
{'n': 210},45,1723642539792,320c81c6-d903-4454-8860-6e9e2b957c49,5,,2944
{'n': 7210},239,1723642551584,5e1e5111-3604-4a8c-a73b-1f08524294f9,3000,,768
{'n': 5710},65,1723642545271,af59e299-92b4-4786-9066-6d1115567b72,3000,182,128
{'n': 4110},237,1723642545454,6d353ef8-5334-4e5d-bd2b-3b041427513a,2037,160,1920
{'n': 2910},172,1723642544835,1166c3c9-5ad8-4e6e-ae72-345f05a7d4b3,1368,186,2688
{'n': 1710},194,1723642545096,45e18f01-845e-4eaa-9279-461e0c4349d5,377,,2048
{'n': 3010},210,1723642551258,86f4d4c7-a7da-4c06-9a89-a28f214e328a,1159,,3008
{'n': 3610},210,1723642546803,a79a0921-0d05-4793-ae9a-7c2abb0dfef4,1581,,3008
{'n': 5510},343,1723642553958,7d5bd373-cf5b-48cb-856f-67f2a16412ff,3000,,896
{'n': 1210},263,1723642544136,cc5926e2-b30e-48a5-9bfc-9c407ebe94f0,149,,1792
{'n': 1010},72,1723642540422,e8e7bcdb-a1e5-4fe2-ac62-70218f4d0a09,99,,1920
{'n': 6110},375,1723642551757,24dbec29-9124-4418-ba3b-7eb67be38aa5,3000,,2688
{'n': 1210},91,1723642540778,9ffd7335-5893-4609-a750-aea11714fdf6,179,,2048
{'n': 4510},269,1723642555829,ceaa7161-e429-4086-9e92-3d103bef7819,2233,,2944
{'n': 3410},199,1723642545091,bde1318b-6531-4c1b-a685-e153a8bc293f,1704,186,2560
{'n': 5810},328,1723642558413,6fd294df-824a-4fc5-812d-dc03005e5250,3000,,2688
{'n': 6010},380,1723642550035,c6c5fd96-67f6-4b9c-a9ac-40f2c7642302,3000,,1792
{'n': 8510},448,1723642569197,47dd9e57-c22d-4dfe-81c5-abf7cd83d907,3000,,1920
{'n': 6610},372,1723642556182,cc4d8240-96b1-4303-a568-d3fd929dcbe5,3000,,2944
{'n': 5810},328,1723642548952,8b546585-8e66-4130-81e8-9f450776212b,3000,,2816
{'n': 6210},278,1723642559449,a5b1d7e2-98f9-4f41-8c98-6bc9bc93b06b,3000,,896
{'n': 1810},183,1723642544772,5250a06d-7ec1-42e6-bbae-9b44a6496e94,446,,1792
{'n': 710},103,1723642541183,33d5c4c1-b771-4c41-b9c6-5664b4c1b45b,66,,1024
{'n': 1010},131,1723642542436,77abf041-7ea0-4cf3-817d-0f95f1019e35,96,,1920
{'n': 910},65,1723642540240,66a1eeb6-dd80-46ff-a889-79a34a1e508e,200,183,896
{'n': 7910},384,1723642557017,8bb19629-b86d-4af0-8e74-dbddf974be9f,3000,,2688
{'n': 7610},90,1723642552655,a850cc33-ede6-4680-b1b9-7cfd18f43f9c,3000,,256
{'n': 7710},65,1723642563055,750e025d-c1a7-47c1-94db-421f8c3c77fd,3000,,128
{'n': 9610},456,1723642572013,434eeaba-dd09-46d2-bdd0-8ab6d2c747d9,3000,,2688
{'n': 5410},287,1723642544485,7cd520c4-4073-447b-87a9-4ca4b534bed1,3000,,1024
{'n': 5210},296,1723642556401,711531dc-52f2-410a-b4e1-18a0a4c40cf7,2904,,2816
{'n': 2110},155,1723642546797,ed054cbe-27c7-4a8f-9a64-61298c4b2ebf,3000,,384
{'n': 3210},188,1723642544891,9876694f-1158-47a0-abed-96bf061fa37a,1555,183,2560
{'n': 5410},312,1723642547565,8a7553bf-d076-4224-b69b-45eb5beccbd9,3000,,1792
{'n': 610},71,1723642541126,887f3607-3854-410f-8aec-68e6a3ece7c0,139,,384
{'n': 1410},146,1723642544642,8d33d292-3e5e-4fcb-bea1-f68ed3440f0e,222,,2816
{'n': 1710},178,1723642545868,82267d84-3df9-40e9-8bb9-54428fe33022,368,,3008
{'n': 4610},233,1723642543018,14957328-09f1-4d5a-8ebb-4bc4c1e87308,3000,,1024
{'n': 5810},356,1723642558286,3798bd65-2962-4aee-b0f9-4744bc051be2,3000,,1792
{'n': 5410},277,1723642544495,d1ad7274-2832-4079-a654-d1410e63214f,3000,,896
{'n': 7510},416,1723642555563,abf6b60a-b24a-42c6-8a73-b0bc68ba2d31,3000,,2816
{'n': 6710},313,1723642549968,28fb8df9-6d18-404f-9e9f-df8f3a9ecf44,3000,,1024
{'n': 5610},394,1723642559965,9147d645-090a-4eea-97b7-718ca6283197,2720,,3008
{'n': 4010},231,1723642554893,e042741b-aab5-4ef9-a14a-de9b999edf8e,1745,,3008
{'n': 4510},258,1723642545561,c60b5fb0-fa44-43b1-a049-921e2b6d3ac0,2172,156,2560
{'n': 6410},397,1723642562603,a3a4b497-4f29-4163-b594-8bcae548cf0f,3000,,2688
{'n': 1910},119,1723642542999,e97ae872-fcfb-45f1-a123-c491f6290e1d,3000,179,384
{'n': 1410},92,1723642544241,6ff346c1-3393-494f-8e3b-7d2f71fc5c7d,325,184,1792
{'n': 4110},237,1723642553431,a19e84fb-0fa6-4275-8918-863699d5d9cb,2083,,2048
{'n': 10},49,1723642540313,7663cb3e-9cbe-438b-99f7-3d9f15caf7db,2,,2944
{'n': 2910},144,1723642543054,325346aa-2120-4df9-bc13-0b0f47566d4c,3000,148,384
{'n': 1810},65,1723642546169,079c1c49-c927-4862-baf9-12833a04af67,3000,,128
{'n': 5010},100,1723642543291,24ed2400-bed3-4359-9b5c-406fef7c89c8,3000,,384
{'n': 8210},397,1723642567792,3697805f-cee9-466d-8773-21b3ea001530,3000,,2560
{'n': 6110},76,1723642555221,d5be137e-3052-454e-80d5-7500618bcf51,3000,,128
{'n': 7210},307,1723642551593,d25b75b2-96ff-47ac-adb8-1f57773c935c,3000,,896
{'n': 5010},82,1723642552406,bf4aca62-7caa-4452-a0d2-66d9ff5b6ace,3000,,256
{'n': 8710},420,1723642569454,81ed3b67-2202-44dd-be47-8cc7eb1964c6,3000,,1792
{'n': 5010},285,1723642546607,da7fd931-e020-4217-a648-da6bf614344f,2837,188,2816
{'n': 4110},237,1723642547872,703ef4fe-2e26-4da6-8a98-1096f615d943,2196,181,2944
{'n': 7910},387,1723642559979,1af79335-14a3-4a59-9b20-426dbd563fdd,3000,,3008
{'n': 3610},210,1723642545171,d561763f-b32e-47eb-bd35-3ef2f8945504,1827,185,1920
{'n': 2110},65,1723642543000,5db252b5-9f32-432e-a38b-faa454a1a6cb,3000,186,128
{'n': 2010},104,1723642546754,7d5a9a73-0cfa-4034-bc53-011f082ed234,3000,,256
{'n': 3510},204,1723642545165,bee29383-3e8f-4eeb-a5d3-c491c71adb4b,1764,185,2688
{'n': 910},98,1723642541969,ab38cc48-e404-4978-9574-1db188c25186,67,,2048
{'n': 9610},461,1723642572051,e1e9ec66-f56f-4362-8c40-a90b08d4de4f,3000,,2816
{'n': 5410},387,1723642556921,b9adb379-24d5-4841-8ef7-f21840015842,3000,,2560
{'n': 3010},67,1723642548725,4ca26b8e-a313-4ac0-a4a5-59f25336f99b,3000,,128
{'n': 1810},101,1723642546150,96799840-70d6-47cd-8266-504498218b61,3000,,256
{'n': 5410},243,1723642553731,01b98ea2-3055-4586-9a45-2d113467136e,3000,,768
{'n': 7810},403,1723642569479,3355be36-e32d-4a81-8eac-f352d11d6827,3000,,3008
{'n': 4910},233,1723642543095,26fdec73-99b7-44a9-a607-f026e5fb2c23,3000,187,768
{'n': 9210},113,1723642558732,1e797137-e9e6-4f65-ae73-875f4b8a9b3b,3000,,256
{'n': 4310},83,1723642543024,6a051538-4266-4d5a-928c-55a841a3910a,3000,162,256
{'n': 2110},130,1723642541833,5713ead4-ac14-4568-a426-0e59b6f6f349,1919,184,768
{'n': 4710},67,1723642551868,fe0acf00-612f-4aa0-bdce-481cb718acfc,3000,,128
{'n': 8110},393,1723642557975,269f8288-369f-485b-b52a-411faa532c35,3000,,2688
{'n': 6810},302,1723642549981,788af046-9833-43c5-ac55-17080daf6ecf,3000,,768
{'n': 7210},239,1723642561201,973a6d66-eefa-46cc-99ba-25e7c3a00a2d,3000,,768
{'n': 910},65,1723642540253,1e4f3957-5316-4a6e-954a-63b06e43acf8,216,182,768
{'n': 5310},306,1723642547583,52455519-32e2-4b0b-9430-4c8843c7b0f7,2908,,1920
{'n': 8410},451,1723642568800,f178a7af-b7e8-4d6e-95fe-41be966179ae,3000,,2816
{'n': 610},53,1723642540083,f9f90305-c6d0-4fba-9226-bfb47b04845e,94,182,768
{'n': 6510},365,1723642556240,d3a2dcae-725e-40b1-8e18-d9a7890a2fa6,3000,,2944
{'n': 7710},328,1723642563065,7c62cf2a-8c7d-4a69-ad18-0eb33018b1f9,3000,,1024
{'n': 9210},465,1723642571274,e47f1d3b-a7bc-448f-bc2e-210a555c8921,3000,,1792
{'n': 9410},448,1723642574687,af6bec7d-ba29-4e3c-9b76-c5fba760ac94,3000,,2944
{'n': 210},44,1723642539795,96de2b45-3ff8-4aeb-ba8c-27a113f347ab,5,,3008
{'n': 110},44,1723642539976,6edc33ec-8308-49b0-bf78-a02b42df4b9a,7,193,256
{'n': 1310},96,1723642541336,282317bb-f07d-4189-8f8f-d6d7264864ce,235,,2816
{'n': 2210},294,1723642547187,7619ec91-c01d-4537-a484-3ad25e807421,763,,1920
{'n': 3510},252,1723642549879,2a5a0b7d-569c-4481-9ae3-ee248b139469,3000,,768
{'n': 6210},376,1723642553184,e5f9e9b1-dc03-4daa-92a5-ddf23df916b5,3000,,2816
{'n': 5510},312,1723642560023,a09cebc8-2829-448d-b265-79ce7ed6c16e,3000,,3008
{'n': 6810},381,1723642556126,52564b9e-0752-4eb0-b749-48aad4275f07,3000,,2944
{'n': 3110},328,1723642550670,b19bd5b5-a5b8-4003-b319-3d59940977f2,1515,,2560
{'n': 1210},85,1723642540899,6916209c-dd49-4100-9ddf-4316c3e6a3fc,152,,2688
{'n': 510},92,1723642540759,ada6d73b-a415-448b-b994-acbb83bbf6ec,27,,768
{'n': 510},91,1723642540948,fc94a0b6-7b32-4209-b5fb-6b2b2a38215d,20,,2560
{'n': 4210},242,1723642553379,b46048dd-b580-43ad-909b-0c2d17976810,2023,,2048
{'n': 1310},167,1723642544479,29f223af-6156-42e7-a95f-dbfb8ff28bc3,195,,2560
{'n': 1710},233,1723642544666,29e418e2-eac2-4b46-98f9-d52a16de4fa7,1403,,768
{'n': 1210},162,1723642544355,885ea713-7390-4e47-8a2d-8743bad223cb,165,,2560
{'n': 1510},97,1723642545000,e6087dc0-1bac-4981-9ecb-b42c9a2f97cd,366,185,1792
{'n': 2910},256,1723642548429,1d9420f0-1890-468d-a519-69ea1e0ddbc7,3000,,768
{'n': 9710},291,1723642569873,645108cc-3a64-49a9-bbb5-81632ee162ef,3000,,896
{'n': 2810},246,1723642547496,b10ebe32-4b68-4737-8542-0688168ff67e,2386,,896
{'n': 9110},438,1723642571029,f3f69bd7-c7e5-43ed-b666-4186f042c5f1,3000,,2048
{'n': 8110},448,1723642560871,258fefae-83a4-4457-b631-637f871855e3,3000,,2944
{'n': 9510},268,1723642559380,7c623c7b-8dcf-45fa-ada2-ddf46bbd93a5,3000,,896
{'n': 8310},402,1723642559169,d34bf9ce-3d24-4109-baac-aaeab345757e,3000,,2560
{'n': 2510},151,1723642542595,eada4b1f-2e20-44ac-8a16-5b65e71862ea,2580,181,768
{'n': 8310},402,1723642565658,8ac0414c-b45d-43a5-a588-6bef98724268,3000,,2048
{'n': 6410},119,1723642549975,f64a755d-86de-43f8-94e1-cc8564731dfb,3000,,384
{'n': 5110},259,1723642544282,e73ece51-31f7-4ef3-a057-352e25f1bca9,3000,,768
{'n': 8710},291,1723642566290,194066f0-4f43-4421-91f2-abea34e63b86,3000,,896
{'n': 5410},306,1723642547658,35f2afe7-7d87-4a25-8479-4e9f9d8a8e5a,3000,,2688
{'n': 3210},294,1723642548228,c418595d-3625-4be7-9035-950f0f92cd65,2695,,1024
{'n': 7410},440,1723642558040,e2d81b3c-d7e6-4452-9b25-9e196d02e34c,3000,,2944
{'n': 6410},278,1723642559384,205e16ac-cf52-4f02-8dda-7da95daeeee2,3000,,896
{'n': 5110},290,1723642558760,1b90932b-a2d4-4736-95a2-e7c048d3975c,2633,,3008
{'n': 8210},397,1723642567808,0fad1bbb-c272-4d30-a1d8-9e9510f91440,3000,,2048
{'n': 4010},68,1723642550990,09de28e7-2a11-4ee2-b734-3ed9f299564f,3000,,128
{'n': 3110},328,1723642550581,b8601f02-0ed3-40c3-ba77-d4220e5b5178,1467,,2048
{'n': 510},50,1723642540117,fa5b514c-6855-4e16-851f-d6504a2e9ca3,52,184,1024
{'n': 1710},110,1723642542279,e53b0ef5-a7e4-452c-aa4c-0b5fb93623f1,447,,2816
{'n': 1310},87,1723642540707,fc9a5407-a3b1-4250-b9b3-4d9bafc91a35,617,177,768
{'n': 2010},132,1723642542527,f47a1268-ad16-47db-9481-eaa365437e42,604,,2560
{'n': 3610},210,1723642543013,6ff532d9-6d7c-4cce-8a02-7195c4e05e1b,3000,183,896
{'n': 6810},87,1723642549982,fe05611f-6094-4307-8db4-ba832c99652f,3000,,128
{'n': 9310},447,1723642562252,7615608b-a9be-4758-8381-a287960e749f,3000,,2048
{'n': 5810},144,1723642555216,53dd33a0-7104-4770-af11-e8a2303e9a6c,3000,,384
{'n': 3310},194,1723642545954,742055b3-e7ff-4d38-91b5-b259a88a7785,1478,,2944
{'n': 4210},242,1723642543070,bb1fdb78-5662-4d3d-959d-ff90991c654f,3000,185,1024
{'n': 1610},103,1723642541199,a9bed7aa-3418-47db-92d8-009478be63ac,360,,1792
{'n': 1610},103,1723642542370,16bc1869-0857-4306-9bc0-d07b53236958,2331,184,384
{'n': 8210},397,1723642558356,604235d5-85a1-4378-b1b7-db618ab0ae1c,3000,,1920
{'n': 4310},274,1723642555459,a83c0114-f22e-4489-ba6d-1842936693bf,2144,,2944
{'n': 4410},333,1723642553927,67d40b28-7adb-4157-bfdd-46dd07b67279,2194,,1920
{'n': 110},71,1723642540758,fdc89d4a-4032-45d1-a544-49f5e0503f11,3,,2048
{'n': 5010},306,1723642555351,1ffcac40-d2cc-486a-bde0-925c2f074786,2706,,2688
{'n': 8610},416,1723642569397,a3ce3152-8021-43e6-8bbc-9077aaba8c76,3000,,2560
{'n': 5210},241,1723642553361,d359a384-f25e-451a-9780-61f6ff9c9d92,3000,,768
{'n': 7810},291,1723642553754,4c144f5d-68e6-4021-b592-95405529f3e4,3000,,896
{'n': 9510},458,1723642562615,bf15feda-1334-4776-97d0-95d88565e208,3000,,2560
{'n': 3910},258,1723642552739,a399751a-a430-4aff-b10f-17eba69e96c1,1953,,2688
{'n': 2410},188,1723642542644,9f5f63aa-0991-484e-aa60-ca966856a5b1,839,,1792
{'n': 9710},466,1723642563566,a53a4fd3-aa1f-45a7-91fe-f835995b9fa5,3000,,2688
{'n': 5210},296,1723642556180,ee38abe8-558e-466c-889b-1a02e5fdb980,2790,,1920
{'n': 5510},392,1723642557168,fa5cac0e-245d-4e42-bba5-087c5fb5e85c,3000,,2688
{'n': 7910},291,1723642563250,fb92bc40-46d3-4b1b-bd34-b2a49813b47a,3000,,896
{'n': 8310},402,1723642565749,e4e2beab-e9ce-40db-8f42-0374e0dcf896,3000,,2560
{'n': 4010},318,1723642551034,d5ba61bf-9df3-4c9b-a5c6-ea37eb402ccf,3000,,1024
{'n': 8810},285,1723642567157,0b545f78-f374-44b7-9c84-be4b1367dd79,3000,,896
{'n': 2510},151,1723642543045,1c5ebb5a-3860-45c9-9b75-03274b143df3,1035,,1792
{'n': 10},49,1723642540163,ba97ff3f-88fa-462a-bbaa-abeb3bc05e10,2,,2688
{'n': 3510},152,1723642543079,e36bd690-9039-4eb5-aef5-2fee1a6be441,3000,183,384
{'n': 5210},318,1723642555937,f848589a-6196-4dfb-98dc-5d645cac23b4,2502,,2048
{'n': 1710},116,1723642541617,6fd292fe-c9ec-47c9-aa1a-c6ac3d6ef687,461,,1920
{'n': 6510},408,1723642553116,8a51173f-985f-4db3-89b3-60d18c08d658,3000,,1920
{'n': 2410},231,1723642547808,120dab03-e0fc-492d-9252-9d8aeab74ae8,849,,2048
{'n': 2510},87,1723642547744,c9e67538-b806-4513-b560-b8acaa4b76e6,3000,,256
{'n': 6710},376,1723642565591,3cfde745-fcf6-4e85-8c79-a7a9e50110a4,3000,,2944
{'n': 1410},151,1723642544901,5c8a9699-ed73-40e9-bb06-4d0b9169fc2e,248,,2944
{'n': 6210},383,1723642562623,c6bf54b0-fdae-4644-b98f-723e5e4f06b2,3000,,2560
{'n': 5210},319,1723642547315,f00ada3d-fe0f-4634-b1ab-e82086bc709a,2822,,2816
{'n': 1110},76,1723642543599,6ed1c884-1ce9-4a86-875b-2ee75c1a149f,138,147,2688
{'n': 1810},178,1723642545304,b0900203-92a3-4af9-8c50-e9f11f2c3ed0,479,,2560
{'n': 2310},65,1723642542983,3ed930aa-a895-47e8-b2b4-7e4e6c786fb1,3000,145,128
{'n': 6110},282,1723642548526,d8da76e4-47f6-4f35-95c7-24e1113f1aec,3000,,768
{'n': 2910},172,1723642542342,54e21144-6401-405d-b00d-a8e06a1a6e83,2279,179,1024
{'n': 6110},116,1723642548554,5b1212fb-b203-4268-94e2-8483b675b7eb,3000,,384
{'n': 2510},151,1723642544202,65f850d8-63a9-4d6a-9e31-2892ffff52d9,998,187,2944
{'n': 110},73,1723642540692,3d965fad-f7eb-42ce-9ae4-ab1931b56c86,3,,2560
{'n': 7010},132,1723642560421,80011d9b-8bb4-4d10-9216-0952d7054d0d,3000,,384
{'n': 8110},429,1723642567516,b2766806-a844-47e4-9b33-b1ca846b5e14,3000,,2688
{'n': 3510},66,1723642549817,0ec1bec8-43d5-42bf-a068-9def192bc2f2,3000,,128
{'n': 3610},257,1723642550050,604edc32-08d0-420c-9cdf-4477bb8d7c76,3000,,896
{'n': 1610},172,1723642544107,7724c81b-bc63-4377-b262-282b649b66ac,841,,896
{'n': 4710},269,1723642548447,de0bbfaf-efe8-49e3-b98a-2d298369ff90,2571,178,2944
{'n': 6510},365,1723642562744,7cb5ba3d-0407-4112-87eb-e5bfef1af6a3,3000,,2560
{'n': 210},44,1723642538545,224c545c-a74f-4241-afe6-6769b716eac8,10,184,1792
{'n': 6110},344,1723642551656,e0e7df19-a688-4478-ba52-44ad652ea852,3000,,2560
{'n': 4010},231,1723642545378,08c6e150-0cf8-4d59-ab6c-59a453499b17,2045,182,1792
{'n': 7110},377,1723642563815,a33b66fe-2961-41bf-9a43-797a1be5d094,3000,,2048
{'n': 6710},413,1723642553174,66b6932d-43c1-4280-8295-f6880336ac2f,3000,,2816
{'n': 9910},465,1723642564201,58d6d834-4fdc-4e19-a875-fdf89374b3b1,3000,,1792
{'n': 7010},411,1723642563494,6d861421-1d5d-4ac2-9274-b869f1be4f1b,3000,,1920
{'n': 2210},260,1723642546673,ef0a71a9-77ab-4cf0-804d-a2e21aa405ee,2157,,768
{'n': 9910},457,1723642564300,6a434da8-e6fd-4631-b9ca-4a5b186af406,3000,,2688
{'n': 8310},402,1723642565654,4d477c1c-ecd2-48cd-8f61-51d96e8ba0a5,3000,,1920
{'n': 7110},96,1723642560665,ee4e53d3-3151-4ce0-bf18-830d6b01f4c8,3000,,256
{'n': 2710},148,1723642548526,96a9d96b-16d7-4877-8d13-4aebf68cbdb8,3000,,384
{'n': 2210},135,1723642541504,450719e9-5358-430c-83f4-49f126458790,1508,181,1024
{'n': 7210},66,1723642551596,ad34d4fa-8618-438b-ac6e-9a0350a78996,3000,,128
{'n': 1410},162,1723642544365,96b50c97-eb58-4a71-944d-994587bc73d1,231,,2048
{'n': 3210},188,1723642545002,4981a6cf-5884-43b0-ae6f-b064a78b6c06,1566,183,2688
{'n': 3410},90,1723642549556,f7679c85-33dd-4c32-9504-cd79a993dbec,3000,,256
{'n': 4610},233,1723642542912,5c158063-e85d-437f-988c-e506e52560cc,3000,,896
{'n': 1410},153,1723642544605,fd7bae4c-de21-41c3-b3ab-b5f9bc487bbb,277,,2688
{'n': 1110},76,1723642541128,9fcd30a1-7768-47c1-ad35-b70893798ac8,164,180,2944
{'n': 3310},258,1723642550016,75d2a571-139a-4329-a6fc-896b9e0a34eb,3000,,768
{'n': 8510},152,1723642556657,e2732c53-df29-4535-aa2e-2274565d9c2e,3000,,384
{'n': 1710},110,1723642541749,5e088132-208b-470c-83b2-70b5a9bf32b6,461,,2048
{'n': 6510},403,1723642565770,4ba39589-7190-43da-83ae-a2213905d013,3000,,3008
{'n': 4310},247,1723642545855,9c9a5fde-26ae-4da8-98c8-a3ce4414347b,2353,181,2688
{'n': 9010},448,1723642573692,4fa65708-b819-4719-9218-580d47ded17a,3000,,2944
{'n': 5410},308,1723642550310,5ec471c8-a207-487b-aa17-44036ab3e4de,2884,,2944
{'n': 5310},301,1723642556651,c6e87f03-e5f0-420d-8e36-00e6d6d26dd6,2897,,2048
{'n': 9310},332,1723642568581,9d497ff4-7d60-494f-acc2-bd0f645bfd31,3000,,1024
{'n': 3010},257,1723642548784,fd79c8d9-9348-4ce8-ad00-b02a4d3d4ef2,3000,,768
{'n': 7310},76,1723642561642,523f242e-82e8-4694-8421-67a04e1d795a,3000,,128
{'n': 1610},103,1723642542069,b4e087c2-f4ae-494f-90c5-af82341cc8dc,310,,2944
{'n': 6810},382,1723642553187,9edc589d-4df8-47c0-ae1c-d3ecebe982eb,3000,,2048
{'n': 8910},268,1723642567244,da57bfa5-6d4b-4193-8cbb-9e50b3236adf,3000,,896
{'n': 2110},65,1723642546798,832c619b-8e96-4aff-9ce9-c1f5a9d0e805,3000,,128
{'n': 110},65,1723642540754,27569ba1-80f4-47d9-bc9d-6a64e017b3a7,3,,2816
{'n': 6110},148,1723642555203,ac03f446-14d0-4bd3-8117-f8da9983f981,3000,,384
{'n': 4410},96,1723642551516,d707df30-3ee8-4a8c-9308-22a336ee276d,3000,,256
{'n': 7810},402,1723642566274,a8765eff-8701-4622-84d7-ac0ac9d98b8e,3000,,1792
{'n': 7610},261,1723642562212,b1b07b6f-b409-401f-99a8-97f5f779e4bb,3000,,896
{'n': 9810},471,1723642573056,a43cdc2c-8107-40c3-b0d4-f2b82c7569e7,3000,,1920
{'n': 9510},466,1723642575039,a9b0221d-f90d-41dc-bb3e-3368ea73260d,3000,,2944
{'n': 6110},301,1723642551468,7074a2a1-e852-4578-a056-d951e0535507,3000,,1920
{'n': 7510},121,1723642552395,97758bd5-a181-4f0a-a93c-5140ee30c331,3000,,256
{'n': 5910},334,1723642559144,21c99db9-7f15-4ba0-aa3b-17c0417d62e1,3000,,2048
{'n': 8410},406,1723642562376,12096b43-210a-4124-bdbd-0f873bf45188,3000,,2944
{'n': 210},44,1723642539029,a31a8af7-0c01-461c-853e-1521f6801710,8,157,3008
{'n': 8510},411,1723642569218,45fa7a31-2ab4-4b6c-8bad-65a048edfb8f,3000,,2816
{'n': 3710},216,1723642546635,30c8f6c8-d37b-4007-867c-6209cc1e8d02,1747,,2944
{'n': 9310},453,1723642571845,6ff8e3ee-2a20-43d9-9ce1-2797fa82f2a6,3000,,1792
{'n': 9010},81,1723642567506,dca38881-8ea6-4c67-a6a2-b10c11b14c71,3000,,256
{'n': 8510},414,1723642559852,094584b0-6a23-4638-a214-60b19d26fa20,3000,,2560
{'n': 1610},87,1723642543055,dd4c2e70-3fae-4e1e-8d40-8c796cff9a16,3000,189,128
{'n': 5110},290,1723642547291,0bc72f47-d75e-4a8e-9fcb-674a537f7fc9,2843,,2816
{'n': 3810},306,1723642552467,4ceb7e08-bc31-45ba-acd3-e2db75d03030,1829,,2048
{'n': 7410},361,1723642555138,c86c8a16-cdec-49f7-b6db-9e5a1f071318,3000,,2816
{'n': 6510},324,1723642550014,cfb6d14a-c1df-43c5-a58e-a6467ce51165,3000,,1024
{'n': 210},45,1723642539742,65000936-69d0-4b08-92b5-14e9a021bc8a,6,,2816
{'n': 7410},439,1723642564587,015a2119-a9e7-47c3-9e20-d5bd0f6157ec,3000,,2816
{'n': 7310},89,1723642551908,f3407d1e-ace5-490f-a098-04f2a3210932,3000,,256
{'n': 7310},145,1723642551906,ab7195e7-1ea5-49f2-b9b5-5fa18d36b7f1,3000,,384
{'n': 9410},276,1723642568555,98fd5cb6-59a0-4389-b350-40e4e594f902,3000,,896
{'n': 8410},253,1723642565648,d88e70b6-4c4e-45ef-bee5-87291a5bf7f0,3000,,768
{'n': 5110},280,1723642553186,da49a3ed-22a8-4b36-bb5f-8c34f5d5cfac,3000,,896
{'n': 5610},268,1723642544840,09e867fa-1e40-4ce3-8c88-51b9736425d9,3000,,896
{'n': 8510},293,1723642566009,3e26b607-2790-491f-966a-ffabd87c88e8,3000,,1024
{'n': 5410},349,1723642559744,2b8716c0-bd2d-4602-b093-28bc51a96780,3000,,2944
{'n': 2210},135,1723642544006,429bdc50-ddba-434d-88fc-efdd57dcfd3f,869,182,3008
{'n': 7310},76,1723642551884,5919a10f-8b8b-4975-ad60-0222dab0be5f,3000,,128
{'n': 6910},420,1723642563303,93654172-498b-442d-aa2e-40309d919a33,3000,,1920
{'n': 110},44,1723642540013,f311c934-dfa2-45fb-bd1f-f43c89bc6ec7,45,183,128
{'n': 4110},237,1723642545369,b8fb30d1-ca33-4ad8-8764-fc30ca22554d,1953,161,2048
{'n': 3210},319,1723642549990,f72506c4-68f0-4d13-8ed7-8436942ec091,1337,,2816
{'n': 3310},210,1723642552750,2eb24fac-8c94-45b2-be83-cd12bbd2fb4e,1324,,3008
{'n': 110},44,1723642539957,f60ec818-298f-494a-9ba1-5afb64d59160,6,182,896
{'n': 1910},67,1723642543065,cc6f9eaa-7fae-4d94-b84a-48574c19729e,3000,176,128
{'n': 4210},242,1723642551218,6d90612e-1921-4e51-ad22-da4fa2595e5e,3000,,1024
{'n': 6110},319,1723642555269,a7117df3-fc2b-4062-a955-cb351f827e57,3000,,1024
{'n': 3610},65,1723642543006,e9235496-d55a-4d8b-bb98-01feed520cab,3000,183,128
{'n': 4310},247,1723642545718,6cfbc693-f031-4a63-94c0-320dc3c06d91,2310,187,1920
{'n': 9010},83,1723642557966,43538f02-06a5-474e-97dc-b3d679e77b19,3000,,256
{'n': 7110},209,1723642551239,dc8d34c9-bdda-449b-bf3f-ac12c6bc2e4f,3000,,768
{'n': 3210},188,1723642544947,d7567269-d3cc-4077-8e04-76616adf3623,1497,180,2816
{'n': 2910},323,1723642549922,e39d74c5-6788-40ec-9985-e78df4453b76,1390,,2560
{'n': 2910},66,1723642548394,992dc65b-b1d1-435b-afc6-76a1bc96153a,3000,,128
{'n': 8710},103,1723642556944,2b9286ef-f70d-4020-8b47-2a3dfbcc842e,3000,,256
{'n': 2310},140,1723642541818,4498f15e-eb2d-479e-821d-4683db70aa6d,1823,182,896
{'n': 8410},416,1723642559424,a681911b-ec36-4491-9138-f7dd08b6e3b6,3000,,2816
{'n': 2910},322,1723642549970,328e1098-e98d-4bda-a7ca-ad11de07aad7,1409,,2816
{'n': 6610},318,1723642559404,f3bb86bc-6072-47f3-9f7a-6cb193844c07,3000,,1024
{'n': 9710},65,1723642569905,334e5d25-ea15-4471-ab64-f37a11fcbefe,3000,,128
{'n': 2010},134,1723642542417,e84d7216-7c46-46c3-93fd-c35a60ee496e,652,,2048
{'n': 2810},169,1723642543699,8cde014c-7139-4794-a58c-b9000e77567d,992,,2688
{'n': 5610},317,1723642548015,6752cfb7-735f-4ed5-bdab-6574795979f4,3000,,2048
{'n': 2310},140,1723642542597,53e570d6-0b0c-4002-9fbe-9c52743281a7,861,,1792
{'n': 8310},411,1723642565898,cad81187-addd-43ce-bf50-1dc42db6bd45,3000,,2944
{'n': 9210},251,1723642568234,61da1fd8-c803-4059-b1d8-a0a20a3eac43,3000,,768
{'n': 2010},226,1723642545995,ef11eb46-0cc1-414a-a657-47df0ff41333,623,,1920
{'n': 3910},226,1723642545428,44ed11b1-c450-4ef0-ab3c-4338866fd3ed,1971,191,2560
{'n': 1110},78,1723642540573,509cb5a1-aac0-4df4-b98b-7127a1b10659,133,,2048
{'n': 9810},471,1723642563619,42c9a74a-2e68-4127-af35-27cb8df4a0b8,3000,,2688
{'n': 610},53,1723642540079,a63a7a45-3542-4199-a516-a6d1c158d8a1,82,186,896
{'n': 9010},224,1723642557995,255b02d4-aa81-4c7f-b04d-d525188ff57e,3000,,768
{'n': 5210},89,1723642544267,67097987-0a4b-465c-bed8-9cd003c68b59,3000,,256
{'n': 9710},328,1723642569879,87e4357f-6ef2-4825-b822-d83bd3092fe2,3000,,1024
{'n': 6910},293,1723642560094,d365fa05-9799-4824-bcb7-b172176d235e,3000,,896
{'n': 2210},212,1723642548376,faf85d48-c811-4645-969a-48178e4b2842,765,,3008
{'n': 9710},264,1723642569851,25fee820-e806-425e-8b73-6c16af2efe3b,3000,,768
{'n': 10},92,1723642540773,7d7a446f-22b1-441e-bfeb-19638966b9c2,7,,768
{'n': 1110},76,1723642543533,497a6b5e-3060-452b-adcf-99afed728401,152,163,2048
{'n': 9810},82,1723642560384,d6c93d1e-c3b8-40fa-8e17-5a4fa6efb8d1,3000,,256
{'n': 6410},372,1723642556083,ea69169b-f4eb-45ce-84cd-a9d9fe6f4a67,3000,,2944
{'n': 5010},306,1723642555201,b3f3bcde-c628-4ccd-9cbc-0c3d15f89501,2651,,2048
{'n': 7710},130,1723642553700,12d3b6b3-a274-4f41-aaeb-26b0be10c35f,3000,,384
{'n': 9010},434,1723642570749,e9d45684-084c-48f2-a6a5-69d8f67c1c14,3000,,2560
{'n': 8810},425,1723642570155,f647ea2f-26eb-4ca8-b6a7-4db328a0603c,3000,,1792
{'n': 2810},275,1723642548105,43d499aa-84f8-4bc8-b1d1-0f9bbdfdfe22,3000,,768
{'n': 6610},284,1723642559462,c26415ca-83ad-41ae-b048-22796bbb9b60,3000,,896
{'n': 8210},397,1723642558203,959b979b-8c06-46cc-8277-3b36d88e6c63,3000,,1792
{'n': 3610},210,1723642551781,fa0452ab-849d-4ba6-a5d6-6b8dea989ba4,1532,,2560
{'n': 1110},76,1723642541292,696a6d65-44d8-41d3-8738-5adb31f89f9e,1273,,256
{'n': 4110},301,1723642555354,e795d7f6-f150-4fcc-9b5b-99d7ab4d9ce6,2012,,3008
{'n': 4610},263,1723642546018,84d1cb21-8686-4d52-a5c0-681ccaf957e6,2533,180,2816
{'n': 3810},306,1723642552564,6dc776d6-53db-4f9f-bba7-646950e796b1,1903,,2688
{'n': 4110},209,1723642542997,61975c6b-b3f0-4dce-b467-91e225209fb1,3000,176,768
{'n': 7310},152,1723642561693,fd5e7900-a347-4bc1-ab96-65dc806fe50e,3000,,384
{'n': 3810},330,1723642553905,33f02f15-4e59-426a-b7a2-93fbfe0415cb,1609,,3008
{'n': 410},65,1723642540744,5d887133-8fb6-4597-abd4-003e33c68edb,12,,2816
{'n': 4310},107,1723642551201,14754393-00bb-4ec0-bafd-ad5703b98850,3000,,256
{'n': 8110},429,1723642557959,15a060a0-b722-4c0e-a252-ecb933631607,3000,,2816
{'n': 9110},438,1723642561570,7693fe0a-b320-439b-9a33-6cbe2b051e56,3000,,2688
{'n': 1710},83,1723642543021,20e580a0-e553-483e-a492-5aaf44f79dd5,3000,149,128
{'n': 210},45,1723642539484,b6f29954-c373-4631-99ef-a0ea2bf1ac95,5,,896
{'n': 9710},90,1723642560319,a2a0a94b-83be-48c6-a526-4cd923db17a6,3000,,256
{'n': 6310},280,1723642550061,61dd3fe4-3711-4d72-8170-e05486a7b050,3000,,896
{'n': 8410},462,1723642559417,211ec3fe-3078-46a0-a0c5-797ec26570a0,3000,,2560
{'n': 6310},356,1723642553201,7801ab67-f3f3-4f90-889d-00200622dcff,3000,,2048
{'n': 7410},65,1723642561347,8382def3-cc55-4fd4-8a91-d41d929080e5,3000,,128
{'n': 9210},76,1723642568202,19665d3f-5a06-4c07-880b-c0ba2cb9600f,3000,,128
{'n': 3510},155,1723642549859,e492195b-31be-49fd-a29e-1d98ac06b6bf,3000,,384
{'n': 3410},199,1723642542979,cc6209b6-8dc6-4600-b9ba-1aa236d5e913,3000,182,1024
{'n': 1010},80,1723642540802,d87308ad-b0b9-4446-a08c-1f141eb08768,109,,2816
{'n': 2310},140,1723642543472,8b087c89-4533-45e5-a3ef-dc478f62c256,821,,2560
{'n': 6710},376,1723642553113,314417d9-a709-4c28-97e5-3153d75f4c36,3000,,2688
{'n': 1910},119,1723642541917,6e9e0876-e7c3-4dec-9f3a-55095a8e0210,530,,1920
{'n': 1410},92,1723642540887,909fc17c-b828-40b3-8763-4bd90ad82bbe,292,,1792
{'n': 8710},420,1723642562969,221f81d4-533f-4a3d-aa7f-be4a4790cbad,3000,,2944
{'n': 4010},233,1723642551023,9c1d4c82-384d-44bd-8f3e-32a24ec4d475,3000,,768
{'n': 7010},186,1723642550860,2acecb90-23d1-4eb0-92e5-49b3c53e699d,3000,,768
{'n': 7510},268,1723642561841,6cbeed6a-dcb8-404c-aea1-1de152124fd9,3000,,896
{'n': 7310},356,1723642555124,faba76a2-5895-4cc4-baa6-4a3425e76249,3000,,2688
{'n': 3910},226,1723642545585,6b1c8832-64c9-44bb-8d20-405fa457aa8c,2120,185,2048
{'n': 3210},209,1723642548485,c68dd314-3bc3-417e-9b8b-8afbd5315bc1,2960,,896
{'n': 7210},81,1723642561205,f62dcab6-3093-4f8a-8d0f-d33d674542d4,3000,,256
{'n': 9910},461,1723642564275,7fea9b36-796e-4738-89ed-5515f69ea1a0,3000,,2048
{'n': 8210},65,1723642564596,cd5b5387-f63d-4f8f-bfd2-09c93f78bd19,3000,,128
{'n': 7010},414,1723642563574,f32ab95a-947a-4bdd-97bc-bf61a7d19201,3000,,2560
{'n': 3910},98,1723642550594,7f13fdcd-511b-4ec5-8981-cf11cde9f393,3000,,256
{'n': 2410},279,1723642548159,05dc12a3-e0b9-4cba-828b-5150febc5f87,915,,2688
{'n': 3610},210,1723642545277,69b37582-716c-458f-b8ac-aaf35d657ef0,1902,148,2688
{'n': 5410},269,1723642553700,bca4b984-2819-49a1-8866-7d1ea49f0dda,3000,,1024
{'n': 510},55,1723642540243,a6a7c7a4-5b1a-496a-a195-cc882c05c6c9,23,,1920
{'n': 9210},152,1723642568248,967dad9a-77c7-410b-b532-3221433a3159,3000,,384
{'n': 4810},275,1723642554421,d4a95cfa-be30-4fa7-a85b-099665d36425,2457,,2560
{'n': 710},98,1723642541334,02ff5c3a-a096-43c9-9c63-37258714884c,41,,2048
{'n': 1910},119,1723642542849,27df96e4-9cbc-45eb-b868-7f1f35741204,647,,2816
{'n': 2910},210,1723642547805,30907982-b1e4-419e-83ed-12b78a66f4bb,2399,,896
{'n': 2610},140,1723642542987,7d2c743e-7ae3-477f-a62e-673699fee7dc,3000,189,384
{'n': 2610},277,1723642547220,9bb4fc25-eb8c-424b-a166-6d3105a73c3e,2437,,896
{'n': 9110},81,1723642567767,72083e33-85e5-48b8-b4b1-4023b51a1e63,3000,,256
{'n': 6610},440,1723642562650,e7418b9c-eab4-4cc8-a27c-5ffac21942dc,3000,,2048
{'n': 5210},114,1723642544317,97f29df9-f438-4a48-8529-a4d118502b9b,3000,,384
{'n': 5510},243,1723642553956,6af698a3-1105-4670-bd99-86f7096046af,3000,,768
{'n': 210},44,1723642539255,1782767b-ac53-4264-82fb-a06868233f11,10,187,2816
{'n': 2010},124,1723642543085,7c72f150-54ec-42a5-8b81-f3b951cd54a7,3000,187,384
{'n': 5010},239,1723642543318,1d940ab5-8c55-40eb-9f61-97b51ad438b5,3000,,768
{'n': 3710},312,1723642552363,f60097b8-450b-48ff-bd6a-0e2b2df16838,1868,,1792
{'n': 9910},463,1723642573841,32e03b93-8c5f-4ccb-9200-e9837fab93a5,3000,,2688
{'n': 2410},153,1723642542876,959cf529-7d11-44fa-88d4-58e9486ff6f9,815,,1920
{'n': 5010},285,1723642548649,03067135-db30-4cbe-8342-85decb431e3e,2587,,2944
{'n': 9210},443,1723642564947,01429863-a23e-4879-ae2b-1f663616318e,3000,,2944
{'n': 9910},462,1723642573825,e4eaea36-5570-4855-95cc-a1b9ed855ced,3000,,1920
{'n': 8710},420,1723642569507,009fc2dd-2421-4444-ad74-1c4da2fed0e7,3000,,2816
{'n': 8310},126,1723642556077,28d46d6f-7ab9-4e75-a96c-9b1b1681928c,3000,,384
{'n': 2910},174,1723642544951,6ec2b53a-6b4e-4331-b9de-d6115cefaefc,1242,,2944
{'n': 2510},151,1723642544498,631de098-a125-489d-b641-98717ef9970d,1036,183,2816
{'n': 7210},429,1723642564332,78ef32df-9da0-4a32-8873-990d79c65149,3000,,1792
{'n': 7010},411,1723642557028,9cef37f9-6e0e-4978-9c71-f35901f9d662,3000,,2944
{'n': 9410},448,1723642571761,e74c067e-f2df-4ad4-a458-90240efddec9,3000,,2048
{'n': 2710},162,1723642542408,24884b06-da17-45d4-868d-ccf2db1382fb,2503,187,896
{'n': 7510},443,1723642568068,b5dd16a3-eedf-46ce-9a1e-6d14967f99ac,3000,,3008
{'n': 9010},227,1723642558000,6c0384bc-bd4d-439d-8d7b-ef54a0c235d6,3000,,896
{'n': 6910},387,1723642553853,a7127cc9-c243-41b7-bc02-2cbe466a0487,3000,,2688
{'n': 6610},178,1723642550024,a3940724-9c34-468c-b05a-be9a6263b324,3000,,768
{'n': 9110},76,1723642558403,b67e6d19-0a64-463a-b8dd-705ef144637b,3000,,128
{'n': 1710},223,1723642544476,43aedef6-bccb-43a2-8ae6-57c3dbfc5538,1197,,896
{'n': 7410},276,1723642561392,e6eef679-6320-416d-9245-f6268805f431,3000,,896
{'n': 5910},333,1723642549576,d5133160-d135-4c37-9850-8025e8d370ba,3000,,1920
{'n': 5210},317,1723642549614,acc4ef65-21b4-4ed2-9f1c-333a3df758ed,2523,,2944
{'n': 5210},309,1723642547234,fd6f7293-03c9-492d-81e5-b7be86207ef5,2913,,1792
{'n': 1010},71,1723642540722,05e0054b-086e-4c6c-88fd-81916946341b,129,186,2048
{'n': 6110},356,1723642558414,313eb7ca-6268-4011-bbf4-d9357d405cab,3000,,2688
{'n': 5810},268,1723642555206,e12d5160-5940-470d-8073-018ec2051a9d,3000,,896
{'n': 1610},167,1723642544891,dae1dc83-4ff6-44ee-b8e1-5210999f72eb,339,,2048
{'n': 8010},429,1723642564357,a6b8bf36-fda0-4565-9b62-0816c075af75,3000,,1920
{'n': 1510},97,1723642541920,2ab8bc9a-f7bd-4bc3-ab46-a8f05e9fddd8,2043,182,384
{'n': 2210},135,1723642542260,27b7047e-8ac4-4839-a045-e73e78eea08a,2373,150,768
{'n': 8410},406,1723642568845,16e75539-36e4-48b4-81a7-90cf2807f84c,3000,,1920
{'n': 7710},374,1723642559785,a378ef27-0552-4d87-a334-c564243452b6,3000,,3008
{'n': 3910},214,1723642550588,b79cd490-1072-4eb3-959e-2b81f8e2b609,3000,,768
{'n': 2310},188,1723642546134,2deaf020-3ebb-4e4a-850e-ae556dca9880,1945,,768
{'n': 9010},435,1723642570742,cb896a82-528a-4cc1-b2b8-04ca37fc1a5a,3000,,2048
{'n': 9910},475,1723642564334,180a7005-1c3b-4027-abe2-a7f13de13f3b,3000,,2560
{'n': 1510},98,1723642541125,6ff4d3fb-30a9-4216-88f4-6c39649061d5,354,,1920
{'n': 1610},153,1723642544935,b337374b-9274-443b-ac69-17fb948e1479,335,,2560
{'n': 2710},242,1723642549616,ea005532-efad-464e-b0a9-60e8d770bd39,1068,,2560
{'n': 5310},334,1723642547349,cb3f2f8b-d532-4128-8e93-9f787ed8dc2a,2838,,1792
{'n': 3710},82,1723642543000,4b946e10-7741-4f04-9bf0-47f336ad7190,3000,188,256
{'n': 2110},242,1723642547273,542ce0f9-ed1d-4870-85a9-3bd125375f07,702,,2816
{'n': 9310},451,1723642571838,e376dfdb-a1cc-4dec-85a9-274d1c12143e,3000,,2816
{'n': 3210},188,1723642541780,96b420a6-b2c9-4fd8-a11c-c13921f2119f,1480,178,1792
{'n': 1710},172,1723642545242,be03e905-5c0e-47cc-adf1-9042c3fed295,414,,2560
{'n': 8510},116,1723642566027,cd03c618-473e-4ef6-b484-204456c31bfb,3000,,384
{'n': 4310},247,1723642553477,99ee5a7c-c001-460d-bcb0-8455a5410e20,2220,,1792
{'n': 8510},430,1723642559837,a790b301-5794-4eec-85da-ee3e0caaddf0,3000,,2048
{'n': 410},48,1723642540210,001c5b40-341d-4b85-b3ff-eb3a82eadd3a,22,183,1792
{'n': 2310},82,1723642547243,fc4605f4-0dc1-4493-b408-6dd6c57630e9,3000,,256
{'n': 310},81,1723642540500,9c1d3720-27d3-4af3-8b26-975d111f3d0b,8,,1024
{'n': 3210},76,1723642548303,ef19cccf-1c9a-4aa4-a573-746dc182aa8f,3000,,128
{'n': 6710},94,1723642549966,a7f82738-27dc-4766-ae87-9d4c9397518d,3000,,256
{'n': 4610},333,1723642552355,a0805528-fa23-404e-a636-32e429fe2721,2451,,2816
{'n': 4410},319,1723642553950,5c4467c5-6a41-4d56-9fc6-8b9984132c05,2179,,2816
{'n': 7310},440,1723642567862,8428052c-2907-43a3-a46b-4982c6ae897e,3000,,3008
{'n': 8810},425,1723642560859,b3017031-28ec-4cde-ba0a-20b227689408,3000,,2688
{'n': 1810},114,1723642540517,fe4d6959-b0a2-4882-88a1-dd05227cee76,957,,1024
{'n': 810},63,1723642540539,d28c3a87-048a-42ed-ac06-a1852dd05b11,65,,2816
{'n': 5810},440,1723642561360,94941978-1d47-4ca4-86e0-82bee830c105,3000,,3008
{'n': 4910},329,1723642554760,bd684f0e-d295-444b-87e2-96bb241cb0e5,2483,,2688
{'n': 5810},440,1723642561248,3a9a3ce1-50f4-4cea-9403-260cc9557c4a,3000,,2944
{'n': 3810},134,1723642550440,35307096-69d5-414b-84d1-a063d587ce84,3000,,384
{'n': 4810},275,1723642548530,43640fbf-7671-429e-ad8a-a11d076c4d30,2558,,3008
{'n': 3410},155,1723642543081,00ef1cbc-ff81-4c35-9979-e80557a040b9,3000,185,384
{'n': 8910},307,1723642557780,782ccbbb-b0e4-4bff-a21f-0c4090a29656,3000,,896
{'n': 8610},416,1723642560015,0737123e-4c19-4297-a91b-58e869b715ad,3000,,2560
{'n': 1710},108,1723642540976,79fad7ae-e561-45f4-8e3b-e3ad568f2d43,916,179,1024
{'n': 5510},343,1723642547691,43b93a7a-2b33-4fc4-a1eb-6feac55fecab,3000,,2816
{'n': 4710},83,1723642551926,37e41182-6295-4592-87c3-a0c6a28ccb19,3000,,256
{'n': 4510},325,1723642553533,01a498e8-a17a-44c8-8ce0-7ca37eaf3b07,2080,,2048
{'n': 3010},178,1723642545494,112a3c0a-09b5-4607-93ca-4c85992ac6fb,1239,,3008
{'n': 9410},66,1723642559089,7361aecb-e197-4475-a21e-6a2eca8910e7,3000,,128
{'n': 9510},457,1723642572005,bbc70bec-cce8-4d95-b38e-8cb72f2cee94,3000,,1920
{'n': 4110},237,1723642553490,ff08c7c0-c866-426e-87ea-bdc1924012c1,2125,,2816
{'n': 1510},97,1723642540863,04eef248-bfa4-498a-bdb0-f66e63f67670,971,184,768
{'n': 8910},448,1723642563961,98a77650-f971-4ba3-b04f-5aa65b4ed69c,3000,,2944
{'n': 8810},178,1723642567146,105050b2-4b36-4226-b380-68ad55ab692d,3000,,768
{'n': 9910},460,1723642567317,8dbc6e13-c5a4-4979-b24a-7c69e808d32e,3000,,3008
{'n': 2110},130,1723642543071,a3428d13-c3c9-455a-81ce-7f82b8e18897,742,,2688
{'n': 5310},82,1723642553539,10b6dde9-1673-419e-bc90-f2b72636b282,3000,,256
{'n': 8810},250,1723642557624,28ba594f-9775-4678-8283-cc0f4cc4d567,3000,,768
{'n': 8510},433,1723642569127,cf282523-410b-4ab1-9f0c-841ad9e1bf30,3000,,1792
{'n': 9510},70,1723642568802,93b3c310-250a-403c-8d5e-8fbcf2699231,3000,,128
{'n': 1810},114,1723642540797,873f3362-843f-4dab-ba3b-46d895c76814,1217,,896
{'n': 9910},461,1723642573830,52869949-3bc8-4414-8d4a-33bae796ff56,3000,,2560
{'n': 2510},65,1723642543066,190b363f-fbd0-459d-9bb0-ff06dcb07d50,3000,182,128
{'n': 7810},387,1723642559897,4a5b5e58-7b0a-4137-9f7e-327dcba92005,3000,,2944
{'n': 2510},151,1723642544446,f50df98f-6587-4f56-81ae-52c9c77573d9,890,156,3008
{'n': 2410},153,1723642543617,4dbc9a43-a8d1-4e3c-89ee-317ca2c0184a,918,,2560
{'n': 9310},450,1723642574895,c2abf959-49d9-497c-ad2a-af36c42181af,3000,,2944
{'n': 1810},221,1723642544464,8db70f74-2c2a-44af-90cd-1703f341fd5a,1346,,896
{'n': 4910},279,1723642546088,dd31af0a-2a63-494b-ab06-1232d3271a27,2647,177,2048
{'n': 7110},392,1723642563740,eab5ce5d-c4c5-4c7f-9c02-bfba235d18f2,3000,,1792
{'n': 1310},148,1723642544793,13937326-6f7e-460f-96b7-bb29655afa00,218,,3008
{'n': 6210},380,1723642553069,d3c3bd10-245b-494a-bef2-36dd044d815e,3000,,1792
{'n': 1210},81,1723642541752,13fc2bfe-ec3a-436c-9a01-ff13ef5433c5,1699,185,256
{'n': 110},49,1723642540140,9360526f-7bfb-436b-adb7-fb15cc51c695,2,,2688
{'n': 9310},448,1723642562313,9d6a91f4-e4c3-4488-986d-2c8c0dc339d4,3000,,2816
{'n': 6710},65,1723642559418,fc10caa9-b560-4e37-823a-f5f825f6c725,3000,,128
{'n': 710},57,1723642541329,cc5e720c-5909-4469-897b-f00e9ae32cab,45,,1920
{'n': 7210},131,1723642561219,e9e71629-c6de-4077-a852-54327ccfbb4d,3000,,384
{'n': 9910},66,1723642561090,664d83fa-0473-48b3-ac1f-7aa53a1b276f,3000,,128
{'n': 2210},135,1723642542298,947254a4-5c7a-4f70-b16c-9452c24d6cb6,743,,1792
{'n': 1010},71,1723642540207,c502fa5b-5ce5-448d-a851-59db25eb7b00,211,180,1024
{'n': 2410},70,1723642547428,9798ba6c-04d8-4912-89e2-b9aeaf1b009a,3000,,128
{'n': 6610},371,1723642565646,ff6e068e-2e87-437f-9384-2aa43d8fe05f,3000,,3008
{'n': 4010},237,1723642553144,536472e3-6bb4-48ce-9670-f29e3101f8f8,1964,,2816
{'n': 110},76,1723642540537,3c6ce906-5b6d-4a31-980e-1ecdc5c7b24c,3,,768
{'n': 4110},237,1723642551178,5d5933e8-7235-43df-83dc-e3ed08b61c9a,3000,,1024
{'n': 2510},151,1723642544410,64d9a37e-3750-4b6c-bf33-b2fd9b30fd74,1056,153,2560
{'n': 7810},420,1723642566443,bd29103f-a45c-485b-a48e-fadda7164c06,3000,,2048
{'n': 1610},263,1723642544498,a6b7e8f4-054a-4820-a0b5-965884a52bcd,338,,1792
{'n': 9110},144,1723642567851,11913f60-351f-47d0-969a-696e30b23258,3000,,384
{'n': 7010},416,1723642563404,69fba70d-b462-4176-910d-70a88b2dbcae,3000,,1792
{'n': 8910},442,1723642570459,fa596dd8-9570-4937-9ffd-8d5235f6cf7b,3000,,2560
{'n': 2010},242,1723642546340,8f8faa54-e4da-4736-b01f-574a3b46260d,572,,2560
{'n': 3310},194,1723642544477,b908daad-1102-4a21-9425-b096274b1285,1584,,1792
{'n': 4210},67,1723642551248,1bfb2832-3ed3-4b61-aae5-485a579c3c9a,3000,,128
{'n': 7810},366,1723642566419,8aba0188-46a2-4f4d-a2fd-d12e9e5fdf54,3000,,1920
{'n': 3210},188,1723642542765,86501042-283b-4bc2-892e-ddfcb1fb62f9,2648,180,1024
{'n': 7210},436,1723642564452,2a6f6b0b-3abd-4fa8-ac38-0658e59a8b5f,3000,,2048
{'n': 4410},253,1723642553742,9f35308e-a301-44b9-83f7-fc9b305adc08,1966,,2688
{'n': 3910},334,1723642552489,5feeb13c-5592-4607-b359-9cb01deb530c,1851,,1792
{'n': 2610},221,1723642549276,9fd4d38e-6501-4b74-a7fc-a6cb98a0ce93,944,,3008
{'n': 9910},460,1723642573664,6cf86fe7-15cb-4ffe-8418-240c0a0faf9c,3000,,1792
{'n': 4910},232,1723642552057,7cdda4e5-5461-4925-b210-082f04dbf1ff,3000,,768
{'n': 2110},130,1723642542566,f7cddcb4-d1df-4e3c-9e0e-05a7c121219a,686,,2048
{'n': 7710},374,1723642559753,48e63e43-dcfe-4900-9b67-58384b05132c,3000,,2944
{'n': 4710},65,1723642542999,701a05ea-8338-48e3-9194-d4e534e29650,3000,185,128
{'n': 7110},397,1723642554438,0ab9e9ef-db54-4bed-8753-e05cc930ec5c,3000,,2560
{'n': 5810},339,1723642558175,2da60e37-41fb-4271-82e3-008b78892947,2900,,1920
{'n': 810},76,1723642541600,b2c37e42-adba-45dd-8f12-c6aeaf65d9ba,247,,384
{'n': 1010},146,1723642542265,816fdeb3-f28f-417d-abd0-78f8efb3cf05,179,,896
{'n': 6210},349,1723642556149,b93139ac-6a38-44a6-9a80-708775149707,3000,,2944
{'n': 1710},116,1723642541501,832423d7-5d08-45f3-b750-637b9f80e3b1,467,,1792
{'n': 9710},459,1723642563573,968cfcb6-3d1c-45fb-b5a7-5893b401dbf5,3000,,2048
{'n': 6410},360,1723642553008,91bad22c-f1b3-43e5-a465-bbd7f61629bd,3000,,1792
{'n': 710},66,1723642540541,5a18d863-a909-4d18-9294-2dd17ffbed3d,39,,2688
{'n': 4310},296,1723642555636,9c2ce0a5-bd06-44bf-a5e9-32e8e821635b,2140,,3008
{'n': 3110},231,1723642548430,6d2e5593-536c-4dea-9944-855018d37437,2366,,1024
{'n': 310},49,1723642540100,234a1446-d16b-4287-b218-0a07114c93fe,9,,2048
{'n': 3710},215,1723642545275,f100168f-4ecb-44e3-bd39-92d5596bf652,1851,185,2048
{'n': 1010},71,1723642543478,1c98a10f-deb6-4285-a3f7-60e9b4f60981,1410,,128
{'n': 7110},392,1723642563762,facc389d-d1d8-47d1-b9ab-a6b1484fe60a,3000,,1920
{'n': 8710},291,1723642556915,258f1c57-b238-4e53-9e2e-bc943c583e96,3000,,896
{'n': 2510},274,1723642548742,bd168632-bbd8-4757-a380-e9080a231929,891,,2816
{'n': 4310},247,1723642553439,9c6f37bb-4cd7-4ddd-bc78-a161d7367a43,2013,,2816
{'n': 910},65,1723642540876,d83889c7-8651-4668-ab29-e002f77aadf9,100,184,2688
{'n': 710},60,1723642541798,f1d65d7c-37b2-4a18-b24f-c3bdd6d17320,688,,128
{'n': 310},49,1723642540179,cb923139-df0b-4279-931c-34aec79d8d3f,7,,2688
{'n': 4610},82,1723642543050,8630b7d5-c9ae-4db1-afdf-4ae604a978da,3000,,256
{'n': 2610},164,1723642544140,16178235-5d1f-4f03-a25d-a56200008679,957,,3008
{'n': 9610},455,1723642562586,38d6c68e-9729-4e4a-8de1-68a3d8ff463a,3000,,2560
{'n': 3410},65,1723642542973,74a8b941-9b1d-485d-9f14-3f8a86d920cf,3000,185,128
{'n': 3410},242,1723642551227,b2d72aae-5b47-4ede-9e7c-5c354a17f332,1559,,2560
{'n': 4210},242,1723642545377,88e3896b-1203-4762-800b-1268a60dce45,2056,178,1792
{'n': 510},87,1723642540742,345e6683-ac60-486e-87fa-05e8b0c9bb34,19,,1024
{'n': 9810},453,1723642563603,d14b187d-e100-4934-ba80-97155e9c99b8,3000,,2816
{'n': 7810},397,1723642556890,fe511216-968e-43eb-9fda-6ba14f66e951,3000,,1920
{'n': 4310},218,1723642542992,8383733f-efaa-47ef-94fa-c90cdf61f3b8,3000,186,768
{'n': 8310},66,1723642555826,ed7d7c5b-43bb-452d-ae00-1bb5afd51f9a,3000,,128
{'n': 8510},411,1723642559673,ac25cf05-7120-4afc-8ad7-c715603c0440,3000,,1792
{'n': 4610},263,1723642546356,fedd1b48-fcb8-477c-b9be-9aafc97e3187,2606,193,3008
{'n': 5510},88,1723642544460,4f11ef10-51a9-4de5-a9ee-89d7b1d95306,3000,,256
{'n': 8710},420,1723642569391,1d3dde30-f4ba-45e7-ba01-eef5ab7a6dbc,3000,,1920
{'n': 2710},162,1723642544310,12e2d216-1b5e-4e32-8618-986aad8e54ba,1668,148,1920
{'n': 6210},349,1723642553116,159fad6b-e50b-4362-86a0-aaaee12e2b92,3000,,1920
{'n': 8610},416,1723642569458,13d75ea1-8732-4d96-b2f1-650fb35b5555,3000,,2816
{'n': 1510},98,1723642545892,d1d8036e-db02-47c0-a027-1157ac866b20,2440,,384
{'n': 8310},414,1723642558907,6c861a36-0849-4e66-99ab-c1f8998016b9,3000,,1920
{'n': 7310},356,1723642558447,875ae31a-0f8c-421f-a4b9-ee8f01588df3,3000,179,3008
{'n': 2210},286,1723642546119,070e5f7d-04e2-43b0-8906-c4349674073a,1601,,1024
{'n': 4510},65,1723642551255,f9cf9db1-c027-43ef-9bb3-62e5cac72357,3000,,128
{'n': 6010},339,1723642559542,96d2629e-b5c1-4e35-a4f4-2da5d5e61004,3000,,1920
{'n': 6510},366,1723642562524,df72d201-88a6-4ceb-9449-967ea9c5732b,3000,,1792
{'n': 610},97,1723642541040,14c01d1d-12a4-431c-8867-05220dc3b66a,54,,768
{'n': 2110},130,1723642543090,586e2720-bdad-4170-86df-0f1108e28b65,3000,180,384
{'n': 5210},65,1723642553271,efed2e4f-0427-4aa0-a2fe-90a4437e142a,3000,,128
{'n': 810},130,1723642541474,2801225b-9f93-471c-9ff7-01235768d939,106,,1024
{'n': 8610},416,1723642563004,06207eef-3256-4f56-9120-203e800b2046,3000,,3008
{'n': 110},65,1723642540573,16dbb0ac-d9be-4499-b8d1-b2ebcdcc5f0d,3,,384
{'n': 6010},291,1723642556469,d30ba6d1-40ea-46c5-b2a3-4f7ce09773c8,3000,,1024
{'n': 4010},322,1723642554843,6ca5e25f-cf0c-4492-bb94-aa023729ea9e,1830,,2944
{'n': 9610},455,1723642565594,66804f5e-a1a8-4290-9662-4822cb1398fb,3000,,3008
{'n': 3710},343,1723642552392,564c0431-15a8-4e28-964e-4ec9f7873a1c,1747,,2816
{'n': 1810},199,1723642545196,b8d82cf6-ccaf-4254-9f61-c92961ef30df,458,,2048
{'n': 1910},199,1723642545798,498f95f0-ac10-4c51-899f-d27f5aa4fc6c,555,,2048
{'n': 7510},442,1723642565045,be55d482-b5a2-4872-943a-76e1fd2422f8,3000,,2560
{'n': 5010},285,1723642549181,0a4c189e-0960-4a14-9e55-6c59603cef27,2791,186,3008
{'n': 9510},253,1723642568826,71ff0a16-b5db-4cb5-a805-029906d9442f,3000,,768
{'n': 210},44,1723642538019,def603b3-becc-45b2-87d6-87b3c333fcf3,9,187,896
{'n': 3010},178,1723642544803,7d1b340c-09b9-4be9-8976-d9104828b43a,1350,176,2560
{'n': 1510},97,1723642541416,260e0250-ba2a-4e3e-932e-e728564e133c,346,,2560
{'n': 8910},358,1723642567255,ce2b4832-ce36-44b0-b3e4-14acd2879624,3000,,1024
{'n': 2410},121,1723642543073,163a3359-3221-4994-8ca4-b825e58af92b,3000,179,256
{'n': 4610},264,1723642552460,29388989-8f92-49d0-9df6-e257ef746662,2509,,2944
{'n': 2710},162,1723642544068,aaf1d54b-b6a4-441b-9e85-552afc270a22,1077,157,2048
{'n': 7410},181,1723642551939,a2f9b587-5069-46e9-bc57-6b7b24acdd4c,3000,,768
{'n': 510},71,1723642540805,1b778c4b-b293-4b79-8bfe-573f925ae6c5,102,,384
{'n': 5710},329,1723642548435,c957f38c-faf5-45e0-a2be-6f968bd824ae,3000,,2688
{'n': 2910},246,1723642547677,5cd26d6b-1b83-4abe-bc95-d9f4a3082ba4,2263,,1024
{'n': 2310},280,1723642546744,4fadee50-7d6b-4add-a025-a64d4199f348,845,,1920
{'n': 8910},403,1723642570389,f8dc44e7-a655-4b3e-b6f0-058c8e326d0a,3000,,1920
{'n': 7110},309,1723642551232,5d8d1019-2265-444d-bde0-2b9443fdd234,3000,,1024
{'n': 9610},204,1723642559330,ce5448c7-d333-439b-ac02-1d7bae9f7dba,3000,,768
{'n': 6910},387,1723642553754,ab7352c0-fa50-4084-8fa2-8954e1c793e0,3000,,1920
{'n': 6510},303,1723642559515,2d4aa3c6-206e-4e3b-bc6c-4cc96fe48ee4,3000,,1024
{'n': 3810},221,1723642545434,3bc54b26-bcec-472d-8d65-5c68fab8f07f,1935,187,1792
{'n': 9910},131,1723642570563,9e844b67-ace6-46fe-863a-5496f213f771,3000,,384
{'n': 4710},269,1723642545989,0dec964b-f594-4a6a-b1bc-d4858e2a1399,2534,179,2560
{'n': 8910},148,1723642567282,4f08a8e3-db1e-4f26-a8be-e5cb2de4f482,3000,,384
{'n': 2510},299,1723642547410,3021ca02-f04b-4837-b461-17d5c57225f2,917,,1792
{'n': 7010},392,1723642554082,a1e7f219-4a75-437d-82c2-83e3296531ec,3000,,2560
{'n': 2410},226,1723642546905,5c29e901-fbfb-46e3-933c-0a860c022ed6,842,,1792
{'n': 3810},221,1723642547156,613ff7bb-47ef-4603-bfb0-6e5993c11e32,1721,,3008
{'n': 9010},434,1723642564247,4349f477-5e6f-416a-a3b5-d70cf2d7f68b,3000,,3008
{'n': 8310},98,1723642562771,de4d25d7-31ce-48fe-a6f6-f43682dea1af,3000,,256
{'n': 5310},332,1723642547600,4c31b454-99fa-460d-b20d-9f5af07d6e2e,2952,,2688
{'n': 2010},132,1723642543141,9f6a36b4-0864-4ff9-94f1-c385178ab6cb,559,,2944
{'n': 4610},108,1723642549663,91c86727-9c76-49d2-a843-0a571ed33c87,3000,,256
{'n': 5010},303,1723642555196,43c569d8-4be0-4025-8a4f-3ac570762576,2559,,1920
{'n': 4210},233,1723642551194,c59bbadb-c77a-4002-980a-c7d33cf1932a,3000,,768
{'n': 110},53,1723642540783,cfab5736-0fd9-451b-ba81-a0515e5bf57e,3,,2688
{'n': 1810},114,1723642545898,879584f2-2cf0-4bea-bc37-cbe3ccdb65aa,540,186,2944
{'n': 8010},436,1723642557655,00534023-02bb-4699-af01-f17e7229b2c5,3000,,2048
{'n': 9410},90,1723642559095,9dccaecc-6c8c-4145-ba8d-81a28ef0831e,3000,,256
{'n': 7910},403,1723642566441,08f3fdee-2081-4514-97e3-20e945f80031,3000,,2816
{'n': 9710},457,1723642563476,150dce68-dbd0-44cb-b851-4ec26cbab485,3000,,1920
{'n': 2910},172,1723642542691,1f8617d3-411e-4f76-afa4-f3b2caa8f40d,2696,184,896
{'n': 6410},65,1723642549920,d0bba725-ffc0-4d98-9d41-ac9cdc310cf7,3000,,128
{'n': 910},135,1723642541785,788c2a96-6d00-441e-9153-501c5a34c94f,128,,1024
{'n': 6010},339,1723642559648,aece3258-7671-4588-bdd5-22498c0b809b,3000,,2560
{'n': 4810},274,1723642554492,d557a36e-0b61-4421-aabb-0ca84abe4044,2674,,1792
{'n': 4710},81,1723642543028,ce26c529-2a1f-40c3-8f1e-481bb6bbb71d,3000,184,256
{'n': 1110},76,1723642540322,30b6d67c-2c47-407a-b25e-aeb68eff7c19,348,,896
{'n': 1310},188,1723642543661,6afcf2bf-d44a-4a9b-a8ae-17eee96b494d,358,,1024
{'n': 2510},136,1723642543087,3300649e-b21b-4c14-9ad0-bc900a6111c9,3000,187,384
{'n': 6710},315,1723642549976,3d1eb94f-efa8-47e6-a33f-073a058b6908,3000,,896
{'n': 1110},76,1723642540377,5c867295-8c98-44e2-9295-9e4f9038e13a,179,189,1792
{'n': 7910},383,1723642566472,16a302b7-aa13-4bdb-aca9-1996f08c75b4,3000,,2048
{'n': 6910},134,1723642560076,4b641b41-9a1c-478d-b1b4-c1cf2f7915ea,3000,,384
{'n': 7610},398,1723642555725,7cfefed9-b265-4c7d-9204-3abea2107608,3000,,1792
{'n': 2110},131,1723642542279,c741a18c-35b7-48f0-8772-29d63a83776f,685,,1920
{'n': 3010},317,1723642550112,b82d6fb2-c0f6-456b-8d5e-9a604a039746,1195,,2688
{'n': 1610},242,1723642544230,c300b9fb-f907-4856-b1d0-6f929ef9d411,969,,1024
{'n': 3310},214,1723642550011,1dd9e2da-6b4f-43f9-a3f4-5b746ffe9501,3000,,896
{'n': 6510},98,1723642550000,325548dd-fea0-46e5-ae6d-0de46d6ffabf,3000,,384
{'n': 6010},308,1723642547024,b5143b10-5f2c-4804-b5eb-8ecb0cfb2673,3000,,1024
{'n': 5910},333,1723642549594,4fe87dbb-597e-4ca3-868d-d92084496043,3000,,1792
{'n': 7710},404,1723642556828,9ee2cd64-3698-418b-82f2-0b2b7b08ccaf,3000,,2688
{'n': 110},72,1723642540815,0d725f3d-9944-42ff-9dbb-fd202293f840,2,,2944
{'n': 110},61,1723642540578,bb0c4577-b69c-4c0c-b6b0-d2079a3abb74,3,,1792
{'n': 5410},387,1723642556916,30507597-fdea-41f9-9398-44814a71da77,3000,,2688
{'n': 2010},188,1723642544880,410e83cc-e82f-4964-842a-10a21f743e4f,1132,,1024
{'n': 7110},297,1723642560727,93c947d5-e221-4666-977a-70cc979a92e9,3000,,896
{'n': 6010},355,1723642559641,a3eb7ed4-b365-4a35-af5a-33cab4257a64,3000,,2688
{'n': 3710},247,1723642552401,6e3ff590-e6a9-4c23-b702-5881ae2ae0a2,1748,,1920
{'n': 8210},397,1723642567753,41fe8cbe-8e92-4be3-8d8f-ddedaf18f8dd,3000,,2816
{'n': 8010},144,1723642561436,5e16f4bd-522f-4bcb-9fd4-5fa376ad25a7,3000,,384
{'n': 3710},215,1723642542956,ee1396fd-4b00-4700-b3c0-3ec448f33586,3000,181,1024
{'n': 1210},91,1723642540678,f6b0aef7-0e2f-4a75-ae3d-1b6b9732de03,186,,1920
{'n': 2210},135,1723642543801,5a5f17cc-6da9-47c4-85fe-b15d57863eba,636,,2944
{'n': 9610},462,1723642575000,96388293-0a80-421f-9cd7-d27a69126e0e,3000,,2944
{'n': 6610},140,1723642550032,5ee3aebd-d412-48e8-bad9-733f8f958ba3,3000,,384
{'n': 4310},247,1723642545690,f2904cdc-a5e0-40d3-b068-a8d034378fa4,2276,184,2048
{'n': 1610},103,1723642543044,3136c1fa-e009-45f2-862d-ab14fa43335d,3000,183,256
{'n': 8310},402,1723642556072,892c3226-7d82-4293-855a-1d2ac7064c05,3000,,1792
{'n': 7710},392,1723642566286,dccc0a0a-a5fe-4c94-85ea-1da7088cea8f,3000,,1920
{'n': 6710},108,1723642549967,0a7e5564-4b27-4180-b1c9-ec8fb3aa0510,3000,,384
{'n': 8210},397,1723642558346,b59b044a-ea7b-452c-9159-2786bf47f9f2,3000,,2816
{'n': 4810},132,1723642551747,7af48ffc-9b48-4fc1-a98a-58d45d5ab5b7,3000,,384
{'n': 6910},420,1723642563272,60bcfebb-706c-449b-9521-3904f75ebf48,3000,,2688
{'n': 8210},438,1723642567797,8f16542d-e32d-4384-beba-fe94858a3396,3000,,2688
{'n': 9810},462,1723642566560,66b57f33-8441-411b-88a7-0ba731697711,3000,,2944
{'n': 9110},274,1723642567838,d70dfb4f-3a3f-4428-8d78-4cec4f8f745c,3000,,896
{'n': 7910},178,1723642563224,a75068ff-13bd-47c4-ae3e-0c8d000949e5,3000,,768
{'n': 6310},365,1723642562720,a87ff2ca-b81f-4eaa-b830-59412839a09c,3000,,2048
{'n': 4510},81,1723642543045,cfb43e0b-7554-4d74-847d-372bf773ada4,3000,186,256
{'n': 1310},102,1723642541501,e2f35a5e-d858-45fe-9853-480614aad320,224,,3008
{'n': 4810},274,1723642546208,5376e036-4327-466c-8532-5e5cee1717ca,2657,183,2688
{'n': 2710},237,1723642550250,0f57566b-2690-407e-bc54-4119aa6afb99,1074,,3008
{'n': 1410},92,1723642541502,6d2b9847-755a-456f-871f-d9d98f7d3a96,255,,2944
{'n': 7910},82,1723642563258,77a0d858-b81c-4283-b925-e2cd5be30ee2,3000,,256
{'n': 910},119,1723642541981,d4d38e53-4581-4e82-9dec-bdc3ee713cdb,59,,1920
{'n': 2310},150,1723642543902,8bc37b60-d32f-43c4-9118-c636767252bb,827,,2816
{'n': 2410},146,1723642544147,33a1c902-e855-4e43-9c3c-b2e1ecd87769,952,186,3008
{'n': 3610},134,1723642543080,6cceff78-a9f5-417c-9777-faf755678b66,3000,185,384
{'n': 7810},420,1723642566454,2fab2ae3-5238-4970-b4b8-e7de76c32183,3000,,2688
{'n': 1110},172,1723642543074,c3748d9e-12fb-4d68-a428-f15ae5515162,240,,896
{'n': 2710},162,1723642542144,1fe14de1-2349-4b9e-962e-4ba15a3b95cf,2189,183,1024
{'n': 7510},148,1723642561824,2196ee3e-6805-4701-b6c3-8c36d1a3bde0,3000,,384
{'n': 5510},133,1723642553934,4f253938-0b2d-410d-b246-1117557dc90f,3000,,384
{'n': 8510},65,1723642556587,198be547-6cbb-4834-b07b-022a404ee6ee,3000,,128
{'n': 1210},81,1723642541152,6e457d15-062c-4a29-a768-8b68445f4fb1,166,,2944
{'n': 6610},370,1723642562678,1299eb18-ed07-459f-b17e-dc2fe2aa3deb,3000,,2688
{'n': 2810},279,1723642549409,361b46de-9e1c-41e9-a64e-33be02c1cb6c,1145,,2688
{'n': 9210},89,1723642568168,a125ebbe-f5e0-4e07-8970-4e6d7ce7b079,3000,,256
{'n': 7710},374,1723642566304,35904f56-cdb7-4a4d-92bf-88fac9788fbb,3000,,2816
{'n': 3110},151,1723642543074,e26a06ea-9b52-49c3-b4d8-f4ef079437bb,3000,181,384
{'n': 9610},453,1723642572061,ce38a690-570f-4dbe-80d4-48f591685dee,3000,,2048
{'n': 5810},328,1723642548890,35bb2cc7-6db7-4436-a24e-7f65762ff32d,3000,,2048
{'n': 510},92,1723642540969,b6ba0eda-00f5-4c82-840b-d31b80265412,18,,1920
{'n': 10},50,1723642540698,14d00d39-673a-43d8-b431-a44434f49215,2,,256
{'n': 4010},204,1723642543020,80538a81-70f7-48e4-a902-038d3b6b6c75,3000,184,896
{'n': 110},50,1723642540539,68a1dfdd-00be-4c0e-8099-1f0c7fc97ddf,34,,128
{'n': 5410},98,1723642553694,6cca5cdf-d6d3-4e6f-965d-5818f020f32c,3000,,256
{'n': 5010},84,1723642543298,6bb438f9-5f33-4f89-bcdf-c2a407681178,3000,,256
{'n': 4810},233,1723642543067,6eca8271-6d10-48fb-bcb3-81849722e744,3000,178,768
{'n': 6010},339,1723642550203,5395666b-6e65-4f41-828e-02587b89af61,3000,,2816
{'n': 310},49,1723642540265,018fb23e-a078-496a-8435-f004b827496f,7,,3008
{'n': 4710},237,1723642542968,d3f12b1d-e1d5-4b1e-b4cc-62b35417a810,3000,161,896
{'n': 3810},82,1723642543129,f4f9eb40-2f69-4c6c-80ac-f34ea9d02047,3000,182,256
{'n': 4710},269,1723642545539,ccf69e9e-5399-4df0-b1eb-5098f7aa7fa1,2510,,1792
{'n': 7610},370,1723642558958,8770899d-263d-4903-8da1-cc73d63d356b,3000,,3008
{'n': 1410},92,1723642541064,67309fec-7bd4-4dfc-b675-cc06aec754da,292,,2048
{'n': 8610},416,1723642559888,47c65236-f72b-4081-ad47-808340ddb5d2,3000,,1792
{'n': 5610},294,1723642544836,0f004758-dce5-4616-949c-6a933278a98c,3000,,1024
{'n': 6810},288,1723642550004,1c0c649e-ca2e-4468-bfff-641364ac3b78,3000,,896
{'n': 1510},97,1723642540563,37eb2910-dc6a-44fb-942d-e62cd675c80f,682,183,1024
{'n': 310},46,1723642540107,4925ba7b-d6cb-444f-a388-d2b52194578d,163,175,128
{'n': 1310},162,1723642544483,41f11099-5700-4c9b-8cba-a8be8b99b9f4,206,,2688
{'n': 3910},107,1723642543022,6c4f63f2-b34e-4c27-a887-9783963edbdf,3000,189,384
{'n': 4610},65,1723642543234,11bcf864-7c2b-4076-b5b2-42d37243d128,3000,183,128
{'n': 7310},383,1723642564786,bddbb1b3-54af-43f0-9087-774b0f6078b7,3000,,1920
{'n': 9310},65,1723642568577,2d48e14d-8ed1-4b1a-9bc4-69987bbc7de6,3000,,128
{'n': 6710},388,1723642565704,6f16f19b-ed6e-4882-90b7-ae6d129d955d,3000,,3008
{'n': 410},48,1723642540050,b8ba3f81-42e7-4b3b-a8b4-419c1127f384,127,183,256
{'n': 7310},366,1723642555124,129a93eb-84dd-479d-891f-8fa1b4dbb468,3000,,2816
{'n': 1910},119,1723642541550,652ff01d-9e48-42b0-b5c2-3bab3b1cd3cc,1547,185,768
{'n': 2310},140,1723642543542,339cc031-c8e8-4f35-9aee-757f25c23924,754,,2688
{'n': 710},57,1723642540785,463b7722-8de5-45f5-8046-590cf07cebc5,59,184,3008
{'n': 9110},89,1723642558365,c16d11ad-3c7e-45a6-a698-5e5660fb1751,3000,,256
{'n': 5410},388,1723642556862,6f88fa86-0e0d-4568-a29a-7e7f23f16e27,2984,,2816
{'n': 5810},89,1723642555146,04b10a6d-7bff-4665-92d0-f8bbb1d01abd,3000,,256
{'n': 1110},188,1723642543065,47b8d211-2eca-4434-8655-78797935061f,231,,1024
{'n': 9010},434,1723642570589,47f3d2e6-0f80-4e5b-bfa8-390ed1ece2cb,3000,,1792
{'n': 8510},260,1723642556656,ed162491-4db4-4bcf-a512-7f022d359dfe,3000,,896
{'n': 8610},140,1723642556858,c97eceff-6d1f-40ed-92b7-417433c5d191,3000,,384
{'n': 4710},269,1723642556913,da634327-0c6e-4cbb-b5b5-7acc377794b0,2448,,3008
{'n': 6910},305,1723642550693,d8df2c9d-e4a8-41a9-bb78-b5385d2bf8a2,3000,,1024
{'n': 4210},97,1723642543063,eaa8c02a-ab7d-448a-8dcb-13f66de58bee,3000,183,384
{'n': 3410},199,1723642546307,15824d98-b550-4cb8-aec2-42a918f3d220,1526,,2944
{'n': 2110},139,1723642543439,59aa3dd5-ce57-4d57-8411-7b5843f4fe62,668,,2944
{'n': 2210},122,1723642547535,443da742-6af3-4752-af21-04f4db5f08e7,3000,,384
{'n': 6810},306,1723642549996,9dd4b49d-7410-4e84-94f0-4a5d6a137d4d,3000,,1024
{'n': 9610},87,1723642568816,05f04328-916a-4383-ba91-babf15ee9193,3000,,128
{'n': 6410},406,1723642565496,52268970-7285-4ed1-bcaf-7308196b000c,3000,,2944
{'n': 3910},246,1723642550601,bb1a1d83-9e9f-47b7-87b3-aa432691a1a8,3000,,896
{'n': 910},65,1723642542118,330a8f8b-d5d4-4964-9d9b-ff5d25569b97,75,,2688
{'n': 2610},226,1723642547870,8ea697e6-3fb0-4d69-821b-a2f0b76a5ba1,948,,1792
{'n': 4310},247,1723642545779,5e4c363d-a0c4-4f68-a12f-0720bc6a6761,2293,187,2816
{'n': 5710},327,1723642554565,f0c2e85d-5282-4c3c-a77e-5ab857760049,3000,,1024
{'n': 4510},258,1723642545663,6a9b0948-f152-4100-8c22-aff769e1788a,2262,161,1920
{'n': 3010},66,1723642543142,6d1ebaa5-70c8-4bd0-89f3-1fa8a6651599,3000,180,128
{'n': 4310},263,1723642553259,323f892c-8b21-4861-b076-a455e6f8af03,1897,,2048
{'n': 610},53,1723642540254,624bb73c-255b-446b-8adb-68768707cd89,38,,1792
{'n': 9810},461,1723642573081,673cb008-7797-4cf1-bbd4-26ae8f908a85,3000,,2560
{'n': 1610},103,1723642540998,b3179033-6e78-41c4-91e0-4f94802d30ca,997,188,896
{'n': 210},45,1723642539733,3fb3a78a-a30d-4146-9878-0201432a86f7,5,,2560
{'n': 3810},221,1723642545513,4c645e02-c12a-4732-b11e-cdb89a9e18b3,1994,186,2048
{'n': 3810},253,1723642552419,544d5336-a8d3-4de9-a384-eac45499a26e,1764,,2816
{'n': 6610},306,1723642550026,ce100b0f-069e-492b-84d5-8be29482e872,3000,,896
{'n': 9610},282,1723642568840,32878312-bb70-4be8-aea3-4c13ec61d3b6,3000,,768
{'n': 910},103,1723642542169,5f078f9d-fd7c-45ab-9de6-1e3d99d7db35,60,,2944
{'n': 2410},65,1723642543034,c2687924-1043-4fb0-8110-2b9590574dc1,3000,188,128
{'n': 7410},366,1723642555032,48e97a15-528c-4153-a349-f0b6ec30575f,3000,,1920
{'n': 410},48,1723642540614,bda79bf9-d48e-4364-a434-6c41a0edafd2,171,,128
{'n': 5210},280,1723642544319,71ceb5fb-3a9a-46c5-9437-f021f202b77b,3000,,1024
{'n': 4810},289,1723642554425,9e25855a-052c-4794-b9cc-528d0949aa7a,2460,,2048
{'n': 5310},315,1723642547561,18527762-80b6-472c-9e8a-0a31f3096d5f,2999,,2048
{'n': 4510},83,1723642551288,a0b03d5f-2c3b-46ea-9325-602fedf3a1f9,3000,,256
{'n': 3410},199,1723642549563,20d5e6a2-33aa-47aa-9565-dafbce2b0a3e,3000,,768
{'n': 2010},124,1723642542849,36e8ee56-1436-4245-aba1-36eb730b2ae5,657,,2688
{'n': 1410},153,1723642544584,7dbd5c2e-4222-49ed-a5eb-06e642cb54c3,267,,2560
{'n': 5810},328,1723642548931,6f44dc63-a014-4a1e-9a4a-3accd40903c2,3000,,2688
{'n': 810},92,1723642541742,ba982f60-2fcc-4741-b311-287ea4be2141,51,,2816
{'n': 5310},301,1723642556270,4a1d6df1-b28d-4add-9828-555c6165b872,2519,,2688
{'n': 710},57,1723642540467,b7f69067-2ae6-4ba7-a8b5-d0e368662a57,441,190,256
{'n': 4110},237,1723642545604,ff09222c-10fc-4171-b6e9-d8c82cce33fa,2253,189,1792
{'n': 9110},438,1723642573934,2cea4747-db76-4b3d-927b-1f7a13791a52,3000,,2944
{'n': 4110},97,1723642551118,ea660401-c686-401a-af35-d3bc8de6dead,3000,,384
{'n': 8210},81,1723642564564,f9ff2e3f-0d0e-4a86-9b29-7cc3bb58ae25,3000,,256
{'n': 9610},455,1723642562444,c488924f-d926-4f1c-9ef0-58aecdaa28e8,3000,,1792
{'n': 8810},425,1723642570362,ee59e169-da8d-41cf-872a-b9ef9589cb9c,3000,,2816
{'n': 9310},97,1723642568565,e5831c1f-1f59-4a72-b061-53bcec376f42,3000,,384
{'n': 4910},246,1723642543041,e83dcc51-a041-4b20-8b64-95456dca2a95,3000,159,1024
{'n': 110},44,1723642540064,52372fe7-8c78-4ffe-b7e0-6ca55a3b8b5d,22,182,384
{'n': 9210},317,1723642568234,6fea8142-58b4-4c4d-9391-d1e11196e91d,3000,,1024
{'n': 7710},374,1723642556670,df1c720c-cbd6-49fc-aed3-7d9fa5f70507,3000,,1792
{'n': 3310},82,1723642542902,0463ba34-da78-4f3b-a52e-c8b4f7102bbd,3000,182,256
{'n': 1010},71,1723642540228,708b9094-1430-4449-b31d-e649b9b13ded,245,158,896
{'n': 6210},350,1723642553206,67cc2b85-a12a-45ad-82e8-76942428cab2,3000,,2560
{'n': 4010},231,1723642545528,892d83f5-c7eb-498a-8166-da1592b0d697,2090,186,2048
{'n': 1410},148,1723642545455,fa946fd5-1038-412a-81f4-8b5e64d2a19e,2229,,384
{'n': 7410},98,1723642551879,f5292481-a414-4e04-80ce-3f5ec1f5a039,3000,,256
{'n': 7410},150,1723642561333,27cd80b0-5c0c-4b4d-9081-72367351cd52,3000,,384
{'n': 6810},214,1723642559447,cdbb6a78-c965-4bb7-b83a-0454b4195290,3000,,768
{'n': 4410},253,1723642555965,3a0924f2-b51b-494d-a390-f11d78941466,2166,,2944
{'n': 7410},425,1723642564430,eb1eba16-66d0-402c-bce2-8ef285caa7de,3000,,1792
{'n': 1710},108,1723642546311,26c640f4-3224-4b82-9bce-0ca47aa0c611,3000,,384
{'n': 1010},108,1723642542452,38746385-d802-44c3-9e92-2db8726ec6a4,81,,2048
{'n': 9410},451,1723642562338,ce2c4a04-83ee-4518-8c92-90d59419f01b,3000,,2816
{'n': 1510},99,1723642541778,9a0cac53-cd72-4bc5-89f9-3e45ae52407a,276,,3008
{'n': 2910},322,1723642549506,b92e2610-e52b-4084-a5bf-a5dd8f507c94,1037,,2048
{'n': 2410},147,1723642543346,b69a6bae-6e39-441b-92d8-d35c14cdf0d6,922,,2048
{'n': 6510},401,1723642553121,53d03412-9bea-422d-bb57-9b4f1babf2ef,3000,,1792
{'n': 2510},151,1723642543861,776e0299-a5f7-4ebd-b9c5-54d144a3a78b,686,,2688
{'n': 510},50,1723642540205,75cbb45d-550e-4738-a056-e63d9f2f59d1,135,193,384
{'n': 1010},73,1723642540583,61fb5f6a-56b9-4a6d-86a8-efb000915362,93,,2560
{'n': 8410},450,1723642571796,b1193497-f160-4d01-8b97-0d68c79fad8f,3000,,2944
{'n': 5510},312,1723642550422,5ed99264-9ba4-4561-9c8b-6a48aaabee10,2950,,2944
{'n': 6410},282,1723642549987,67a9bf0d-1be0-4b59-b92a-29fd021126ef,3000,,768
{'n': 1110},76,1723642540901,cdf22c47-4ff5-4398-91e3-1c21397d9bab,177,188,2560
{'n': 4710},98,1723642543079,0dfbe3c3-f112-426f-83cb-1c3e6fc04f0e,3000,187,384
{'n': 8410},447,1723642571883,e09208dd-1bc7-4e64-88d6-55ab69417009,3000,,3008
{'n': 3010},178,1723642543087,e83ac53f-3504-4f7c-bcba-e06e7bf920ea,3000,178,768
{'n': 4210},118,1723642551189,317822cc-95a5-4692-8156-d9df2046fdd9,3000,,256
{'n': 9410},261,1723642559110,79d8af96-aefb-4f86-bc57-5cdf626f9a60,3000,,896
{'n': 1510},188,1723642545526,22f49d40-5d7a-4c38-a5ba-41f85ca8c5b5,302,,2944
{'n': 210},44,1723642538991,39d2afc7-def5-491c-b2be-becb93c43f45,8,158,2688
{'n': 8010},65,1723642554438,c33fb678-cbd9-4cc0-9b01-17bb0bde5365,3000,,128
{'n': 9810},328,1723642569892,8605eca1-cee1-4868-a9b6-3161d9c0ace5,3000,,1024
{'n': 810},119,1723642541614,ef6101d6-293c-4d20-b160-a0386df6f8a0,50,,1920
{'n': 9910},464,1723642564341,8ba339ae-b94a-43ec-b796-a903daa4be32,3000,,2816
{'n': 3310},194,1723642546720,2406df46-e773-496a-8645-86cfb3b1ac7d,2210,,3008
{'n': 8510},264,1723642556655,bceca03d-b2c1-4255-b193-17d35f5d3d6d,3000,,1024
{'n': 8710},420,1723642560071,6a7d95fd-9dcd-4648-a7ac-b054a9382c15,3000,,2048
{'n': 5110},278,1723642544281,0c04b80f-fe20-4c54-a165-2ae2948eb5c8,3000,,1024
{'n': 5710},322,1723642548242,3a49d6ac-f977-4cb6-b02d-d6befe463fb7,2849,,2048
{'n': 9410},446,1723642565303,23e1427d-88e1-45cd-b7a1-36645d5f684f,3000,,3008
{'n': 8910},443,1723642570466,974e7e90-2721-436a-8b74-d5169942004e,3000,,2816
{'n': 6010},65,1723642546953,ef1d6ea9-6378-4387-bf0b-de16e03ff9e7,3000,,128
{'n': 2810},98,1723642542620,88abe6a0-4e73-4540-ac24-456531d4a06f,3000,,256
{'n': 1410},162,1723642543861,8d64b818-f325-4434-9d0f-d5370ea1e79a,653,,768
{'n': 6910},191,1723642550673,eddd4428-8aa4-4cad-89cf-dbdce13c164b,3000,,768
{'n': 4110},97,1723642543086,f85943ed-3526-416d-a6ad-fca78f24614f,3000,189,384
{'n': 5710},98,1723642554514,9cae196d-cc31-4f18-9d40-6beb3203c616,3000,,256
{'n': 3910},226,1723642545325,b44c7946-15c4-4b10-a05f-bc57f5f36911,2004,184,1920
{'n': 5310},99,1723642544436,e8fcfa7e-ac31-4e5f-ba41-043643f42f82,3000,,256
{'n': 6810},387,1723642562604,128dd54b-db1f-4e2b-a742-c3587d490c5f,3000,,1920
{'n': 1710},108,1723642541233,0151e1ce-d9b4-489a-9379-3676180b0f8e,1228,185,768
{'n': 3310},196,1723642544431,0b0e6e95-cfd7-4cc8-a081-bf53a5125619,1382,,2560
{'n': 9110},439,1723642570849,0b5dc3e5-c183-4d56-bf16-a8a2fd859ca0,3000,,1792
{'n': 1410},214,1723642544079,a790b298-2a00-4219-adc6-2a4bef91eb6e,853,,896
{'n': 8610},90,1723642556838,ba19628d-d141-43cf-a7e3-29c3779239f2,3000,,256
{'n': 5310},301,1723642547588,d8756d30-4b5d-40cb-95b4-b609c89a6ab5,2926,,2560
{'n': 2410},98,1723642547435,8c860008-527f-46f2-8f21-50349678f544,3000,,256
{'n': 8810},82,1723642567073,56d72765-848c-412e-8d61-7df1c5ec8cf0,3000,,256
{'n': 2610},65,1723642542990,9167ef08-6db0-43d5-9d85-c2e76faf55e5,3000,181,128
{'n': 5710},250,1723642554544,91072577-16af-46a5-b894-ffb499146619,3000,,768
{'n': 5110},82,1723642553155,b4bd47b8-c9ee-4598-9ae1-108070b9f707,3000,,256
{'n': 2910},96,1723642548435,bc8bc633-ad71-4992-bcb1-276830e0770c,3000,,256
{'n': 5410},333,1723642556677,070674a4-9e53-43aa-868d-e06212cf2f39,2898,,1792
{'n': 2610},319,1723642548936,7437bd7d-eefd-40e0-953e-fd89b3e59df3,1129,,2560
{'n': 6510},259,1723642549980,0a275cc0-94d6-4691-9ca1-bef8c24095fa,3000,,768
{'n': 10},43,1723642540088,9b7ad7d7-78ef-4803-8639-1aa9c05e0b94,6,186,384
{'n': 7110},244,1723642551256,a50cae7d-bfa3-4201-b7df-19fc662b85f7,3000,,896
{'n': 8910},440,1723642573394,311f9fe5-305f-4d29-a023-236da9b15384,3000,,2944
{'n': 9010},434,1723642561122,32a4a7d5-5329-404a-aa7b-ba1e69b5697f,3000,,1792
{'n': 1110},131,1723642543714,c7855311-4a49-4914-a888-ccff0e3a1d12,116,,3008
{'n': 9310},270,1723642559092,eb098724-6ab4-4939-a8c9-6935d5aee812,3000,,896
{'n': 6810},291,1723642559465,5b01edb5-3258-4018-adc8-27ef9b9e1295,3000,,896
{'n': 9710},306,1723642560363,cff8b8ca-1bf1-4b1c-9d01-52b105c12003,3000,,896
{'n': 4010},233,1723642547371,49f69044-93e6-4be0-815d-24eb0d2acdeb,1994,,2944
{'n': 7410},81,1723642561384,c4a3b084-5351-47d3-a58d-7f0d96b9e114,3000,,256
{'n': 3810},221,1723642545470,8387682e-fdab-49ca-953c-ae611eed755f,1917,178,2688
{'n': 1010},132,1723642542625,68260053-749b-4a2f-989e-4b49f84ed02d,93,,2560
{'n': 7710},374,1723642566266,2b3341be-1014-4f13-a5c7-c463f0a4483e,3000,,2560
{'n': 3510},323,1723642551629,1ee64539-7d67-437c-a3b7-175c32c102bd,1619,,2560
{'n': 3810},221,1723642547208,6ad3aad0-c245-4cc9-a834-6d0586bd1321,1850,,2944
{'n': 7710},420,1723642566149,375bb66b-c8e8-4129-894f-f3d37837a7a8,3000,,1792
{'n': 2210},144,1723642543010,bb4e0b83-c9ed-4b52-8c99-167a01f59c94,660,,2560
{'n': 3010},178,1723642544808,733cb2aa-b99c-431c-ac99-4fd0e87453fd,1285,176,2688
{'n': 210},45,1723642539761,57c40781-5145-4ae3-a732-be65894ffc3a,5,,2688
{'n': 6910},420,1723642563251,4eedf7c0-9f35-4073-bfa5-07350c5e3e17,3000,,2560
{'n': 610},53,1723642541290,22f1814b-4f8e-455b-a50f-6c00cb2b851a,33,,2944
{'n': 3010},279,1723642550102,747de2ed-33e7-451c-869c-e19af2eb3f04,1183,,2560
{'n': 9410},452,1723642562337,d250ffe2-002e-43fa-a3e7-9c7b412803b3,3000,,2688
{'n': 3010},98,1723642548763,9402c34f-2477-4bd6-95e2-66c7a58d2dfa,3000,,256
{'n': 5910},356,1723642549730,928b933f-4643-4863-9517-7ef2f394aa87,3000,,2688
{'n': 2110},226,1723642546025,c1e73ac8-c48f-4254-a812-09abca73ecd7,660,,1792
{'n': 8010},389,1723642557736,e30f6b5a-277c-44ad-b768-4ab8bdfb6fe6,3000,,2688
{'n': 1310},263,1723642543943,bbd44e6b-d718-4bd4-8c1f-a811336c925f,227,,1792
{'n': 4410},253,1723642545754,6c2f4e92-93ed-4238-87ca-1ecfe374469c,2327,180,1920
{'n': 610},54,1723642540468,d911bbb0-1517-467d-824a-b79ad11e6f18,36,,2816
{'n': 10},43,1723642540063,6abe3fd6-f486-4a2f-85a4-6efbd84b98c1,29,179,128
{'n': 2510},151,1723642543626,a14c62a8-a71e-4645-ac8b-b65037d73435,978,,2048
{'n': 9110},274,1723642558382,4fbf2c2a-b84a-4c42-a9bb-ce48364013a0,3000,,896
{'n': 8910},67,1723642567291,fd20ab54-ebd1-4789-ba2d-010ede1698fa,3000,,128
{'n': 8810},425,1723642560823,de37388b-cf44-4293-b1b4-80a18edfcf13,3000,,1792
{'n': 9510},448,1723642572022,b5e3b8b1-3f79-4009-a41b-32bd03c41e10,3000,,2048
{'n': 5310},73,1723642544495,202745c2-833c-436f-8aa0-3a9740eb5cce,3000,,128
{'n': 4110},237,1723642553445,50b9bd95-35d7-48c1-9a74-79782835ff22,2077,,2688
{'n': 5310},152,1723642553560,35601ce4-2bc7-45ff-8143-23ac7f2a0749,3000,,384
{'n': 6510},365,1723642565608,d6ad541b-ddda-424d-912d-d72f4aa62d32,3000,,2944
{'n': 4510},97,1723642551303,60efc9fe-dcc5-4990-8128-85ac244574b4,3000,,384
{'n': 6210},253,1723642559450,b996280e-5eed-4de2-ad37-595c464d556a,3000,,768
{'n': 6010},264,1723642547009,1ef74510-4278-4358-bfdc-b866ba7620ad,3000,,768
{'n': 5510},73,1723642553937,3501c8d2-5cda-4e26-b6cd-01efdab9fd51,3000,,128
{'n': 6010},339,1723642550202,b2455362-c4ef-4af2-8331-2d2928fd3607,3000,,2048
{'n': 5910},108,1723642546522,3a1ae73b-e6ee-4bf3-b7b7-94d3ebf950d2,3000,,256
{'n': 710},57,1723642540173,4947cbe9-ac3b-4c6a-a8ac-545b62ffc267,139,189,768
{'n': 2110},131,1723642543374,f9dcad41-a5ea-4cfd-b712-64ce0460dc23,731,,2816
{'n': 4110},237,1723642553284,8620d58e-9a35-48bc-897f-cf6c5b1d13cf,2053,,1920
{'n': 7410},425,1723642564581,6e9e1f4c-3cab-42f3-a976-8d8151a769e7,3000,,2688
{'n': 5810},257,1723642545731,01ffc1c0-63a7-495f-974b-28105e884421,3000,,768
{'n': 7010},65,1723642560328,92abc633-77b4-46fc-9dcb-7bda47c481c9,3000,,128
{'n': 9810},256,1723642569885,b0961877-266f-4d2f-a298-add34018293e,3000,,768
{'n': 8010},65,1723642561453,09496d0e-a50e-4ce4-aa25-e4df06d098a9,3000,,128
{'n': 1410},92,1723642540716,8a31bb67-9996-4ef1-bf04-0ce0d4ff6120,770,179,768
{'n': 510},51,1723642540435,fe6d6999-49a2-4bdc-a199-9e68eedf65b0,19,,2688
{'n': 1310},87,1723642540583,bd68148d-8e27-46f9-a882-5e2e1c2e00d4,507,185,1024
{'n': 5210},296,1723642556290,e3a7facb-eda2-43b6-857e-34d43fe9838a,2805,,2688
{'n': 7710},82,1723642553585,cf508db1-acef-4a28-94bf-dcc1f7ec7569,3000,,256
{'n': 2710},65,1723642548487,68ef7f7a-b52c-426d-86e4-ff7e396822e7,3000,,128
{'n': 7410},233,1723642551942,11faf7c9-484c-4dba-97e8-b20f80b92b39,3000,,896
{'n': 9010},65,1723642558018,f0d5686b-97d3-4a5e-b966-c7f4775135db,3000,,128
{'n': 5710},323,1723642557560,bdb40755-91bd-4297-beb3-ddd9c4d195af,3000,,1792
{'n': 6910},65,1723642560023,23ddbc0f-2b2f-489d-93bd-67e3a6885f8f,3000,,128
{'n': 4910},246,1723642543047,4c14773d-aeed-4ba1-abfc-1ed3d732e311,3000,185,896
{'n': 4810},330,1723642554530,ab4a98e2-2169-4b86-bb35-a783fc5a15fc,2575,,2688
{'n': 810},63,1723642540632,f111c034-ef65-4a75-b289-72d5acf6e348,60,,2944
{'n': 1210},81,1723642540397,19a56fb4-387e-4ec0-98b0-9c9cc59242bb,370,182,1024
{'n': 8710},134,1723642556878,feb56df3-12b6-444e-8a68-e5867989b848,3000,,384
{'n': 8310},402,1723642559338,48e6cf39-dc24-49ba-af45-9ce7e0a5a3c3,3000,,3008
{'n': 6410},361,1723642556142,70e5cdb0-97cc-48c0-badb-5f7ba90fc284,3000,,3008
{'n': 410},49,1723642540128,047ca562-e0a9-4873-b6ad-0c07effa06fd,15,,2688
{'n': 2410},258,1723642546967,87a29084-017d-49ee-86ce-b143c71156a1,2515,,768
{'n': 3210},274,1723642550022,15a751cf-da40-4d40-97ce-1bb7935787fe,1372,,2944
{'n': 6610},323,1723642550023,24a02660-7859-474a-9fba-b294157a12a6,3000,,1024
{'n': 1710},81,1723642546267,666d46a7-08c6-4525-a50e-c815acae181b,3000,,128
{'n': 7410},317,1723642561393,7e9a587e-6c34-45f6-94f6-12ba50a9b91c,3000,,1024
{'n': 3410},279,1723642551177,bfb59d1d-bb84-434d-84e5-296ed93ad76c,1496,,2688
{'n': 8610},134,1723642566257,6c96b9ee-fade-4797-8a1d-783e7b450f22,3000,,384
{'n': 3010},178,1723642544199,81c01c96-8e4b-4806-ba29-df9cc0c2bf96,1271,,1920
{'n': 9710},456,1723642573055,02580e88-ef6a-4641-b968-59117ca4321a,3000,,2560
{'n': 2710},162,1723642544184,f7e7d729-a3b2-411f-a8a7-00dc519d874d,1108,,2688
{'n': 7710},256,1723642563057,744c3713-f8dc-452c-b2db-89dd2429e265,3000,,768
{'n': 7610},199,1723642552650,f7e7b287-648c-4e66-88a8-f9d2d552e439,3000,,768
{'n': 4410},253,1723642545879,b8722368-02bd-4ed4-b2a7-adc2c39f2fc6,2381,182,2816
{'n': 2510},151,1723642548898,4847cadb-858e-4fef-b526-07eb956e1b2c,1043,188,2944
{'n': 7110},87,1723642560712,99f41942-7525-4054-9774-bfe52d15d5ab,3000,,128
{'n': 6210},92,1723642549984,874f3db8-869f-4ef6-a602-01a0e3ec028a,3000,,256
{'n': 6910},388,1723642553865,7d05da00-17bb-442d-97f8-d94493dd8e6e,3000,,2816
{'n': 4110},327,1723642555222,986ed5e9-c899-48eb-a97c-28f5374186d3,1956,,2944
{'n': 8010},98,1723642561275,904f89ab-dd7f-4696-807e-1adeb03fce45,3000,,256
{'n': 1410},65,1723642546265,b41adaad-ef4d-4e63-9d41-ab7fc92fa647,3000,,128
{'n': 9510},451,1723642572055,eaabf2da-0c86-4189-b3de-078f36576bd5,3000,,2688
{'n': 7910},65,1723642553804,d00a18f0-a546-4c07-ba1e-688307dd6a1e,3000,,128
{'n': 1710},173,1723642544936,6e6fb8ee-10fc-4655-8532-12b72e5cbc54,402,,1920
{'n': 4710},243,1723642551926,defa090d-dd2d-4031-9430-f114c1c29a22,3000,,1024
{'n': 1810},121,1723642541685,0443e0c1-53b5-423c-b0d9-35859041e5e9,538,,2048
{'n': 2010},124,1723642541711,76004f4f-0536-462c-853b-6dbfd9692d02,1730,182,768
{'n': 2710},233,1723642548036,c50cca43-170f-4e26-a35e-9a9023b0b7f9,2553,,768
{'n': 5610},317,1723642547811,827185fc-b90b-4fab-9c25-0baa16457ce8,2855,,2688
{'n': 7110},376,1723642566827,2a1a2e99-c389-47aa-9c9c-34076ff35462,3000,,2944
{'n': 1410},92,1723642541672,86c751e4-4874-499b-9e76-735034552c58,1719,182,384
{'n': 3310},101,1723642549958,16d7fbf0-7d61-4e5d-9255-25af6b631f80,3000,,256
{'n': 3810},229,1723642550460,2db612f4-2d18-41ec-a7d4-e0f4bd320d26,3000,,768
{'n': 8310},278,1723642562740,b74da4df-5499-4f5c-8a7e-51ec979e955b,3000,,896
{'n': 1510},97,1723642540719,eab6db1e-4520-4713-b2f4-dc5ad0d4b56e,817,184,896
{'n': 9310},83,1723642559107,f20d7f89-59da-4527-98fd-f11b1309a42e,3000,,256
{'n': 110},76,1723642540573,e815e8d3-2259-477c-a9a4-13b5f9f38372,3,,896
{'n': 2710},162,1723642545231,c38522ad-3022-4a8f-b3a1-cd31d8eabd1e,1120,,3008
{'n': 1810},210,1723642545685,2fcdf1d9-1df6-4b5e-a3bb-917bda1f64c7,436,,2816
{'n': 310},49,1723642540236,1db13d1d-7081-49a2-823a-cb4fb7edf1a0,8,,2816
{'n': 8510},411,1723642562785,decc23c4-5641-41b0-a94d-61723ab4258f,3000,,3008
{'n': 210},45,1723642539427,8d0b8ff2-0f4a-4af9-902e-dcbf3ee2f7bc,34,,128
{'n': 710},94,1723642541510,3ebd7197-09f1-4ffa-ba9c-40c798de8ae6,40,,2944
{'n': 6110},65,1723642548393,54ff5d8c-e68c-4e19-9ee9-6cd7df5dbdc0,3000,,128
{'n': 910},65,1723642541448,668a08e8-2d56-437b-b8bd-27abfa704eba,1409,181,128
{'n': 410},48,1723642540804,1d499dfb-1cb6-4a74-9bec-1048796c3bab,22,186,2688
{'n': 9310},475,1723642571807,04e1e51d-0504-4e91-a59f-52011c7d747e,3000,,2560
{'n': 5510},355,1723642553957,693bbcf8-4a6f-407a-8706-0ff040104f4d,3000,,1024
{'n': 1110},76,1723642540900,ff18bafc-f491-4193-9d56-892d789f275e,172,186,2816
{'n': 6010},365,1723642559630,75249529-3518-4975-afa6-164c38381959,3000,,2048
{'n': 8710},65,1723642566262,9c35d5f5-5f3c-418f-983b-1cee83a9a403,3000,,128
{'n': 1210},257,1723642543984,f9b041af-c141-45f7-ab48-6c85eb30ca50,652,,896
{'n': 7210},351,1723642557960,ed08784c-72d1-4b19-b07d-1f4da736b9a7,3000,185,2944
{'n': 4610},263,1723642549779,c1344c9f-5cf9-482d-9870-623e708a3f4c,3000,,1024
{'n': 5110},290,1723642556076,45542b45-1861-4832-ba56-9988224ca1d2,2682,,2048
{'n': 8510},443,1723642572285,cb93d34b-146e-44ee-bc3f-3b6ce9041500,3000,,3008
{'n': 9010},434,1723642561220,8df49edd-5d5a-4e04-a927-d6aaf466696d,3000,,2048
{'n': 5410},260,1723642544501,2acd7643-fb71-4ae2-90cc-fa8dfd2d8aae,3000,,768
{'n': 6810},381,1723642565629,9057806b-52df-4c64-b045-152c915c30ce,3000,,2944
{'n': 2210},274,1723642546972,625bff61-246d-4228-b7f2-b5bd5104408f,800,,1792
{'n': 10},43,1723642540531,f3ed8327-5cbe-4dde-be6b-31ad8b231c56,5,184,2048
{'n': 2610},231,1723642548306,022902ca-29b8-4230-9e99-eec08cb14e68,1027,,1920
{'n': 5710},384,1723642560639,d57b5f14-f942-4951-90e3-3bc70cf1b11e,3000,,2944
{'n': 3810},328,1723642552385,f5542ae4-4acc-47eb-a9da-71f883c6abfd,1781,,1920
{'n': 8010},274,1723642561448,1b18bb50-1096-4f93-89bb-2cd20646cb67,3000,,896
{'n': 2010},231,1723642546134,dbc5b9b1-b32f-4933-aa86-3e91aaead62e,587,,2048
{'n': 5010},299,1723642546010,43c1b518-3b55-4eac-a2e7-b7930e76d5ee,2646,,1792
{'n': 4710},328,1723642556791,d5d14278-708e-43c8-ae67-6d3a12728432,2442,,2944
{'n': 5110},98,1723642544272,18df9b0b-c2b6-4134-a292-70478991d186,3000,,256
{'n': 1510},204,1723642545338,e71f74b4-c211-41f9-b118-413f78c9001d,285,,2816
{'n': 8510},411,1723642562762,ce247f22-2816-4cbd-b402-e4ebbfe6a76b,3000,,2944
{'n': 8510},412,1723642559855,d707b31d-f2c9-4e48-be79-3bb5211a641c,3000,,2816
{'n': 410},65,1723642540523,42a9f73c-d706-4381-8618-d7099b7415f8,43,,384
{'n': 610},53,1723642540269,0392cab4-20da-4823-8a57-1543f305c320,320,149,256
{'n': 9310},227,1723642568574,b3fd01e0-b2ba-499d-af33-bf016a94fe6f,3000,,896
{'n': 510},55,1723642540514,e1fc9d65-2d96-47ff-b391-ad6e6a4f0d80,21,,2944
{'n': 7210},65,1723642561254,faf9a418-21e8-43c2-94d8-63f9f9d3b582,3000,,128
{'n': 8710},420,1723642569487,bed0a6fd-f695-4558-bb6e-c8fc70288e8e,3000,,2048
{'n': 1210},136,1723642544993,a156c16b-4596-4787-9fb7-fc80311d5e2c,1645,,384
{'n': 1810},77,1723642542576,391bd68b-8a8e-4245-92ae-2be5b68d220f,3000,,128
{'n': 9410},445,1723642571761,efbe9558-94c3-42e4-b507-bc1512a0618e,3000,,2560
{'n': 8610},420,1723642569277,630531ce-058f-4116-826e-2a6ee9ec4d03,3000,,1792
{'n': 2310},274,1723642547842,6b4bd9b1-aae9-4d59-99cd-cce4f26a6d51,852,,2816
{'n': 8410},70,1723642565645,c5a778f4-3d3f-4a11-abb6-d2322946c5cb,3000,,128
{'n': 8410},77,1723642556197,7c529527-6558-4665-9d57-1dd51594e1d6,3000,,128
{'n': 1710},194,1723642545383,32fd9cfc-875b-44f0-89ab-5394b9a6ce77,392,,2688
{'n': 6110},276,1723642548508,e550406a-1f66-484b-ad2c-cb7bb016515b,3000,,896
{'n': 1910},119,1723642542552,4335619f-5145-47bb-9c19-6bb36a617331,551,,2560
{'n': 5710},322,1723642548449,0b697fcd-b477-4659-8c0e-6cafeb418c50,3000,,2816
{'n': 10},49,1723642540294,967674fe-a728-42e3-a6a5-bde838f35bff,2,,2816
{'n': 2310},126,1723642543033,a4d00b48-c2db-4477-b142-e9860f13cfa3,3000,184,384
{'n': 2310},148,1723642543987,9582ad9a-b43a-4eff-8552-12001f05c897,874,,3008
{'n': 3810},222,1723642545302,119212df-a761-4696-9712-b5284a4fee0f,1925,,2816
{'n': 6310},151,1723642550036,809671b8-e0ed-4b31-b9a5-facda43dbd5c,3000,,384
{'n': 5510},68,1723642544510,8100be35-37f0-4eb8-9236-3f9b95f80312,3000,,128
{'n': 10},49,1723642540251,66237890-06eb-46d6-9fdd-a25284e30b1b,2,,2560
{'n': 9510},457,1723642565575,d715a4b7-2ea8-41bc-9370-34f74e0bab99,3000,,3008
{'n': 4510},285,1723642555895,097e3be1-e126-400e-9f97-2a7bb2d2c352,2285,,3008
{'n': 7610},460,1723642565473,71f939c5-ab41-44c3-80dc-b2ba3479c6e7,3000,,2048
{'n': 8410},204,1723642556214,09c0a6cc-9b2b-42e8-a407-0a40fb9e55f5,3000,,768
{'n': 4910},279,1723642557326,3d07681d-f419-4be8-aa81-2c9bea3931aa,2684,183,2944
{'n': 710},57,1723642540771,02917ba3-3f89-4a9f-a561-b74adcbc5666,58,181,2944
{'n': 9710},456,1723642576064,6bdab61b-6525-48f4-966f-a44de11fe96e,3000,,3008
{'n': 9110},209,1723642567815,98729d74-abf0-4d4f-b393-10d2ece1978a,3000,,768
{'n': 7110},282,1723642560644,5b34a2ff-646a-4d05-aabb-e67044d15154,3000,,768
{'n': 410},49,1723642540092,cd9cd293-2cba-4262-b521-f337814ec4b4,17,,2560
{'n': 6910},387,1723642556838,fccb1760-7592-42b9-a556-f8b75df7a084,3000,,3008
{'n': 8310},402,1723642562667,1c8677b4-7a34-4f02-88ba-2dca948ecfcc,3000,,1792
{'n': 7910},329,1723642563264,93c90cb9-3187-49e3-ba5f-270bdca3d834,3000,,1024
{'n': 5610},317,1723642547858,5f157070-2b3a-4469-ad9e-86b5f5371eb8,3000,,1792
{'n': 2410},231,1723642547189,2453cfd4-c6da-4c83-b53f-c05871f77bf8,866,,1920
{'n': 2310},118,1723642543032,11133c9c-884d-4507-8844-84ce0769c8f3,3000,185,256
{'n': 8810},425,1723642563910,04a3c6fe-8ef5-4864-b4a0-7abe4f240eff,3000,,3008
{'n': 9710},458,1723642572976,62680b7b-4c84-4a43-821c-6edb3b04c0a8,3000,,2048
{'n': 9710},103,1723642569825,afc711d3-2cf3-4a7d-a487-f671ba35ab8d,3000,,256
{'n': 6310},398,1723642556275,4ff88afc-e1d7-413b-b00c-d66e19219904,3000,,3008
{'n': 4610},260,1723642549764,636e9551-f502-46a1-8967-edd3395455c5,3000,,768
{'n': 7310},436,1723642564909,d407e0fe-1f06-45e4-8822-f6724322c7b5,3000,,2560
{'n': 5410},387,1723642556918,1165051f-9165-40a0-9440-e5155c9fcc26,3000,,2048
{'n': 8810},143,1723642557591,bd93b33c-02c6-45e7-aac7-cd6aaa0e0864,3000,,384
{'n': 9910},462,1723642573826,a2845128-e542-4cdb-8714-0a28487584c5,3000,,2816
{'n': 7610},447,1723642565449,2cc2efa3-6bcf-4dba-a93b-199e7fb17dc5,3000,,2560
{'n': 6210},320,1723642559451,ba9b22be-bb70-45ba-bbd3-f210985846c3,3000,,1024
{'n': 3110},306,1723642550621,4ac9f2eb-b2e6-4623-8e4d-742ef4f6a3e3,1417,,2688
{'n': 4310},247,1723642547920,72e9ac4b-db25-4991-b436-811d5c260164,2156,,2944
{'n': 3110},183,1723642545864,c9d84e78-37a6-4c37-941e-41fc4938498e,1217,,3008
{'n': 2010},127,1723642541873,3c919b9e-fd73-40cd-990c-4439367cd166,611,,1792
{'n': 8610},416,1723642559923,c3eb5642-8f54-401d-b8bb-bc62695fe2ca,3000,,1920
{'n': 8210},266,1723642555143,028d5e53-0db2-4b7b-92e5-8a9002501f71,3000,,1024
{'n': 8410},121,1723642556176,b1ddbc5a-ef8c-44f1-a4ab-5e1caf241571,3000,,256
{'n': 3610},210,1723642551731,1c88d726-c915-44b0-9f66-8d6fbd8b58e3,1476,,2688
{'n': 7510},443,1723642565043,5bcc242e-496b-4a15-a63b-14e548d0a774,3000,,2816
{'n': 3110},184,1723642548827,3a29c08c-1033-4a13-b1cf-f73f13f50ad4,2741,,896
{'n': 6910},130,1723642550656,1f1b057f-1f73-43cf-9a1a-68b30a9182ef,3000,,384
{'n': 6810},104,1723642549952,444e34b9-fa61-41cb-8baa-5f514cddca18,3000,,256
{'n': 3910},70,1723642550570,cbf2496f-b4be-418e-8092-76c0e459b347,3000,,128
{'n': 1710},178,1723642544774,dfa7a1d5-4a1b-4b1b-a9f5-3e039d4cd44f,407,,1792
{'n': 6310},355,1723642562738,2d0866dc-6c78-4ee0-9177-90fb805a0082,3000,,2688
{'n': 5410},122,1723642553716,35bbffb6-336f-4fd0-85ea-5b927b2d4553,3000,,384
{'n': 910},108,1723642542040,a6f61ef5-66de-43de-b085-74e1edf0db14,61,,2560
{'n': 6810},404,1723642562654,d04e7901-cfb5-481d-b2bc-c8744d67fa55,3000,,2688
{'n': 1710},108,1723642541962,a20cbc3a-2d9f-4997-902a-691570086ed3,409,,2560
{'n': 1810},114,1723642541092,ae211318-1397-4974-857e-4bcc8a4f9ce8,522,,1792
{'n': 4810},81,1723642543069,3055379d-a506-48a0-952a-511a1c752cee,3000,185,256
{'n': 7410},209,1723642561361,6914c47f-51ed-494d-8a9e-14a2b7af43a9,3000,,768
{'n': 6810},402,1723642556197,6df18eb9-e2fc-411f-aa21-3551a30b4050,3000,,3008
{'n': 210},45,1723642539552,db3b1d56-477b-4d8a-ab8b-8e7f9bd705cb,22,,256
{'n': 3510},204,1723642544906,ae710cac-78ab-4421-a40d-b065fce5f52c,1531,158,2560
{'n': 3210},66,1723642543265,b0c9d4ed-3a27-4ee4-bc8b-fb7655c84d9d,3000,145,128
{'n': 5510},99,1723642553957,76a8d8cd-fee9-4470-b05c-a39c2ce6d902,3000,,256
{'n': 1010},72,1723642540794,a8bf3d80-fdb3-4f34-816c-1ae81f058b10,96,,2944
{'n': 7910},140,1723642553813,da984d9b-ea2a-49d6-b947-4c7516f91bc5,3000,,384
{'n': 8410},98,1723642556212,968c5c39-8756-4f2f-98d4-859a4edc2037,3000,,384
{'n': 6210},388,1723642562634,f7518e3d-e722-422b-afb0-f9c5db2db81c,3000,,2816
{'n': 1310},87,1723642542167,34961fc6-352d-44f1-b660-019d93abba36,2110,182,256
{'n': 2810},188,1723642547068,832fb5da-d901-4522-a5c7-ab20b9eec09e,1951,,1024
{'n': 8010},250,1723642561348,3dc13a66-e30a-4491-b662-d808178fe810,3000,,768
{'n': 8310},414,1723642559272,4d8723c4-6cb4-4908-a78a-002b47f0d037,3000,,2688
{'n': 810},87,1723642541709,8ff8892e-c9b3-46e6-88a9-8ca171bbf4cb,49,,2560
{'n': 8110},131,1723642554706,11a6a859-6e4c-4e9d-8fa7-be53ed5da4d6,3000,,384
{'n': 610},57,1723642541338,19ba586f-b7bd-4344-ad26-7b9af291a961,441,,128
{'n': 4710},269,1723642546025,ebbd747e-8df3-4209-bd4d-de10dc3863e5,2579,180,2688
{'n': 2710},341,1723642549538,aa8c92a7-ca5d-417b-bc93-66b01e35ec31,919,,2816
