agent_memory_avg,insights_duration,threads_max,used_memory_max,shutdown_reason,memory_size,request_id,start_time,tmp_free,cpu_user_time,version,agent_memory_max,init_duration,memory_utilisation,tmp_used,billed_mb_ms,shutdown,cold_start,function_name,tx_bytes,duration,rx_bytes,payload,insight_init_duration,fd_max,cpu_system_time,memory_used,total_memory,billed_duration,total_network,tmp_max,fd_use
10,692,10,71,0,2048,7e7b2701-ccdd-491f-a310-7a60d13056f2,1723088129003,538320896,700,RAM2048,10,,3,12140544,1419264,0,False,workbench-pyaes,0,693,0,"{'length_of_message': 260, 'num_of_iterations': 260}",0,1024,30,71,2048,693,0,550461440,22
10,2819,10,72,0,1280,e4649415-a129-43f0-9024-a5b393d2bcc0,1723088135554,538320896,2029,RAM1280,11,,5,12140544,3609600,0,False,workbench-pyaes,5759,2820,496,"{'length_of_message': 460, 'num_of_iterations': 460}",0,1024,20,72,1280,2820,6255,550461440,21
10,125054,10,73,0,128,18168ea0-7120-4c34-b08c-9f682db7a669,1723088499267,538320896,8370,RAM128,10,,57,12140544,16007040,0,False,workbench-pyaes,5082,125055,7863,,0,1024,80,73,128,125055,12945,550461440,21
9,16196,10,71,0,768,8e3e842d-9152-4cdf-b7d5-aabaf0fe8b20,1723088139791,538324992,6940,RAM768,9,471,9,12136448,12439296,0,True,workbench-pyaes,42,16197,42,"{'length_of_message': 860, 'num_of_iterations': 860}",471,1024,160,71,768,16197,84,550461440,22
10,2381,10,72,0,1152,085f6948-dbd0-46e2-b749-65d4d1777505,1723088157959,538320896,1510,RAM1152,10,,6,12140544,2744064,0,False,workbench-pyaes,3278,2382,718,"{'length_of_message': 410, 'num_of_iterations': 410}",0,1024,130,72,1152,2382,3996,550461440,21
10,23115,10,72,0,256,e6edc9d8-dd89-4a59-b099-79924b243b43,1723088196078,538320896,3190,RAM256,10,,28,12140544,5917696,0,False,workbench-pyaes,7845,23116,7863,"{'length_of_message': 560, 'num_of_iterations': 560}",0,1024,70,72,256,23116,15708,550461440,21
11,1224,9,72,0,1024,d90c6ea6-492d-480f-8697-f4b7706d7698,1723088137858,538320896,700,RAM1024,11,,7,12140544,1254400,0,False,workbench-pyaes,7712,1225,7879,"{'length_of_message': 260, 'num_of_iterations': 260}",0,1024,20,72,1024,1225,15591,550461440,21
10,4136,10,71,0,128,affea6b7-3316-419a-9c80-bf0faaddacd9,1723088136917,538320896,250,RAM128,10,,55,12140544,529536,0,False,workbench-pyaes,4677,4137,718,"{'length_of_message': 160, 'num_of_iterations': 160}",0,1024,10,71,128,4137,5395,550461440,21
10,15601,9,72,0,256,99c69fd0-da6a-4180-9167-9b404032b1c0,1723088204400,538320896,2220,RAM256,10,,28,12140544,3994112,0,False,workbench-pyaes,7801,15602,7941,"{'length_of_message': 460, 'num_of_iterations': 460}",0,1024,40,72,256,15602,15742,550461440,22
10,969,10,73,0,2688,d903cf8a-4306-4d7a-afd2-f73258db8038,1723088162085,538320896,980,RAM2688,10,,2,12140544,2607360,0,False,workbench-pyaes,7745,970,7449,"{'length_of_message': 310, 'num_of_iterations': 310}",0,1024,10,73,2688,970,15194,550461440,21
10,1407,10,71,0,896,b31485ae-b85c-407e-881d-f4eda1703ae9,1723088126837,538320896,700,RAM896,10,,7,12140544,1261568,0,False,workbench-pyaes,11284,1408,15711,"{'length_of_message': 260, 'num_of_iterations': 260}",0,1024,10,71,896,1408,26995,550461440,22
10,1053,10,72,0,3008,9b437fb4-7fe1-448c-bddc-09c76faa708c,1723088135380,538320896,1050,RAM3008,10,,2,12140544,3170432,0,False,workbench-pyaes,0,1054,0,"{'length_of_message': 360, 'num_of_iterations': 360}",0,1024,10,72,3008,1054,0,550461440,21
10,1608,10,72,0,1920,688ee642-ef9c-43d0-958f-ef2b380ce3f6,1723088135008,538320896,1630,RAM1920,10,,3,12140544,3089280,0,False,workbench-pyaes,15515,1609,7869,"{'length_of_message': 410, 'num_of_iterations': 410}",0,1024,30,72,1920,1609,23384,550461440,21
11,86938,10,72,0,128,d9bde963-5b21-419b-865d-c748e04840aa,1723088459940,538320896,5850,RAM128,11,,56,12140544,11128192,0,False,workbench-pyaes,4830,86939,7921,,0,1024,110,72,128,86939,12751,550461440,21
10,398,11,71,0,2176,dca9f9ae-fdb8-446b-b0d3-56631712a652,1723088127437,538320896,390,RAM2176,10,,3,12140544,868224,0,False,workbench-pyaes,11214,399,15909,"{'length_of_message': 210, 'num_of_iterations': 210}",0,1024,20,71,2176,399,27123,550461440,22
11,458,10,71,0,1792,9ae9315a-8df6-49b7-9113-ea60c4733836,1723088127284,538320896,460,RAM1792,11,,3,12140544,822528,0,False,workbench-pyaes,13078,459,15340,"{'length_of_message': 210, 'num_of_iterations': 210}",0,1024,0,71,1792,459,28418,550461440,22
10,6056,10,73,0,1920,6be51f76-4a94-4d59-86b2-fe26e4e2183c,1723088166699,538320896,6070,RAM1920,10,,3,12140544,11629440,0,False,workbench-pyaes,3275,6057,718,"{'length_of_message': 810, 'num_of_iterations': 810}",0,1024,50,73,1920,6057,3993,550461440,21
10,1102,10,72,0,1536,d1be88ad-9f27-455d-a360-083254a6ad70,1723088144852,538320896,960,RAM1536,10,,4,12140544,1694208,0,False,workbench-pyaes,3259,1103,992,"{'length_of_message': 310, 'num_of_iterations': 310}",0,1024,10,72,1536,1103,4251,550461440,21
9,595,9,70,0,768,3afb63fe-8f4d-4828-aa18-0f84e82b11bc,1723088124362,538324992,360,RAM768,9,384,9,12136448,457728,0,True,workbench-pyaes,42,596,42,"{'length_of_message': 160, 'num_of_iterations': 160}",384,1024,150,70,768,596,84,550461440,22
11,3531,10,73,0,2944,e39189f4-5c7f-4a62-9dc0-8f048db03a63,1723088155102,538320896,3540,RAM2944,11,,2,12140544,10398208,0,False,workbench-pyaes,3199,3532,496,"{'length_of_message': 610, 'num_of_iterations': 610}",0,1024,20,73,2944,3532,3695,550461440,21
10,387,10,71,0,2560,3366b12d-1640-4ca6-ac99-fc9e8b1e8ef4,1723088143605,538320896,360,RAM2560,11,,2,12140544,993280,0,False,workbench-pyaes,3200,388,496,"{'length_of_message': 210, 'num_of_iterations': 210}",0,1024,10,71,2560,388,3696,550461440,22
9,11899,10,71,0,1408,586eb495-f7e4-4123-9cc4-ef1ed3b0da27,1723088170861,538324992,6050,RAM1408,9,420,5,12136448,16755200,0,True,workbench-pyaes,42,11900,42,"{'length_of_message': 910, 'num_of_iterations': 910}",420,1024,100,71,1408,11900,84,550461440,22
9,14762,10,70,0,128,1c86ebeb-eafa-400d-8757-a6527b5d297b,1723088138564,538324992,910,RAM128,9,413,54,12136448,1889664,0,True,workbench-pyaes,42,14763,42,"{'length_of_message': 310, 'num_of_iterations': 310}",413,1024,30,70,128,14763,84,550461440,22
10,2009,10,73,0,2688,2ee10b0a-b30a-42eb-af32-11411601111e,1723088205657,538320896,2040,RAM2688,10,,2,12140544,5402880,0,False,workbench-pyaes,7825,2010,7845,"{'length_of_message': 460, 'num_of_iterations': 460}",0,1024,50,73,2688,2010,15670,550461440,21
11,2702,10,73,0,1664,322becb2-dd4b-41a3-ae6b-161c1bc97aa6,1723088219136,538320896,2450,RAM1664,11,,4,12140544,4497792,0,False,workbench-pyaes,7801,2703,7755,"{'length_of_message': 510, 'num_of_iterations': 510}",0,1024,0,73,1664,2703,15556,550461440,21
10,7456,10,74,0,2816,9dd8d3cf-9e6f-461c-ad11-839890953939,1723088185729,538320896,7500,RAM2816,10,,2,12140544,20998912,0,False,workbench-pyaes,7761,7457,7767,"{'length_of_message': 910, 'num_of_iterations': 910}",0,1024,60,74,2816,7457,15528,550461440,21
10,2672,10,73,0,1664,cf13b89a-e9cc-46ba-a270-923fa871d7ed,1723088179069,538320896,2460,RAM1664,10,,4,12140544,4447872,0,False,workbench-pyaes,3321,2673,760,"{'length_of_message': 510, 'num_of_iterations': 510}",0,1024,30,73,1664,2673,4081,550461440,21
9,51992,10,71,0,256,bd9ab467-0aa6-4303-9bfc-875ba1b5f0b9,1723088175838,538324992,7260,RAM256,9,462,27,12136448,13310208,0,True,workbench-pyaes,42,51993,42,"{'length_of_message': 860, 'num_of_iterations': 860}",462,1024,140,71,256,51993,84,550461440,22
10,265,9,71,0,2560,347b29cc-361e-453a-8056-1bab27d2c1db,1723088131019,538320896,280,RAM2560,10,,2,12140544,680960,0,False,workbench-pyaes,3239,266,538,"{'length_of_message': 160, 'num_of_iterations': 160}",0,1024,0,71,2560,266,3777,550461440,22
9,22006,9,71,0,640,4b13b7df-c95e-4b52-993f-47173e7ce919,1723088145709,538324992,7840,RAM640,9,467,11,12136448,14084480,0,True,workbench-pyaes,42,22007,42,"{'length_of_message': 910, 'num_of_iterations': 910}",467,1024,100,71,640,22007,84,550461440,22
10,134,10,71,0,1920,5bb9cd30-97aa-435f-b5a5-9e03114a1931,1723088130056,538320896,140,RAM1920,10,,3,12140544,259200,0,False,workbench-pyaes,0,135,0,"{'length_of_message': 110, 'num_of_iterations': 110}",0,1024,10,71,1920,135,0,550461440,21
9,1344,10,70,0,640,c955a2d5-218c-4093-b265-5a440d024513,1723088125237,538324992,490,RAM640,9,477,10,12136448,860800,0,True,workbench-pyaes,42,1345,42,"{'length_of_message': 210, 'num_of_iterations': 210}",477,1024,60,70,640,1345,84,550461440,22
10,43,10,71,0,3008,9e4d8a99-263f-4210-a40e-c7e80241a827,1723088127279,538320896,40,RAM3008,10,,2,12140544,132352,0,False,workbench-pyaes,10596,44,14546,"{'length_of_message': 60, 'num_of_iterations': 60}",0,1024,10,71,3008,44,25142,550461440,21
9,10380,10,70,0,384,1947334d-adf2-48d7-bed2-71d9b20f607b,1723088134232,538324992,2200,RAM384,9,470,18,12136448,3986304,0,True,workbench-pyaes,42,10381,42,"{'length_of_message': 460, 'num_of_iterations': 460}",470,1024,110,70,384,10381,84,550461440,22
11,7322,10,71,0,1152,2a10faf8-0d2f-4024-94b5-a572050a3822,1723088146043,538320896,3180,RAM1152,11,,6,12140544,8436096,0,False,workbench-pyaes,3321,7323,760,"{'length_of_message': 660, 'num_of_iterations': 660}",0,1024,60,71,1152,7323,4081,550461440,21
10,54,10,71,0,1536,db9a4649-fa37-4b36-ab99-04a7af94a63e,1723088126954,538320896,60,RAM1536,10,,4,12140544,84480,0,False,workbench-pyaes,0,55,0,"{'length_of_message': 60, 'num_of_iterations': 60}",0,1024,20,71,1536,55,0,550461440,21
11,5850,10,72,0,512,7fdccb9b-3350-4aa5-b524-2ecb6c901a5c,1723088155524,538320896,1660,RAM512,11,,14,12140544,2995712,0,False,workbench-pyaes,11356,5851,16041,"{'length_of_message': 410, 'num_of_iterations': 410}",0,1024,20,72,512,5851,27397,550461440,22
10,4115,10,73,0,1280,fe0e4c08-f559-4195-9a98-f16279b992cf,1723088190433,538320896,2960,RAM1280,10,,5,12140544,5268480,0,False,workbench-pyaes,3280,4116,718,"{'length_of_message': 560, 'num_of_iterations': 560}",0,1024,30,73,1280,4116,3998,550461440,21
11,927,10,72,0,2304,5a2ec0f4-c358-4fd6-adb6-71dce199038b,1723088131464,538320896,930,RAM2304,11,,3,12140544,2138112,0,False,workbench-pyaes,42,928,42,"{'length_of_message': 310, 'num_of_iterations': 310}",0,1024,0,72,2304,928,84,550461440,21
10,12025,10,72,0,384,527d5a02-0bc7-4f39-8e71-43b3f62ef03c,1723088175714,538320896,2550,RAM384,10,,18,12140544,4617984,0,False,workbench-pyaes,11226,12026,15975,"{'length_of_message': 510, 'num_of_iterations': 510}",0,1024,50,72,384,12026,27201,550461440,22
10,1241,10,72,0,2176,f31fe1aa-f87f-4df1-9b70-458cbee6f296,1723088133303,538320896,1240,RAM2176,10,,3,12140544,2702592,0,False,workbench-pyaes,0,1242,0,"{'length_of_message': 360, 'num_of_iterations': 360}",0,1024,20,72,2176,1242,0,550461440,21
11,2233,9,73,0,1024,44e5bae4-be82-4376-aaf2-40fd47d9327c,1723088151302,538320896,1310,RAM1024,11,,7,12140544,2287616,0,False,workbench-pyaes,10333,2234,7767,"{'length_of_message': 360, 'num_of_iterations': 360}",0,1024,0,73,1024,2234,18100,550461440,21
10,2057,10,71,0,256,af4b123c-cae4-4e74-ac5a-e9926e15d7f0,1723088134853,538320896,310,RAM256,11,,27,12140544,526848,0,False,workbench-pyaes,174,2058,198,"{'length_of_message': 160, 'num_of_iterations': 160}",0,1024,40,71,256,2058,372,550461440,22
10,243,10,71,0,1792,f028e73b-81d8-4afb-bf5e-74762332d2b2,1723088130543,538320896,230,RAM1792,10,,3,12140544,437248,0,False,workbench-pyaes,0,244,0,"{'length_of_message': 160, 'num_of_iterations': 160}",0,1024,0,71,1792,244,0,550461440,21
10,1853,10,73,0,1536,1b8c3102-235f-4790-a080-6d81978629a8,1723088159597,538320896,1600,RAM1536,10,,4,12140544,2847744,0,False,workbench-pyaes,7863,1854,7779,"{'length_of_message': 410, 'num_of_iterations': 410}",0,1024,10,73,1536,1854,15642,550461440,21
11,3474,10,74,0,2048,94c69157-ee9c-414f-b301-29f5746f7ab2,1723088204491,538320896,3500,RAM2048,11,,3,12140544,7116800,0,False,workbench-pyaes,7797,3475,7821,"{'length_of_message': 610, 'num_of_iterations': 610}",0,1024,60,74,2048,3475,15618,550461440,21
11,66,10,71,0,1152,40317951-676d-4ff4-9f10-f12788eae3ea,1723088127851,538320896,50,RAM1152,11,,6,12140544,77184,0,False,workbench-pyaes,4411,67,66,"{'length_of_message': 60, 'num_of_iterations': 60}",0,1024,0,71,1152,67,4477,550461440,21
11,2417,10,73,0,2304,dfd205a9-b585-450d-95da-877affead7c1,1723088195833,538320896,2430,RAM2304,11,,3,12140544,5571072,0,False,workbench-pyaes,7827,2418,7779,"{'length_of_message': 560, 'num_of_iterations': 560}",0,1024,20,73,2304,2418,15606,550461440,21
10,7623,10,71,0,128,d6626f30-2393-4c76-87d8-e520d3ff84be,1723088139350,538320896,500,RAM128,11,,55,12140544,975872,0,False,workbench-pyaes,11806,7624,16077,"{'length_of_message': 210, 'num_of_iterations': 210}",0,1024,0,71,128,7624,27883,550461440,22
9,1297,10,70,0,384,2491fbbb-dbf1-49dd-b5f1-0f1b14a5dff0,1723088124976,538324992,250,RAM384,9,416,18,12136448,498432,0,True,workbench-pyaes,42,1298,42,"{'length_of_message': 160, 'num_of_iterations': 160}",416,1024,40,70,384,1298,84,550461440,22
11,1982,10,74,0,1152,25d0c966-96ae-4670-9e01-c3a467d955f9,1723088171203,538320896,1290,RAM1152,11,,6,12140544,2284416,0,False,workbench-pyaes,3202,1983,496,"{'length_of_message': 360, 'num_of_iterations': 360}",0,1024,30,74,1152,1983,3698,550461440,21
9,3092,10,70,0,768,56fd7d78-c899-48d2-b9f6-80ad81a7aaca,1723088127005,538324992,1320,RAM768,9,494,9,12136448,2375424,0,True,workbench-pyaes,42,3093,42,"{'length_of_message': 360, 'num_of_iterations': 360}",494,1024,90,70,768,3093,84,550461440,22
11,1995,10,72,0,2688,e7d832d0-8f18-4357-a517-3141b631403b,1723088141376,538320896,2000,RAM2688,11,,2,12140544,5365248,0,False,workbench-pyaes,0,1996,0,"{'length_of_message': 460, 'num_of_iterations': 460}",0,1024,30,72,2688,1996,0,550461440,21
,,,,,1920,789ffa0a-ac87-4bee-8f58-fa8e5bdf1a0c,1723088260027,,,,,,,,,,,,,3425,,"{'length_of_message': 610, 'num_of_iterations': 610}",,,,74,,,,,
9,18,10,70,0,512,ffa5e51d-35b7-4635-b847-281f5e7bdd28,1723088127511,538324992,10,RAM512,9,,13,12136448,9728,0,False,workbench-pyaes,0,19,0,"{'length_of_message': 10, 'num_of_iterations': 10}",0,1024,20,70,512,19,0,550461440,22
10,2517,10,72,0,512,a756b17e-e96f-4cc9-99c6-c28415410a6d,1723088147923,538320896,850,RAM512,10,,14,12140544,1289216,0,False,workbench-pyaes,3281,2518,718,"{'length_of_message': 260, 'num_of_iterations': 260}",0,1024,120,72,512,2518,3999,550461440,22
11,7485,10,72,0,1280,24c55499-b248-4c2c-a783-e725179f42c4,1723088155344,538320896,5380,RAM1280,11,,5,12140544,9582080,0,False,workbench-pyaes,7887,7486,7833,"{'length_of_message': 760, 'num_of_iterations': 760}",0,1024,50,72,1280,7486,15720,550461440,22
11,5234,10,73,0,2560,7e99a85a-191a-46b2-81f7-d5d1f7b85030,1723088167921,538320896,5250,RAM2560,11,,2,12140544,13401600,0,False,workbench-pyaes,3321,5235,760,"{'length_of_message': 760, 'num_of_iterations': 760}",0,1024,30,73,2560,5235,4081,550461440,21
9,56,10,70,0,1536,dc1f9b79-de03-4fa7-ae16-357d579229dc,1723088124609,538324992,50,RAM1536,9,,4,12136448,87552,0,False,workbench-pyaes,42,57,42,"{'length_of_message': 60, 'num_of_iterations': 60}",0,1024,20,70,1536,57,84,550461440,22
11,840,10,71,0,1152,21a26d78-84f6-4290-8e92-c26ac8b87199,1723088134377,538320896,370,RAM1152,11,,6,12140544,968832,0,False,workbench-pyaes,3203,841,496,"{'length_of_message': 210, 'num_of_iterations': 210}",0,1024,0,71,1152,841,3699,550461440,21
10,136,10,72,0,2816,ca3a884c-1042-47a5-8c99-cb99771e0e0e,1723088130503,538320896,130,RAM2816,10,,2,12140544,385792,0,False,workbench-pyaes,7091,137,496,"{'length_of_message': 110, 'num_of_iterations': 110}",0,1024,0,72,2816,137,7587,550461440,21
10,6206,10,73,0,1408,e26fea94-81c4-4851-8bab-dc6606e01fbb,1723088151624,538320896,4920,RAM1408,10,,5,12140544,8739456,0,False,workbench-pyaes,3278,6207,718,"{'length_of_message': 710, 'num_of_iterations': 710}",0,1024,40,73,1408,6207,3996,550461440,21
10,470,10,72,0,2688,fd4e93d7-70b6-4e81-8d46-bf047c295e4a,1723088143768,538320896,480,RAM2688,10,,2,12140544,1266048,0,False,workbench-pyaes,10303,471,7581,"{'length_of_message': 210, 'num_of_iterations': 210}",0,1024,10,72,2688,471,17884,550461440,21
9,31036,10,70,0,256,de39829e-e3ab-4c95-b376-92a7e363f356,1723088154752,538324992,4340,RAM256,9,479,27,12136448,7945472,0,True,workbench-pyaes,42,31037,42,"{'length_of_message': 660, 'num_of_iterations': 660}",479,1024,100,70,256,31037,84,550461440,26
10,3583,10,72,0,1152,5ce9caec-b20f-4f27-aa70-4d6049be5aaa,1723088136329,538320896,2120,RAM1152,10,,6,12140544,4128768,0,False,workbench-pyaes,5759,3584,496,"{'length_of_message': 510, 'num_of_iterations': 510}",0,1024,10,72,1152,3584,6255,550461440,21
10,468,10,72,0,2688,26bddecf-2b78-4c8a-a37e-a7e5675ef91f,1723088128018,538320896,470,RAM2688,10,,2,12140544,1260672,0,False,workbench-pyaes,4539,469,496,"{'length_of_message': 210, 'num_of_iterations': 210}",0,1024,0,72,2688,469,5035,550461440,21
11,1937,10,74,0,1920,ba78a436-8d97-46fa-b5e7-528a115fbf36,1723088202767,538320896,1980,RAM1920,11,,3,12140544,3720960,0,False,workbench-pyaes,7929,1938,7941,"{'length_of_message': 460, 'num_of_iterations': 460}",0,1024,70,74,1920,1938,15870,550461440,21
,,,,,512,00ecee74-ec14-435e-b0ed-a1b25345571c,1723088181287,,,,,,,,,,,,,5588,,"{'length_of_message': 410, 'num_of_iterations': 410}",,,,72,,,,,
8,6,10,70,0,3008,9bb89ce9-dd16-4bae-9db9-8912065cdf69,1723088125985,538324992,20,RAM3008,9,398,2,12136448,21056,0,True,workbench-pyaes,42,7,42,"{'length_of_message': 10, 'num_of_iterations': 10}",398,1024,30,70,3008,7,84,550461440,22
11,961,10,71,0,896,878e47c9-173c-4ea9-be16-462e2e80cbbb,1723088126060,538320896,480,RAM896,11,,7,12140544,861952,0,False,workbench-pyaes,8359,962,1517,"{'length_of_message': 210, 'num_of_iterations': 210}",0,1024,0,71,896,962,9876,550461440,22
11,665,10,72,0,1920,f02003b1-34f8-4438-a955-c49ab7dd04a6,1723088150331,538320896,670,RAM1920,11,,3,12140544,1278720,0,False,workbench-pyaes,10381,666,7581,"{'length_of_message': 260, 'num_of_iterations': 260}",0,1024,10,72,1920,666,17962,550461440,21
11,5,10,71,0,1792,01ac49c5-6f65-444d-aa90-57a50a8c38b6,1723088127801,538320896,10,RAM1792,11,,3,12140544,10752,0,False,workbench-pyaes,78,6,730,"{'length_of_message': 10, 'num_of_iterations': 10}",0,1024,0,71,1792,6,808,550461440,21
11,19301,10,71,0,128,6ff370a5-b9bb-48e4-8de2-4de449ee9344,1723088164529,538320896,1170,RAM128,11,,55,12140544,2470656,0,False,workbench-pyaes,7893,19302,7881,"{'length_of_message': 360, 'num_of_iterations': 360}",0,1024,0,71,128,19302,15774,550461440,22
11,2876,10,74,0,2944,4dd77b79-5d73-4754-88e7-ad35b7217bba,1723088248403,538320896,2890,RAM2944,11,,2,12140544,8469888,0,False,workbench-pyaes,7933,2877,7941,"{'length_of_message': 560, 'num_of_iterations': 560}",0,1024,60,74,2944,2877,15874,550461440,21
10,2972,11,74,0,2176,4e500580-298c-45ae-997a-fcd204320e21,1723088205715,538320896,2960,RAM2176,10,,3,12140544,6469248,0,False,workbench-pyaes,7759,2973,7779,"{'length_of_message': 610, 'num_of_iterations': 610}",0,1024,20,74,2176,2973,15538,550461440,21
8,48,10,70,0,2432,e7335f03-ca2c-4a23-91c8-dcce1e96cab6,1723088125833,538324992,40,RAM2432,9,464,2,12136448,119168,0,True,workbench-pyaes,0,49,0,"{'length_of_message': 60, 'num_of_iterations': 60}",464,1024,20,70,2432,49,0,550461440,22
11,5938,9,73,0,2560,e65e9726-2756-4926-928a-43086197034e,1723088172691,538320896,5930,RAM2560,11,,2,12140544,15203840,0,False,workbench-pyaes,3279,5939,718,"{'length_of_message': 810, 'num_of_iterations': 810}",0,1024,50,73,2560,5939,3997,550461440,21
,,,,,128,dad3fe30-20bc-4604-8236-328dd6675605,1723088412372,,,,,,,,,,,,,103912,,,,,,73,,,,,
10,2201,10,71,0,128,61549f3e-2018-4685-b516-abdbd2afddd9,1723088131032,538320896,160,RAM128,10,,55,12140544,281856,0,False,workbench-pyaes,8479,2202,2359,"{'length_of_message': 110, 'num_of_iterations': 110}",0,1024,0,71,128,2202,10838,550461440,22
10,50,10,71,0,1920,cbf00ab7-c94e-4e3a-900d-6bcb9072cd3a,1723088128043,538320896,60,RAM1920,10,,3,12140544,97920,0,False,workbench-pyaes,7721,51,992,"{'length_of_message': 60, 'num_of_iterations': 60}",0,1024,10,71,1920,51,8713,550461440,21
10,6849,10,74,0,2688,b00e8e2b-bcf0-4117-a1d2-bf4af1ade329,1723088180547,538320896,6860,RAM2688,10,,2,12140544,18412800,0,False,workbench-pyaes,3322,6850,760,"{'length_of_message': 860, 'num_of_iterations': 860}",0,1024,50,74,2688,6850,4082,550461440,21
11,457,10,72,0,1792,06455e9c-1517-4cc6-81a8-343248d803fc,1723088135098,538320896,460,RAM1792,11,,4,12140544,820736,0,False,workbench-pyaes,15485,458,7449,"{'length_of_message': 210, 'num_of_iterations': 210}",0,1024,0,72,1792,458,22934,550461440,21
9,170,10,70,0,512,7f1db23f-c599-48ad-a262-0a65727b2109,1723088126669,538320896,70,RAM512,9,,13,12140544,87552,0,False,workbench-pyaes,186,171,0,"{'length_of_message': 60, 'num_of_iterations': 60}",0,1024,30,70,512,171,186,550461440,22
10,12623,10,72,0,1024,1529a8ae-560c-46d7-8d7e-73332279f97e,1723088156555,538320896,7330,RAM1024,10,,7,12140544,12926976,0,False,workbench-pyaes,11286,12624,15975,"{'length_of_message': 860, 'num_of_iterations': 860}",0,1024,170,72,1024,12624,27261,550461440,21
11,2245,9,71,0,1024,69c309a9-fa5d-4d8f-a51f-21a0fcb83b3e,1723088129544,538320896,1280,RAM1024,11,,6,12140544,2299904,0,False,workbench-pyaes,3258,2246,496,"{'length_of_message': 360, 'num_of_iterations': 360}",0,1024,30,71,1024,2246,3754,550461440,21
9,396,10,70,0,256,fe300d1e-c712-4b43-8064-9018afd2a329,1723088124265,538324992,80,RAM256,9,479,27,12136448,101632,0,True,workbench-pyaes,42,397,42,"{'length_of_message': 60, 'num_of_iterations': 60}",479,1024,60,70,256,397,84,550461440,22
9,34541,10,71,0,384,367d1ba0-774f-4364-acd3-1077e6dcb600,1723088158255,538324992,7230,RAM384,9,487,18,12136448,13264128,0,True,workbench-pyaes,42,34542,42,"{'length_of_message': 860, 'num_of_iterations': 860}",487,1024,200,71,384,34542,84,550461440,22
9,265,10,70,0,2688,671e16c7-76ed-43ad-81e6-127778ebb897,1723088126321,538320896,270,RAM2688,9,,2,12140544,715008,0,False,workbench-pyaes,0,266,0,"{'length_of_message': 160, 'num_of_iterations': 160}",0,1024,10,70,2688,266,0,550461440,22
9,233,10,70,0,384,170b711a-e7b4-4046-9003-a4f2461da78c,1723088126714,538324992,70,RAM384,9,,18,12136448,89856,0,False,workbench-pyaes,0,234,0,"{'length_of_message': 60, 'num_of_iterations': 60}",0,1024,20,70,384,234,0,550461440,22
11,4403,10,72,0,512,6bde02ae-1ae8-42bc-8711-88a96eb0ee66,1723088169165,538320896,1130,RAM512,11,,14,12140544,2254848,0,False,workbench-pyaes,7887,4404,7779,"{'length_of_message': 360, 'num_of_iterations': 360}",0,1024,10,72,512,4404,15666,550461440,22
10,866,10,71,0,1408,62400535-f31d-4f7e-9c25-ba81033e6394,1723088149608,538320896,690,RAM1408,10,,5,12140544,1220736,0,False,workbench-pyaes,3200,867,496,"{'length_of_message': 260, 'num_of_iterations': 260}",0,1024,30,71,1408,867,3696,550461440,22
10,7107,10,72,0,896,2b0121c8-7b71-4cb1-968a-a6d229cc5baa,1723088139574,538320896,3540,RAM896,10,,8,12140544,6368768,0,False,workbench-pyaes,78,7108,222,"{'length_of_message': 610, 'num_of_iterations': 610}",0,1024,30,72,896,7108,300,550461440,21
9,5,10,70,0,768,2856b5dc-e375-4448-9f80-4f6e248271da,1723088127395,538324992,0,RAM768,9,,9,12136448,4608,0,False,workbench-pyaes,0,6,0,"{'length_of_message': 10, 'num_of_iterations': 10}",0,1024,10,70,768,6,0,550461440,22
10,1930,10,73,0,2816,ab5de6f7-b140-4808-832d-58d0b10ab881,1723088174016,538320896,1940,RAM2816,10,,2,12140544,5437696,0,False,workbench-pyaes,10323,1931,7611,"{'length_of_message': 460, 'num_of_iterations': 460}",0,1024,20,73,2816,1931,17934,550461440,21
11,6897,10,73,0,768,dc7a7575-0927-445f-ba8e-a281b38e4456,1723088179940,538320896,2990,RAM768,11,,9,12140544,5297664,0,False,workbench-pyaes,7797,6898,7821,"{'length_of_message': 560, 'num_of_iterations': 560}",0,1024,50,73,768,6898,15618,550461440,21
10,4923,10,71,0,1280,ffe7564e-b2d1-4bbc-9255-5161e111f25b,1723088144549,538320896,3540,RAM1280,11,,5,12140544,6302720,0,False,workbench-pyaes,3320,4924,760,"{'length_of_message': 610, 'num_of_iterations': 610}",0,1024,40,71,1280,4924,4080,550461440,22
11,63,9,71,0,1408,e4dd1cd0-653a-4a97-901f-1a46fc2da1bf,1723088127918,538320896,40,RAM1408,11,,5,12140544,90112,0,False,workbench-pyaes,4471,64,496,"{'length_of_message': 60, 'num_of_iterations': 60}",0,1024,0,71,1408,64,4967,550461440,21
11,539,10,72,0,1536,73f74c89-26a8-468b-b082-a251b5918f6c,1723088134688,538320896,470,RAM1536,11,,4,12140544,829440,0,False,workbench-pyaes,0,540,0,"{'length_of_message': 210, 'num_of_iterations': 210}",0,1024,10,72,1536,540,0,550461440,21
9,64090,10,71,0,256,b560ddcf-b0f6-42ae-b92b-67ba47be01c4,1723088187937,538324992,8810,RAM256,9,464,27,12136448,16407296,0,True,workbench-pyaes,42,64091,42,,464,1024,220,71,256,64091,84,550461440,22
10,946,10,72,0,2176,24ea66d1-5063-48c4-a7b7-d03d0d066550,1723088161191,538320896,960,RAM2176,10,,3,12140544,2060672,0,False,workbench-pyaes,7893,947,7935,"{'length_of_message': 310, 'num_of_iterations': 310}",0,1024,10,72,2176,947,15828,550461440,21
8,8,10,70,0,2432,47b8881d-cd5b-4cf0-aab5-8fde0de3b242,1723088125670,538324992,20,RAM2432,9,480,2,12136448,21888,0,True,workbench-pyaes,42,9,42,"{'length_of_message': 10, 'num_of_iterations': 10}",480,1024,60,70,2432,9,84,550461440,22
11,3830,10,74,0,1152,d0c5b146-ec95-4021-8a97-8dae4ec04f3e,1723088176347,538320896,2480,RAM1152,11,,6,12140544,4413312,0,False,workbench-pyaes,3278,3831,718,"{'length_of_message': 510, 'num_of_iterations': 510}",0,1024,20,74,1152,3831,3996,550461440,21
9,7,10,71,0,2944,4dc5f5a0-20ad-404b-8c91-ba611aa871fa,1723088128115,538320896,0,RAM2944,10,,2,12140544,23552,0,False,workbench-pyaes,326,8,504,"{'length_of_message': 10, 'num_of_iterations': 10}",0,1024,10,71,2944,8,830,550461440,22
10,707,10,71,0,384,cbd32baf-d4a8-44e8-bd1e-668433e7f273,1723088129498,538320896,170,RAM384,10,,18,12140544,271872,0,False,workbench-pyaes,14460,708,16471,"{'length_of_message': 110, 'num_of_iterations': 110}",0,1024,30,71,384,708,30931,550461440,22
9,1511,10,70,0,1152,bb5776b1-7064-4d04-b169-362a26c456cb,1723088159091,538324992,1050,RAM1152,9,464,6,12136448,1741824,0,True,workbench-pyaes,42,1512,42,"{'length_of_message': 310, 'num_of_iterations': 310}",464,1024,100,70,1152,1512,84,550461440,22
10,264,10,71,0,1920,58c0687b-f940-4570-8f66-e1ccde538655,1723088130701,538320896,270,RAM1920,10,,3,12140544,508800,0,False,workbench-pyaes,42,265,42,"{'length_of_message': 160, 'num_of_iterations': 160}",0,1024,0,71,1920,265,84,550461440,21
11,3419,10,73,0,3008,49300f42-d750-4107-9faf-d44eda83b2ff,1723088160858,538320896,3420,RAM3008,11,,2,12140544,10287360,0,False,workbench-pyaes,4484,3420,496,"{'length_of_message': 660, 'num_of_iterations': 660}",0,1024,50,73,3008,3420,4980,550461440,21
11,5537,10,73,0,1536,3f303c43-67ef-462c-abe4-4bc68aacf43c,1723088153152,538320896,4780,RAM1536,11,,4,12140544,8506368,0,False,workbench-pyaes,7893,5538,7737,"{'length_of_message': 710, 'num_of_iterations': 710}",0,1024,50,73,1536,5538,15630,550461440,21
9,7,10,71,0,1536,83a34f92-beb5-49de-8ab5-b5a2c55ef9ec,1723088127801,538320896,10,RAM1536,9,,4,12140544,12288,0,False,workbench-pyaes,1387,8,6922,"{'length_of_message': 10, 'num_of_iterations': 10}",0,1024,10,71,1536,8,8309,550461440,22
10,532,10,71,0,1536,8853f119-482b-40b3-9a6b-1b8380f54f39,1723088126895,538320896,470,RAM1536,10,,4,12140544,818688,0,False,workbench-pyaes,4485,533,562,"{'length_of_message': 210, 'num_of_iterations': 210}",0,1024,0,71,1536,533,5047,550461440,21
10,12652,10,72,0,1024,a7ecdb41-c9e2-4be8-bb71-e66f4e29e750,1723088158419,538320896,6550,RAM1024,11,,7,12140544,12956672,0,False,workbench-pyaes,7821,12653,7713,"{'length_of_message': 910, 'num_of_iterations': 910}",0,1024,30,72,1024,12653,15534,550461440,22
10,744,10,72,0,1664,c0ecb25b-b107-47a1-969b-c222441ab0f9,1723088149790,538320896,690,RAM1664,10,,4,12140544,1239680,0,False,workbench-pyaes,7733,745,7581,"{'length_of_message': 260, 'num_of_iterations': 260}",0,1024,10,72,1664,745,15314,550461440,21
10,405,10,71,0,640,a726ff8a-ceef-40fe-8b6d-359a2b79e207,1723088126809,538320896,160,RAM640,11,,11,12140544,259840,0,False,workbench-pyaes,5953,406,9097,"{'length_of_message': 110, 'num_of_iterations': 110}",0,1024,10,71,640,406,15050,550461440,22
10,48,10,72,0,2560,88784f47-a3a5-4b58-9fff-d46e91253fb9,1723088128203,538320896,40,RAM2560,10,,2,12140544,125440,0,False,workbench-pyaes,0,49,0,"{'length_of_message': 60, 'num_of_iterations': 60}",0,1024,0,72,2560,49,0,550461440,21
10,3146,10,74,0,1408,fe5a1aac-ed32-4982-b8e7-5eadacf599d9,1723088218182,538320896,2480,RAM1408,10,,5,12140544,4430976,0,False,workbench-pyaes,7825,3147,7713,"{'length_of_message': 510, 'num_of_iterations': 510}",0,1024,30,74,1408,3147,15538,550461440,21
10,2467,11,74,0,2176,c23b0b6c-32ff-47d4-a475-dffc45ac2b32,1723088243174,538320896,2490,RAM2176,10,,3,12140544,5370368,0,False,workbench-pyaes,7825,2468,7779,"{'length_of_message': 560, 'num_of_iterations': 560}",0,1024,10,74,2176,2468,15604,550461440,21
9,187,10,70,0,512,faa2542c-b7ff-412e-ac4f-fff1c1192ce0,1723088124075,538324992,200,RAM512,9,471,13,12136448,96256,0,True,workbench-pyaes,42,188,42,"{'length_of_message': 60, 'num_of_iterations': 60}",471,1024,150,70,512,188,84,550461440,22
8,8,10,70,0,1536,67ac7eaa-70e0-46c3-b102-4cb9f391ff65,1723088124520,538324992,20,RAM1536,9,473,4,12136448,13824,0,True,workbench-pyaes,0,9,0,"{'length_of_message': 10, 'num_of_iterations': 10}",473,1024,40,70,1536,9,0,550461440,21
9,1060,9,70,0,256,33d8ad0f-c4a8-4c3d-99eb-98bb3c8b6b61,1723088124961,538324992,170,RAM256,9,487,27,12136448,271616,0,True,workbench-pyaes,42,1061,42,"{'length_of_message': 110, 'num_of_iterations': 110}",487,1024,40,70,256,1061,84,550461440,22
10,593,10,72,0,2304,5ca30f9d-2b3c-4247-83ce-6dd34d2a3a87,1723088150875,538320896,600,RAM2304,10,,3,12140544,1368576,0,False,workbench-pyaes,7809,594,7515,"{'length_of_message': 260, 'num_of_iterations': 260}",0,1024,0,72,2304,594,15324,550461440,21
11,1599,10,72,0,2944,484b502f-ab6c-439a-84ad-7991165c820c,1723088138298,538320896,1600,RAM2944,11,,2,12140544,4710400,0,False,workbench-pyaes,8428,1600,7779,"{'length_of_message': 410, 'num_of_iterations': 410}",0,1024,20,72,2944,1600,16207,550461440,21
8,2158,10,70,0,256,a8996003-d2ce-4aee-885a-a4833e9ae3d5,1723088126155,538324992,310,RAM256,9,581,27,12136448,552704,0,True,workbench-pyaes,42,2159,42,"{'length_of_message': 160, 'num_of_iterations': 160}",581,1024,60,70,256,2159,84,550461440,22
10,2420,10,73,0,1920,b39547dd-28d0-4be1-a969-ecca6f02d319,1723088220757,538320896,2430,RAM1920,10,,3,12140544,4648320,0,False,workbench-pyaes,7867,2421,7755,"{'length_of_message': 510, 'num_of_iterations': 510}",0,1024,30,73,1920,2421,15622,550461440,21
11,6629,10,73,0,2560,cecf7147-031c-4eaa-bf0c-a32a98049279,1723088179771,538320896,6660,RAM2560,11,,2,12140544,16972800,0,False,workbench-pyaes,3280,6630,718,"{'length_of_message': 860, 'num_of_iterations': 860}",0,1024,30,73,2560,6630,3998,550461440,21
10,4505,11,72,0,2176,8c3c3c15-2aaa-4694-8e2f-46bd96711714,1723088162705,538320896,4530,RAM2176,10,,3,12140544,9805056,0,False,workbench-pyaes,3202,4506,496,"{'length_of_message': 760, 'num_of_iterations': 760}",0,1024,30,72,2176,4506,3698,550461440,21
11,1952,10,72,0,1792,60d1e1c5-8243-4dca-9ebc-fa6b656864f2,1723088137558,538320896,1950,RAM1792,11,,4,12140544,3499776,0,False,workbench-pyaes,3197,1953,496,"{'length_of_message': 460, 'num_of_iterations': 460}",0,1024,30,72,1792,1953,3693,550461440,21
10,5884,10,72,0,640,3b1b177e-9b21-4082-a4ca-10a422d3492f,1723088162194,538320896,2110,RAM640,10,,11,12140544,3766400,0,False,workbench-pyaes,7897,5885,7993,"{'length_of_message': 460, 'num_of_iterations': 460}",0,1024,20,72,640,5885,15890,550461440,22
10,3787,10,73,0,768,ec41729a-d3f5-44bd-bbcc-eadec5be9bc4,1723088179496,538320896,1640,RAM768,10,,9,12140544,2909184,0,False,workbench-pyaes,7887,3788,7845,"{'length_of_message': 410, 'num_of_iterations': 410}",0,1024,20,73,768,3788,15732,550461440,22
9,133,10,70,0,2176,01d3b433-8988-451c-a4d2-4566f356f280,1723088125464,538324992,130,RAM2176,9,,3,12136448,291584,0,False,workbench-pyaes,0,134,0,"{'length_of_message': 110, 'num_of_iterations': 110}",0,1024,0,70,2176,134,0,550461440,22
11,1247,10,73,0,2944,5490f731-2138-4bbb-9753-33a7e5c8648f,1723088175987,538320896,1250,RAM2944,11,,2,12140544,3674112,0,False,workbench-pyaes,3202,1248,496,"{'length_of_message': 360, 'num_of_iterations': 360}",0,1024,0,73,2944,1248,3698,550461440,21
9,13847,10,71,0,640,7e61fa84-1137-4b61-b441-311f3147747b,1723088137453,538324992,3660,RAM640,9,372,11,12136448,8862720,0,True,workbench-pyaes,42,13848,42,"{'length_of_message': 710, 'num_of_iterations': 710}",372,1024,80,71,640,13848,84,550461440,22
10,5411,10,73,0,2688,e35e398a-9c55-459f-8c4f-ec4b448d7d77,1723088168171,538320896,5440,RAM2688,10,,2,12140544,14547456,0,False,workbench-pyaes,3276,5412,718,"{'length_of_message': 760, 'num_of_iterations': 760}",0,1024,30,73,2688,5412,3994,550461440,21
9,3606,10,70,0,256,e88bb657-eea1-4c4f-9f44-2205035caa0d,1723088127497,538324992,510,RAM256,9,478,27,12136448,923392,0,True,workbench-pyaes,0,3607,0,"{'length_of_message': 210, 'num_of_iterations': 210}",478,1024,0,70,256,3607,0,550461440,22
10,8211,10,73,0,1664,0eb94aa2-b336-40ba-96db-e4cb166aeafb,1723088170469,538320896,7630,RAM1664,10,,4,12140544,13664768,0,False,workbench-pyaes,3277,8212,718,"{'length_of_message': 910, 'num_of_iterations': 910}",0,1024,50,73,1664,8212,3995,550461440,21
9,261,10,70,0,2048,fef1420e-e162-4305-a915-62a219585807,1723088135765,538324992,300,RAM2048,9,462,3,12136448,536576,0,True,workbench-pyaes,42,262,42,"{'length_of_message': 160, 'num_of_iterations': 160}",462,1024,40,70,2048,262,84,550461440,22
11,462,10,72,0,2944,fc8b7df0-36c2-4e9c-871e-06449417b4cf,1723088136074,538320896,460,RAM2944,11,,2,12140544,1363072,0,False,workbench-pyaes,7199,463,156,"{'length_of_message': 210, 'num_of_iterations': 210}",0,1024,0,72,2944,463,7355,550461440,21
10,221,10,72,0,3008,181fce2b-7618-4907-b419-4e3a214720cd,1723088131225,538320896,230,RAM3008,10,,2,12140544,667776,0,False,workbench-pyaes,0,222,0,"{'length_of_message': 160, 'num_of_iterations': 160}",0,1024,0,72,3008,222,0,550461440,21
10,394,11,72,0,2176,fea0806f-9782-4d01-9f8f-90a0f0c95bb9,1723088135387,538320896,400,RAM2176,10,,3,12140544,859520,0,False,workbench-pyaes,3338,395,1148,"{'length_of_message': 210, 'num_of_iterations': 210}",0,1024,0,72,2176,395,4486,550461440,21
9,404,10,70,0,640,b120d34a-04b3-4d93-bb6d-70cb86388490,1723088124163,538324992,190,RAM640,9,479,10,12136448,259200,0,True,workbench-pyaes,42,405,42,"{'length_of_message': 110, 'num_of_iterations': 110}",479,1024,110,70,640,405,84,550461440,22
9,3425,9,70,0,640,cf105485-dfe7-4f68-aebc-c69557099d82,1723088127243,538324992,1120,RAM640,9,406,10,12136448,2192640,0,True,workbench-pyaes,42,3426,42,"{'length_of_message': 360, 'num_of_iterations': 360}",406,1024,30,70,640,3426,84,550461440,22
11,6,10,71,0,1024,ba3046aa-7fdc-42ce-bbb1-ecfb5421d8e7,1723088126360,538320896,0,RAM1024,11,,6,12140544,7168,0,False,workbench-pyaes,78,7,598,"{'length_of_message': 10, 'num_of_iterations': 10}",0,1024,0,71,1024,7,676,550461440,22
8,51,10,70,0,2816,283f332d-05dc-40eb-9a6f-ee7396dc3750,1723088126068,538324992,50,RAM2816,9,483,2,12136448,146432,0,True,workbench-pyaes,0,52,0,"{'length_of_message': 60, 'num_of_iterations': 60}",483,1024,40,70,2816,52,0,550461440,22
9,5,10,70,0,640,8dc71440-6705-456c-81f1-c79b5f58dc06,1723088126250,538324992,0,RAM640,10,,10,12136448,3840,0,False,workbench-pyaes,0,6,0,"{'length_of_message': 10, 'num_of_iterations': 10}",0,1024,0,70,640,6,0,550461440,22
10,1040,10,71,0,512,30d7b2b2-15f4-4e13-9177-3794f7709780,1723088129551,538320896,310,RAM512,10,,13,12140544,532992,0,False,workbench-pyaes,14528,1041,16537,"{'length_of_message': 160, 'num_of_iterations': 160}",0,1024,40,71,512,1041,31065,550461440,22
10,1250,10,72,0,2176,3b545afd-c858-47d0-8a9c-f786cd5a572f,1723088154473,538320896,1250,RAM2176,10,,3,12140544,2722176,0,False,workbench-pyaes,10447,1251,7779,"{'length_of_message': 360, 'num_of_iterations': 360}",0,1024,10,72,2176,1251,18226,550461440,21
11,263,10,72,0,2944,ab156a18-f99e-4392-9c91-946751b613a5,1723088131229,538320896,270,RAM2944,11,,2,12140544,777216,0,False,workbench-pyaes,0,264,0,"{'length_of_message': 160, 'num_of_iterations': 160}",0,1024,10,72,2944,264,0,550461440,21
11,472,10,72,0,2048,a4e714d0-a9f0-48ac-ba54-26f385e322dc,1723088135247,538320896,460,RAM2048,11,,3,12140544,968704,0,False,workbench-pyaes,10447,473,7935,"{'length_of_message': 210, 'num_of_iterations': 210}",0,1024,10,72,2048,473,18382,550461440,21
10,1978,10,74,0,2816,3a21fad6-fe49-4770-93c0-9c193f99fcb5,1723088206434,538320896,2050,RAM2816,10,,2,12140544,5572864,0,False,workbench-pyaes,7825,1979,7899,"{'length_of_message': 460, 'num_of_iterations': 460}",0,1024,190,74,2816,1979,15724,550461440,21
11,1182,10,73,0,1792,37fcce7e-c71e-4469-a4ad-7a613cdb3607,1723088153973,538320896,1100,RAM1792,11,,4,12140544,2119936,0,False,workbench-pyaes,3200,1183,496,"{'length_of_message': 360, 'num_of_iterations': 360}",0,1024,0,73,1792,1183,3696,550461440,21
11,6145,11,73,0,3008,9004eed0-749a-4406-9328-869d17133b29,1723088178810,538320896,6170,RAM3008,11,,2,12140544,18487168,0,False,workbench-pyaes,7821,6146,7833,"{'length_of_message': 810, 'num_of_iterations': 810}",0,1024,30,73,3008,6146,15654,550461440,21
11,1228,10,73,0,2432,bdb1df5d-523f-4a8f-9218-0f1ed28304bd,1723088174915,538320896,1230,RAM2432,11,,3,12140544,2988928,0,False,workbench-pyaes,7745,1229,7581,"{'length_of_message': 360, 'num_of_iterations': 360}",0,1024,10,73,2432,1229,15326,550461440,21
11,461,9,71,0,1024,0927dbfd-72bb-4d87-b829-ebf36997ffcb,1723088134062,538320896,280,RAM1024,11,,6,12140544,473088,0,False,workbench-pyaes,3355,462,288,"{'length_of_message': 160, 'num_of_iterations': 160}",0,1024,20,71,1024,462,3643,550461440,21
11,4427,10,72,0,2304,75193b83-2039-440c-bd07-2c8848636137,1723088164999,538320896,4430,RAM2304,11,,3,12140544,10202112,0,False,workbench-pyaes,7731,4428,7611,"{'length_of_message': 760, 'num_of_iterations': 760}",0,1024,40,72,2304,4428,15342,550461440,22
9,8991,10,70,0,512,90324bee-a372-4a24-b948-0991a39a0d8e,1723088132695,538324992,2540,RAM512,9,472,13,12136448,4603904,0,True,workbench-pyaes,42,8992,42,"{'length_of_message': 510, 'num_of_iterations': 510}",472,1024,70,70,512,8992,84,550461440,22
10,1231,10,72,0,2816,0e196a8b-2cc9-4f04-b396-4dd0223b9e74,1723088134828,538320896,1230,RAM2816,10,,2,12140544,3469312,0,False,workbench-pyaes,0,1232,0,"{'length_of_message': 360, 'num_of_iterations': 360}",0,1024,20,72,2816,1232,0,550461440,21
,,,,,2176,cd2395e9-2598-4216-bb5b-e4702154c720,1723088260543,,,,,,,,,,,,,2975,,"{'length_of_message': 610, 'num_of_iterations': 610}",,,,74,,,,,
10,951,10,72,0,2048,61a6a606-0e73-4265-8ee2-7b6d780262fa,1723088145945,538320896,950,RAM2048,10,,3,12140544,1949696,0,False,workbench-pyaes,3200,952,496,"{'length_of_message': 310, 'num_of_iterations': 310}",0,1024,0,72,2048,952,3696,550461440,21
11,133,10,72,0,2304,4ebaf698-f213-4192-8d3e-542e50267d82,1723088130391,538320896,140,RAM2304,11,,3,12140544,308736,0,False,workbench-pyaes,7090,134,562,"{'length_of_message': 110, 'num_of_iterations': 110}",0,1024,0,72,2304,134,7652,550461440,21
11,5258,10,72,0,1024,c7384763-715f-49ae-9f0a-65ec6a72540d,1723088187224,538320896,3010,RAM1024,11,,7,12140544,5385216,0,False,workbench-pyaes,11558,5259,15975,"{'length_of_message': 560, 'num_of_iterations': 560}",0,1024,20,72,1024,5259,27533,550461440,22
11,455,10,71,0,2048,c695c4b1-078b-4e3c-b285-8ad58d0b10f1,1723088143141,538320896,460,RAM2048,11,,3,12140544,933888,0,False,workbench-pyaes,3195,456,496,"{'length_of_message': 210, 'num_of_iterations': 210}",0,1024,10,71,2048,456,3691,550461440,22
11,1598,11,72,0,3008,28765342-a713-41ef-a9d6-7242732883bb,1723088164594,538320896,1610,RAM3008,11,,2,12140544,4809792,0,False,workbench-pyaes,3275,1599,718,"{'length_of_message': 410, 'num_of_iterations': 410}",0,1024,30,72,3008,1599,3993,550461440,21
9,134677,10,72,0,128,618ce1cc-324f-4570-8ac8-2fbadbcf3fb5,1723088258444,538324992,9100,RAM128,9,490,56,12136448,17238784,0,True,workbench-pyaes,42,134678,42,,490,1024,140,72,128,134678,84,550461440,22
10,672,10,72,0,1920,bbcc967b-d72f-475f-8370-b0bf48503e16,1723088139552,538320896,680,RAM1920,10,,3,12140544,1292160,0,False,workbench-pyaes,3197,673,496,"{'length_of_message': 260, 'num_of_iterations': 260}",0,1024,10,72,1920,673,3693,550461440,21
9,48,10,70,0,1792,5e430b80-b46d-4183-88e7-a458cc365a41,1723088125237,538324992,70,RAM1792,9,450,3,12136448,87808,0,True,workbench-pyaes,42,49,42,"{'length_of_message': 60, 'num_of_iterations': 60}",450,1024,70,70,1792,49,84,550461440,22
9,130,10,70,0,2816,64467718-7226-44a5-ad12-e8f6601a4ae3,1723088126169,538324992,160,RAM2816,9,443,2,12136448,368896,0,True,workbench-pyaes,42,131,42,"{'length_of_message': 110, 'num_of_iterations': 110}",443,1024,60,70,2816,131,84,550461440,22
11,10525,10,73,0,512,19386311-e406-4de4-83bd-c539ae258491,1723088232829,538320896,2990,RAM512,11,,14,12140544,5389312,0,False,workbench-pyaes,7811,10526,7945,"{'length_of_message': 560, 'num_of_iterations': 560}",0,1024,30,73,512,10526,15756,550461440,21
10,1411,10,72,0,1152,0e992fd4-d10d-44e6-8cae-4ca4f287029f,1723088143747,538320896,830,RAM1152,10,,6,12140544,1626624,0,False,workbench-pyaes,3200,1412,496,"{'length_of_message': 310, 'num_of_iterations': 310}",0,1024,10,72,1152,1412,3696,550461440,21
10,727,10,71,0,640,68b68e4c-687a-4c90-87a6-8cfa67dafd0d,1723088133542,538320896,260,RAM640,10,,11,12140544,465920,0,False,workbench-pyaes,11350,728,16041,"{'length_of_message': 160, 'num_of_iterations': 160}",0,1024,20,71,640,728,27391,550461440,22
10,3452,10,73,0,2304,e5ad03f8-9ef2-49e3-9ec8-cc56238f5101,1723088263417,538320896,3470,RAM2304,10,,3,12140544,7955712,0,False,workbench-pyaes,7759,3453,7740,"{'length_of_message': 610, 'num_of_iterations': 610}",0,1024,50,73,2304,3453,15499,550461440,21
9,55550,9,70,0,128,b92ed766-2cec-4993-9bb1-d42f8e85fcb7,1723088179262,538324992,3710,RAM128,9,478,54,12136448,7110528,0,True,workbench-pyaes,42,55551,42,"{'length_of_message': 610, 'num_of_iterations': 610}",478,1024,50,70,128,55551,84,550461440,22
10,1752,10,72,0,1664,3366f45a-39d6-4c48-b0be-e3cb6510c36c,1723088134623,538320896,1580,RAM1664,10,,4,12140544,2916992,0,False,workbench-pyaes,7107,1753,496,"{'length_of_message': 410, 'num_of_iterations': 410}",0,1024,10,72,1664,1753,7603,550461440,21
10,86,10,71,0,1024,2468945d-d519-4fba-9176-c4fbc3cdd801,1723088127828,538320896,50,RAM1024,10,,6,12140544,89088,0,False,workbench-pyaes,0,87,0,"{'length_of_message': 60, 'num_of_iterations': 60}",0,1024,0,71,1024,87,0,550461440,22
10,929,10,72,0,2816,14476962-ca90-4ea8-9309-24a2d0d9f5e8,1723088162219,538320896,920,RAM2816,10,,2,12140544,2618880,0,False,workbench-pyaes,7677,930,7581,"{'length_of_message': 310, 'num_of_iterations': 310}",0,1024,20,72,2816,930,15258,550461440,21
11,14699,10,71,0,128,ed38da3f-205f-47fd-bf8d-213974d25b3b,1723088153423,538320896,880,RAM128,11,,55,12140544,1881600,0,False,workbench-pyaes,11230,14700,16077,"{'length_of_message': 310, 'num_of_iterations': 310}",0,1024,10,71,128,14700,27307,550461440,22
9,5998,10,70,0,512,13076554-1dd1-44cb-ab16-5742f59c1a34,1723088129883,538324992,1780,RAM512,9,468,13,12136448,3071488,0,True,workbench-pyaes,42,5999,42,"{'length_of_message': 410, 'num_of_iterations': 410}",468,1024,150,70,512,5999,84,550461440,21
10,74700,9,72,0,128,224a739e-ffe2-41db-bc24-015a93dcbd2f,1723088379983,538320896,4980,RAM128,10,,56,12140544,9561728,0,False,workbench-pyaes,20099,74701,7921,,0,1024,70,72,128,74701,28020,550461440,21
11,4683,10,72,0,1536,bcb6e3c6-ef6e-4703-9af8-4484b6e34339,1723088149243,538320896,4010,RAM1536,11,,4,12140544,7194624,0,False,workbench-pyaes,7821,4684,7869,"{'length_of_message': 660, 'num_of_iterations': 660}",0,1024,30,72,1536,4684,15690,550461440,22
11,6338,10,73,0,1664,3571a501-250e-4b85-bfed-4dca0006c8d0,1723088163940,538320896,5950,RAM1664,11,,4,12140544,10548096,0,False,workbench-pyaes,7891,6339,7713,"{'length_of_message': 810, 'num_of_iterations': 810}",0,1024,40,73,1664,6339,15604,550461440,21
9,12671,10,70,0,384,3142e482-11b2-4a70-8d9a-3573fc3e5def,1723088136306,538324992,2710,RAM384,9,505,18,12136448,4866048,0,True,workbench-pyaes,42,12672,42,"{'length_of_message': 510, 'num_of_iterations': 510}",505,1024,150,70,384,12672,84,550461440,22
11,2861,10,72,0,2560,297e6a77-63d3-47ac-a90d-dff1af522394,1723088147777,538320896,2870,RAM2560,11,,2,12140544,7326720,0,False,workbench-pyaes,132,2862,156,"{'length_of_message': 560, 'num_of_iterations': 560}",0,1024,10,72,2560,2862,288,550461440,21
10,286,10,72,0,1664,e941c162-da65-4992-8f80-58aabd904408,1723088134915,538320896,270,RAM1664,11,,4,12140544,477568,0,False,workbench-pyaes,3356,287,264,"{'length_of_message': 160, 'num_of_iterations': 160}",0,1024,0,72,1664,287,3620,550461440,21
9,7532,10,70,0,256,09e4dee0-0cec-4ee4-a188-2448b0bf9404,1723088131440,538324992,1060,RAM256,9,490,27,12136448,1928448,0,True,workbench-pyaes,42,7533,42,"{'length_of_message': 310, 'num_of_iterations': 310}",490,1024,40,70,256,7533,84,550461440,22
10,389,9,71,0,256,1ade8888-ff0e-4720-ab13-77062af177ce,1723088126861,538320896,70,RAM256,10,,27,12140544,99840,0,False,workbench-pyaes,11288,390,15579,"{'length_of_message': 60, 'num_of_iterations': 60}",0,1024,10,71,256,390,26867,550461440,22
10,2404,10,72,0,2816,f07d29a4-c206-46d6-9db3-5021438fb587,1723088144770,538320896,2420,RAM2816,10,,2,12140544,6772480,0,False,workbench-pyaes,132,2405,156,"{'length_of_message': 510, 'num_of_iterations': 510}",0,1024,30,72,2816,2405,288,550461440,21
11,2822,10,74,0,2432,94ad1904-3539-4b51-903d-0e06201b463f,1723088245553,538320896,2850,RAM2432,11,,3,12140544,6865536,0,False,workbench-pyaes,7867,2823,7887,"{'length_of_message': 560, 'num_of_iterations': 560}",0,1024,30,74,2432,2823,15754,550461440,21
11,8237,10,74,0,2560,39cc1a41-a0be-4ec9-9323-79a9612b704d,1723088193212,538320896,8270,RAM2560,11,,2,12140544,21089280,0,False,workbench-pyaes,3322,8238,760,"{'length_of_message': 960, 'num_of_iterations': 960}",0,1024,110,74,2560,8238,4082,550461440,21
10,1245,10,71,0,2688,6ea5059a-6245-4e58-b8ca-b79543d83b7f,1723088134604,538320896,1240,RAM2688,10,,2,12140544,3349248,0,False,workbench-pyaes,3196,1246,496,"{'length_of_message': 360, 'num_of_iterations': 360}",0,1024,10,71,2688,1246,3692,550461440,22
8,48,10,70,0,2304,b7c0382b-3819-45be-8003-0b27a61a6bd2,1723088125604,538324992,70,RAM2304,9,458,3,12136448,112896,0,True,workbench-pyaes,42,49,42,"{'length_of_message': 60, 'num_of_iterations': 60}",458,1024,60,70,2304,49,84,550461440,22
10,461,10,72,0,2816,328f330e-50c4-47bc-82d2-4bc7d62c95b7,1723088136016,538320896,470,RAM2816,10,,2,12140544,1300992,0,False,workbench-pyaes,7108,462,496,"{'length_of_message': 210, 'num_of_iterations': 210}",0,1024,0,72,2816,462,7604,550461440,21
11,6407,10,73,0,1152,3c83d80a-a785-46b6-bc8d-31e31b068960,1723088198889,538320896,2860,RAM1152,11,,6,12140544,7382016,0,False,workbench-pyaes,7759,6408,7779,"{'length_of_message': 610, 'num_of_iterations': 610}",0,1024,100,73,1152,6408,15538,550461440,21
10,937,10,72,0,2816,192da285-f5e7-4d7f-aba3-7a8e06b01dde,1723088132434,538320896,950,RAM2816,10,,2,12140544,2641408,0,False,workbench-pyaes,42,938,42,"{'length_of_message': 310, 'num_of_iterations': 310}",0,1024,20,72,2816,938,84,550461440,21
11,5805,10,73,0,768,9a381526-553c-4528-8ce7-8e861a7708f2,1723088169502,538320896,2480,RAM768,11,,9,12140544,4459008,0,False,workbench-pyaes,7817,5806,7803,"{'length_of_message': 510, 'num_of_iterations': 510}",0,1024,30,73,768,5806,15620,550461440,21
9,7250,10,70,0,640,bb6a4699-e8d0-453a-9edf-d539689d5c03,1723088130850,538324992,2600,RAM640,9,478,10,12136448,4640640,0,True,workbench-pyaes,42,7251,42,"{'length_of_message': 510, 'num_of_iterations': 510}",478,1024,80,70,640,7251,84,550461440,22
11,6,10,71,0,2048,5895d538-4589-4c7e-84a9-4e01d362b907,1723088126655,538320896,20,RAM2048,11,,3,12140544,14336,0,False,workbench-pyaes,0,7,0,"{'length_of_message': 10, 'num_of_iterations': 10}",0,1024,10,71,2048,7,0,550461440,22
11,3577,10,72,0,2048,0c30b059-d094-40b4-afed-383736eec2b3,1723088148995,538320896,3590,RAM2048,11,,3,12140544,7327744,0,False,workbench-pyaes,3195,3578,496,"{'length_of_message': 610, 'num_of_iterations': 610}",0,1024,30,72,2048,3578,3691,550461440,22
10,2129,10,72,0,1408,0e859a70-f3a6-41a8-952d-53bec4a41c6a,1723088133341,538320896,1700,RAM1408,10,,5,12140544,2999040,0,False,workbench-pyaes,7145,2130,604,"{'length_of_message': 410, 'num_of_iterations': 410}",0,1024,20,72,1408,2130,7749,550461440,21
9,265,10,70,0,2560,81b86a48-0153-4a53-9dee-960c5175c3ee,1723088126252,538320896,270,RAM2560,9,,2,12140544,680960,0,False,workbench-pyaes,0,266,0,"{'length_of_message': 160, 'num_of_iterations': 160}",0,1024,20,70,2560,266,0,550461440,22
8,8,10,70,0,1280,44a01ad6-378f-419a-9030-3bdd8aa0133e,1723088124450,538324992,20,RAM1280,9,474,5,12136448,11520,0,True,workbench-pyaes,42,9,42,"{'length_of_message': 10, 'num_of_iterations': 10}",474,1024,60,70,1280,9,84,550461440,22
11,1837,10,73,0,1536,2b648650-19a7-41cd-98e6-dd0b1eecc769,1723088185762,538320896,1570,RAM1536,11,,4,12140544,2823168,0,False,workbench-pyaes,7809,1838,7677,"{'length_of_message': 410, 'num_of_iterations': 410}",0,1024,20,73,1536,1838,15486,550461440,22
10,50,10,71,0,2176,82fdf9db-29f0-4797-a480-65dc66ccb36a,1723088128149,538320896,50,RAM2176,10,,3,12140544,110976,0,False,workbench-pyaes,0,51,0,"{'length_of_message': 60, 'num_of_iterations': 60}",0,1024,0,71,2176,51,0,550461440,21
10,2869,10,74,0,2816,7090a867-d146-49f4-9206-8b974b450015,1723088198759,538320896,2870,RAM2816,10,,2,12140544,8081920,0,False,workbench-pyaes,7891,2870,7737,"{'length_of_message': 560, 'num_of_iterations': 560}",0,1024,40,74,2816,2870,15628,550461440,21
11,2036,10,74,0,3008,5c83655b-ec50-46d0-8ae6-9b78adcb77ff,1723088225255,538320896,2029,RAM3008,11,,2,12140544,6127296,0,False,workbench-pyaes,7821,2037,7833,"{'length_of_message': 510, 'num_of_iterations': 510}",0,1024,20,74,3008,2037,15654,550461440,21
10,68138,9,73,0,256,c16335e3-0002-48ee-aa7e-2f303bfa2634,1723088251948,538320896,9440,RAM256,10,,28,12140544,17443584,0,False,workbench-pyaes,7999,68139,7977,,0,1024,140,73,256,68139,15976,550461440,22
10,2878,10,74,0,2176,8f23163b-a2b9-4adb-94f0-5e5f540529d5,1723088194953,538320896,2900,RAM2176,10,,3,12140544,6264704,0,False,workbench-pyaes,7763,2879,7767,"{'length_of_message': 560, 'num_of_iterations': 560}",0,1024,20,74,2176,2879,15530,550461440,21
10,6,10,71,0,896,86de0c70-08b9-4a64-9a81-1c9bbb0ee263,1723088127480,538320896,10,RAM896,10,,7,12140544,6272,0,False,workbench-pyaes,0,7,0,"{'length_of_message': 10, 'num_of_iterations': 10}",0,1024,0,71,896,7,0,550461440,22
10,2441,10,74,0,2048,3b8a3813-2506-46ee-bd5c-652f1a4d3257,1723088181031,538320896,2460,RAM2048,10,,3,12140544,5001216,0,False,workbench-pyaes,7869,2442,7887,"{'length_of_message': 510, 'num_of_iterations': 510}",0,1024,20,74,2048,2442,15756,550461440,21
11,8729,10,73,0,512,e54650c8-11b8-42b0-8589-d55135a6efbb,1723088212510,538320896,2480,RAM512,11,,14,12140544,4469760,0,False,workbench-pyaes,7997,8730,7953,"{'length_of_message': 510, 'num_of_iterations': 510}",0,1024,50,73,512,8730,15950,550461440,21
10,1092,10,71,0,768,9fdc4186-499f-4d1f-bed6-1b8162f81908,1723088132840,538320896,570,RAM768,10,,9,12140544,839424,0,False,workbench-pyaes,11282,1093,15909,"{'length_of_message': 210, 'num_of_iterations': 210}",0,1024,90,71,768,1093,27191,550461440,22
10,3789,10,74,0,1408,cb822615-e4d7-461e-adee-402698b755a4,1723088191071,538320896,3020,RAM1408,10,,5,12140544,5336320,0,False,workbench-pyaes,3280,3790,718,"{'length_of_message': 560, 'num_of_iterations': 560}",0,1024,10,74,1408,3790,3998,550461440,21
10,8044,10,73,0,1408,394ef7e3-f226-4df5-a62c-25e37fc10e38,1723088160651,538320896,6270,RAM1408,10,,5,12140544,11327360,0,False,workbench-pyaes,7821,8045,7737,"{'length_of_message': 810, 'num_of_iterations': 810}",0,1024,50,73,1408,8045,15558,550461440,21
11,2432,10,72,0,3008,795dd6fb-bb9e-49ad-b714-3e27736417f6,1723088149823,538320896,2440,RAM3008,11,,2,12140544,7318464,0,False,workbench-pyaes,10371,2433,7713,"{'length_of_message': 560, 'num_of_iterations': 560}",0,1024,10,72,3008,2433,18084,550461440,21
9,290,10,70,0,768,04759467-445c-49ec-b198-2412ba7b3866,1723088126703,538320896,160,RAM768,9,,9,12140544,223488,0,False,workbench-pyaes,186,291,0,"{'length_of_message': 110, 'num_of_iterations': 110}",0,1024,30,70,768,291,186,550461440,22
,,,,,1536,01a62199-acef-4e29-92f6-80a77db53bc8,1723088200961,,,,,,,,,,,,,4040,,"{'length_of_message': 610, 'num_of_iterations': 610}",,,,73,,,,,
,,,,,128,9444278a-3f94-4b0d-bb7c-3d459e0ba6b0,1723088387523,,,,,,,,,,,,,81520,,,,,,73,,,,,
10,415,10,71,0,1152,565378cf-d1e5-4704-b8b2-a52dbf6924f7,1723088125325,538320896,270,RAM1152,10,,6,12140544,479232,0,False,workbench-pyaes,11214,416,15777,"{'length_of_message': 160, 'num_of_iterations': 160}",0,1024,10,71,1152,416,26991,550461440,22
10,399,10,71,0,2304,12cbbe4b-0db2-4b10-bdb2-ffbbd3bb22c1,1723088143437,538320896,400,RAM2304,10,,3,12140544,921600,0,False,workbench-pyaes,0,400,0,"{'length_of_message': 210, 'num_of_iterations': 210}",0,1024,10,71,2304,400,0,550461440,22
10,1327,10,72,0,1664,b551f7d1-3d8e-4f3d-bf92-0784653959c9,1723088132004,538320896,1240,RAM1664,10,,4,12140544,2209792,0,False,workbench-pyaes,42,1328,42,"{'length_of_message': 360, 'num_of_iterations': 360}",0,1024,0,72,1664,1328,84,550461440,21
9,5,10,70,0,512,08bf8530-5207-4626-b5a6-b5eb93922050,1723088126169,538324992,10,RAM512,9,,13,12136448,3072,0,False,workbench-pyaes,0,6,0,"{'length_of_message': 10, 'num_of_iterations': 10}",0,1024,0,70,512,6,0,550461440,22
10,2135,10,71,0,256,7a60c168-bc4c-4b98-a464-f666f38dddbb,1723088130613,538320896,300,RAM256,10,,27,12140544,546816,0,False,workbench-pyaes,14412,2136,16309,"{'length_of_message': 160, 'num_of_iterations': 160}",0,1024,30,71,256,2136,30721,550461440,22
9,5,10,70,0,384,58668281-b0b4-4368-9e81-ed63bb6bb135,1723088126317,538324992,20,RAM384,9,,18,12136448,2304,0,False,workbench-pyaes,42,6,42,"{'length_of_message': 10, 'num_of_iterations': 10}",0,1024,10,70,384,6,84,550461440,22
9,50,10,71,0,2816,c8c7880d-cf49-41a7-baa7-e2d94b401f12,1723088127269,538320896,50,RAM2816,9,,2,12140544,143616,0,False,workbench-pyaes,9737,51,8767,"{'length_of_message': 60, 'num_of_iterations': 60}",0,1024,0,71,2816,51,18504,550461440,22
10,114,10,71,0,3008,435b2456-6017-4bee-bda2-1abc0282ee51,1723088127873,538320896,110,RAM3008,10,,2,12140544,345920,0,False,workbench-pyaes,7714,115,1058,"{'length_of_message': 110, 'num_of_iterations': 110}",0,1024,0,71,3008,115,8772,550461440,21
9,2308,10,70,0,1536,fb0496e4-0ca8-479c-a973-a66cbfe70cff,1723088136623,538324992,2000,RAM1536,9,474,4,12136448,3546624,0,True,workbench-pyaes,42,2309,42,"{'length_of_message': 460, 'num_of_iterations': 460}",474,1024,60,70,1536,2309,84,550461440,22
11,1247,10,73,0,2688,5da6cd0a-48b9-4d28-abd1-0a3147387ee2,1723088155811,538320896,1270,RAM2688,11,,2,12140544,3354624,0,False,workbench-pyaes,3200,1248,496,"{'length_of_message': 360, 'num_of_iterations': 360}",0,1024,10,73,2688,1248,3696,550461440,21
11,5425,10,73,0,2048,0a05ac75-ae4d-4dfb-97cc-cc12d9bb5820,1723088162632,538320896,5460,RAM2048,11,,3,12140544,11112448,0,False,workbench-pyaes,3322,5426,760,"{'length_of_message': 760, 'num_of_iterations': 760}",0,1024,20,73,2048,5426,4082,550461440,21
10,55933,9,71,0,128,090bd4bf-9129-4da6-b32d-681bb0de8d7f,1723088235361,538320896,3760,RAM128,10,,55,12140544,7159552,0,False,workbench-pyaes,11640,55934,16423,"{'length_of_message': 610, 'num_of_iterations': 610}",0,1024,0,71,128,55934,28063,550461440,22
10,956,10,72,0,1920,56395b76-33c7-4559-8468-840b25896233,1723088160434,538320896,950,RAM1920,10,,3,12140544,1837440,0,False,workbench-pyaes,7813,957,7515,"{'length_of_message': 310, 'num_of_iterations': 310}",0,1024,0,72,1920,957,15328,550461440,21
11,261,10,71,0,2432,0b3ba090-36fb-41e5-8c60-4312c0151805,1723088130934,538320896,270,RAM2432,11,,2,12140544,637184,0,False,workbench-pyaes,3240,262,538,"{'length_of_message': 160, 'num_of_iterations': 160}",0,1024,0,71,2432,262,3778,550461440,22
10,187,10,71,0,1280,a7c0c603-9cf7-4c3f-889f-a793ac2dc8e4,1723088127249,538320896,150,RAM1280,10,,5,12140544,240640,0,False,workbench-pyaes,14137,188,15413,"{'length_of_message': 110, 'num_of_iterations': 110}",0,1024,0,71,1280,188,29550,550461440,22
11,5110,10,73,0,1664,0b2746fd-1ddb-4083-a710-453470c4355d,1723088153871,538320896,4600,RAM1664,11,,4,12140544,8504704,0,False,workbench-pyaes,7801,5111,7779,"{'length_of_message': 710, 'num_of_iterations': 710}",0,1024,40,73,1664,5111,15580,550461440,21
10,193,10,72,0,1152,87d8f96d-0100-491b-93fe-3f6108ad37f0,1723088129548,538320896,120,RAM1152,10,,6,12140544,223488,0,False,workbench-pyaes,0,194,0,"{'length_of_message': 110, 'num_of_iterations': 110}",0,1024,20,72,1152,194,0,550461440,21
8,12,10,70,0,1152,4fd0dde1-0ed6-4885-84a2-cd898262f322,1723088125096,538324992,0,RAM1152,9,367,6,12136448,14976,0,True,workbench-pyaes,42,13,42,"{'length_of_message': 10, 'num_of_iterations': 10}",367,1024,50,70,1152,13,84,550461440,21
11,3447,10,72,0,2560,7724b830-bf20-487e-959a-df4e1692c587,1723088152492,538320896,3470,RAM2560,11,,2,12140544,8826880,0,False,workbench-pyaes,10323,3448,7647,"{'length_of_message': 610, 'num_of_iterations': 610}",0,1024,40,72,2560,3448,17970,550461440,21
10,5,10,71,0,3008,1f495012-61df-493c-ad2d-ef99157d7b1c,1723088126898,538320896,10,RAM3008,10,,2,12140544,18048,0,False,workbench-pyaes,876,6,801,"{'length_of_message': 10, 'num_of_iterations': 10}",0,1024,0,71,3008,6,1677,550461440,22
11,2397,10,74,0,1792,9418e232-ea8a-43a4-a26a-bc51bb308686,1723088220627,538320896,2380,RAM1792,11,,4,12140544,4297216,0,False,workbench-pyaes,7825,2398,7833,"{'length_of_message': 510, 'num_of_iterations': 510}",0,1024,30,74,1792,2398,15658,550461440,21
9,10241,10,70,0,640,1b2dd5a3-4dd6-45d4-99f8-1fd63bb7c5e6,1723088133958,538324992,3630,RAM640,9,484,10,12136448,6554880,0,True,workbench-pyaes,42,10242,42,"{'length_of_message': 610, 'num_of_iterations': 610}",484,1024,110,70,640,10242,84,550461440,22
10,1236,10,71,0,1024,7741dca0-303f-4f6e-91b0-f02169aa7934,1723088127029,538320896,700,RAM1024,10,,6,12140544,1266688,0,False,workbench-pyaes,11090,1237,15843,"{'length_of_message': 260, 'num_of_iterations': 260}",0,1024,10,71,1024,1237,26933,550461440,22
11,6689,10,73,0,2944,d320ffad-b9d6-4f3a-bbbb-a3d283ec4ae2,1723088183450,538320896,6720,RAM2944,11,,2,12140544,19695360,0,False,workbench-pyaes,3319,6690,760,"{'length_of_message': 860, 'num_of_iterations': 860}",0,1024,50,73,2944,6690,4079,550461440,21
10,263,10,72,0,2816,0e6ad7e4-2589-40c1-af8d-ad1a5e4e93bd,1723088131259,538320896,260,RAM2816,10,,2,12140544,743424,0,False,workbench-pyaes,0,264,0,"{'length_of_message': 160, 'num_of_iterations': 160}",0,1024,0,72,2816,264,0,550461440,21
10,258,10,71,0,2816,584e668c-cb80-4a65-a934-4c19c4ebe471,1723088136003,538320896,250,RAM2816,10,,2,12140544,729344,0,False,workbench-pyaes,7739,259,7581,"{'length_of_message': 160, 'num_of_iterations': 160}",0,1024,20,71,2816,259,15320,550461440,22
11,2817,9,72,0,1280,293acdd4-c41a-46e8-a320-4322443fedbd,1723088200727,538320896,2009,RAM1280,11,,5,12140544,3607040,0,False,workbench-pyaes,7893,2818,7899,"{'length_of_message': 460, 'num_of_iterations': 460}",0,1024,20,72,1280,2818,15792,550461440,22
10,10657,10,71,0,128,66fff563-3de2-490a-979e-d8a3ea817d8f,1723088145169,538320896,650,RAM128,11,,55,12140544,1364224,0,False,workbench-pyaes,11440,10658,16391,"{'length_of_message': 260, 'num_of_iterations': 260}",0,1024,20,71,128,10658,27831,550461440,22
10,1957,10,73,0,896,dad4e03b-f40f-42bd-8af8-4c67d1a824dd,1723088157934,538320896,990,RAM896,10,,8,12140544,1754368,0,False,workbench-pyaes,7805,1958,7941,"{'length_of_message': 310, 'num_of_iterations': 310}",0,1024,50,73,896,1958,15746,550461440,21
10,2182,10,72,0,1664,e87b6690-676e-45f3-a351-21fbd31b7be8,1723088168983,538320896,2009,RAM1664,10,,4,12140544,3632512,0,False,workbench-pyaes,11270,2183,15819,"{'length_of_message': 460, 'num_of_iterations': 460}",0,1024,70,72,1664,2183,27089,550461440,21
10,1361,11,73,0,2176,0ecceb15-0b2e-41e9-a91f-bd1d22bec4c2,1723088187258,538320896,1410,RAM2176,10,,3,12140544,2963712,0,False,workbench-pyaes,7999,1362,7911,"{'length_of_message': 410, 'num_of_iterations': 410}",0,1024,30,73,2176,1362,15910,550461440,21
10,17380,10,72,0,384,dd5d6fcf-a695-4479-af05-ac7cf8e5e26f,1723088196874,538320896,3660,RAM384,10,,18,12140544,6674304,0,False,workbench-pyaes,7897,17381,7833,"{'length_of_message': 610, 'num_of_iterations': 610}",0,1024,60,72,384,17381,15730,550461440,22
10,667,10,71,0,2816,3bc65d03-5f33-4826-90dc-855276e151f6,1723088140687,538320896,670,RAM2816,10,,2,12140544,1881088,0,False,workbench-pyaes,3197,668,496,"{'length_of_message': 260, 'num_of_iterations': 260}",0,1024,0,71,2816,668,3693,550461440,22
9,7702,10,70,0,128,482432aa-ef90-47c0-ae91-d93ffde02f03,1723088131491,538324992,520,RAM128,9,478,54,12136448,985984,0,True,workbench-pyaes,42,7703,42,"{'length_of_message': 210, 'num_of_iterations': 210}",478,1024,40,70,128,7703,84,550461440,22
9,74886,10,71,0,128,533207ff-6b03-4f89-b074-f3ec04a42051,1723088198776,538324992,5060,RAM128,9,471,55,12136448,9585536,0,True,workbench-pyaes,42,74887,42,,471,1024,190,71,128,74887,84,550461440,22
9,24365,10,71,0,512,580aeccd-6135-468d-b961-e330f447c418,1723088147965,538324992,6870,RAM512,9,476,13,12136448,12475392,0,True,workbench-pyaes,42,24366,42,"{'length_of_message': 860, 'num_of_iterations': 860}",476,1024,90,71,512,24366,84,550461440,22
10,523,10,72,0,1664,141efa49-6b8f-4c23-a28c-4b1184fa36a9,1723088142711,538320896,480,RAM1664,10,,4,12140544,871936,0,False,workbench-pyaes,3278,524,718,"{'length_of_message': 210, 'num_of_iterations': 210}",0,1024,10,72,1664,524,3996,550461440,21
11,3137,10,72,0,1152,ab6342da-810b-424b-bd50-e9935ac1b25a,1723088134521,538320896,2040,RAM1152,11,,6,12140544,3614976,0,False,workbench-pyaes,78,3138,222,"{'length_of_message': 460, 'num_of_iterations': 460}",0,1024,30,72,1152,3138,300,550461440,21
10,2345,10,71,0,384,2b5809e6-5f55-4f6b-b8a6-2e32486d58e8,1723088134091,538320896,550,RAM384,10,,18,12140544,900864,0,False,workbench-pyaes,11284,2346,16041,"{'length_of_message': 210, 'num_of_iterations': 210}",0,1024,70,71,384,2346,27325,550461440,22
10,8486,10,74,0,2688,4cea3ea5-714b-4fbb-a80d-94750b67c51d,1723088196115,538320896,8520,RAM2688,10,,2,12140544,22813056,0,False,workbench-pyaes,3322,8487,760,"{'length_of_message': 960, 'num_of_iterations': 960}",0,1024,110,74,2688,8487,4082,550461440,21
11,1058,10,73,0,3008,02907bae-a3f8-4b6e-b73d-90e0a09200cc,1723088176026,538320896,1060,RAM3008,11,,2,12140544,3185472,0,False,workbench-pyaes,3200,1059,496,"{'length_of_message': 360, 'num_of_iterations': 360}",0,1024,10,73,3008,1059,3696,550461440,21
10,5,9,71,0,256,6f078b76-f5f4-4410-a0fd-71cdff567345,1723088127340,538320896,100,RAM256,10,,27,12140544,1536,0,False,workbench-pyaes,3582,6,862,"{'length_of_message': 10, 'num_of_iterations': 10}",0,1024,70,71,256,6,4444,550461440,21
10,32375,10,71,0,128,97ad8a3a-06bb-4ac4-8e24-ddf85d5f66b7,1723088188610,538320896,2150,RAM128,10,,55,12140544,4144128,0,False,workbench-pyaes,11498,32376,16267,"{'length_of_message': 460, 'num_of_iterations': 460}",0,1024,0,71,128,32376,27765,550461440,22
8,113,10,70,0,768,e6d14173-f8b5-47f7-a6bf-997ccd86bb1b,1723088123809,538324992,60,RAM768,9,436,9,12136448,87552,0,True,workbench-pyaes,42,114,42,"{'length_of_message': 60, 'num_of_iterations': 60}",436,1024,60,70,768,114,84,550461440,22
9,3893,10,70,0,768,a6d9ac8d-2cdc-4183-8c95-94d223f38c26,1723088127823,538324992,1680,RAM768,9,515,9,12136448,2990592,0,True,workbench-pyaes,42,3894,42,"{'length_of_message': 410, 'num_of_iterations': 410}",515,1024,60,70,768,3894,84,550461440,22
10,58,10,71,0,1280,ccfd37b5-db5b-4fff-93c7-a801f7e00044,1723088127880,538320896,50,RAM1280,10,,5,12140544,75520,0,False,workbench-pyaes,0,59,0,"{'length_of_message': 60, 'num_of_iterations': 60}",0,1024,0,71,1280,59,0,550461440,22
10,2853,10,72,0,640,25cd9a02-aa46-4d34-bf04-d493bc00af5c,1723088141652,538320896,790,RAM640,11,,11,12140544,1826560,0,False,workbench-pyaes,11354,2854,16107,"{'length_of_message': 310, 'num_of_iterations': 310}",0,1024,30,72,640,2854,27461,550461440,22
9,111203,10,71,0,128,81ac8294-b96a-4b35-af43-d87e297889ec,1723088235061,538324992,7430,RAM128,9,472,55,12136448,14234112,0,True,workbench-pyaes,42,111204,42,,472,1024,80,71,128,111204,84,550461440,22
9,142,10,70,0,640,49ac38f4-3fc2-4746-8d0b-fee459557bfd,1723088123750,538324992,60,RAM640,9,365,10,12136448,91520,0,True,workbench-pyaes,42,143,42,"{'length_of_message': 60, 'num_of_iterations': 60}",365,1024,70,70,640,143,84,550461440,22
8,8,10,70,0,2944,24d92883-1a5b-4602-a3fa-821ffeeb4369,1723088125904,538324992,10,RAM2944,9,490,2,12136448,26496,0,True,workbench-pyaes,42,9,42,"{'length_of_message': 10, 'num_of_iterations': 10}",490,1024,40,70,2944,9,84,550461440,22
11,1980,10,74,0,2944,bf0b4716-4861-406c-8fba-2a1cf14b0556,1723088206481,538320896,2000,RAM2944,11,,2,12140544,5832064,0,False,workbench-pyaes,7745,1981,7557,"{'length_of_message': 460, 'num_of_iterations': 460}",0,1024,20,74,2944,1981,15302,550461440,21
11,1976,10,73,0,2048,a3412e8b-132b-44ad-b75d-e561f25c3118,1723088170917,538320896,1990,RAM2048,11,,3,12140544,4048896,0,False,workbench-pyaes,7745,1977,7677,"{'length_of_message': 460, 'num_of_iterations': 460}",0,1024,10,73,2048,1977,15422,550461440,21
11,10662,10,73,0,1024,6da9fd47-5028-4a19-8684-f4106f9cf196,1723088152551,538320896,6100,RAM1024,11,,7,12140544,10918912,0,False,workbench-pyaes,3275,10663,718,"{'length_of_message': 810, 'num_of_iterations': 810}",0,1024,80,73,1024,10663,3993,550461440,21
11,3988,10,73,0,2304,7606c12b-cb5f-4e96-8e02-c8fa992c8d55,1723088155885,538320896,4010,RAM2304,11,,3,12140544,9190656,0,False,workbench-pyaes,78,3989,222,"{'length_of_message': 660, 'num_of_iterations': 660}",0,1024,40,73,2304,3989,300,550461440,21
9,221,10,70,0,384,fb768c10-dd12-4652-ac46-0d5fc2f793d7,1723088127764,538320896,50,RAM384,9,,18,12140544,85248,0,False,workbench-pyaes,0,222,0,"{'length_of_message': 60, 'num_of_iterations': 60}",0,1024,0,70,384,222,0,550461440,22
11,1131,10,73,0,1536,4e4e070d-6023-4b90-9f32-34a4d5ea6ff2,1723088159420,538320896,990,RAM1536,11,,4,12140544,1738752,0,False,workbench-pyaes,7801,1132,7755,"{'length_of_message': 310, 'num_of_iterations': 310}",0,1024,40,73,1536,1132,15556,550461440,21
11,937,10,73,0,2048,d9d5ba6b-76b8-4272-b6c5-c7bcfd1fdbe9,1723088160710,538320896,940,RAM2048,11,,3,12140544,1921024,0,False,workbench-pyaes,7611,938,7557,"{'length_of_message': 310, 'num_of_iterations': 310}",0,1024,10,73,2048,938,15168,550461440,21
11,3107,10,73,0,1664,d3ac82c6-82e7-465c-9b05-da7d48f15e93,1723088240652,538320896,2940,RAM1664,11,,4,12140544,5171712,0,False,workbench-pyaes,7865,3108,7821,"{'length_of_message': 560, 'num_of_iterations': 560}",0,1024,50,73,1664,3108,15686,550461440,21
11,2776,10,72,0,1536,be4bfda1-170a-4c8c-bf39-5f8c86b70a30,1723088178540,538320896,2420,RAM1536,11,,4,12140544,4265472,0,False,workbench-pyaes,3280,2777,718,"{'length_of_message': 510, 'num_of_iterations': 510}",0,1024,30,72,1536,2777,3998,550461440,22
10,2046,10,73,0,2688,c166a274-dbd8-4f22-ae8d-bfa69f717419,1723088173132,538320896,2060,RAM2688,10,,2,12140544,5502336,0,False,workbench-pyaes,7877,2047,7677,"{'length_of_message': 460, 'num_of_iterations': 460}",0,1024,10,73,2688,2047,15554,550461440,21
11,8229,10,74,0,1792,007bc203-4abf-49da-a4d6-78228b53bb2e,1723088181533,538320896,8210,RAM1792,11,,4,12140544,14748160,0,False,workbench-pyaes,7823,8230,7779,"{'length_of_message': 960, 'num_of_iterations': 960}",0,1024,50,74,1792,8230,15602,550461440,21
9,53924,10,71,0,256,824444c7-a08d-4b65-945e-db24c2cad8d2,1723088177670,538324992,6190,RAM256,9,366,27,12136448,13804800,0,True,workbench-pyaes,42,53925,42,"{'length_of_message': 910, 'num_of_iterations': 910}",366,1024,110,71,256,53925,84,550461440,22
11,6386,9,72,0,1408,78b3b6c7-3836-4360-b39f-209e4addfc2b,1723088149511,538320896,3210,RAM1408,11,,5,12140544,8992896,0,False,workbench-pyaes,3273,6387,718,"{'length_of_message': 660, 'num_of_iterations': 660}",0,1024,20,72,1408,6387,3991,550461440,21
9,23638,10,71,0,384,2a0a658c-a710-4eba-b6f0-065970e56ed5,1723088147530,538324992,4970,RAM384,9,476,18,12136448,9077376,0,True,workbench-pyaes,42,23639,42,"{'length_of_message': 710, 'num_of_iterations': 710}",476,1024,130,71,384,23639,84,550461440,22
11,1485,10,71,0,1536,962b6769-0799-4b93-be10-8526297f55a2,1723088131743,538320896,1300,RAM1536,11,,4,12140544,2282496,0,False,workbench-pyaes,132,1486,430,"{'length_of_message': 360, 'num_of_iterations': 360}",0,1024,20,71,1536,1486,562,550461440,22
11,5287,10,73,0,2432,5b60ca07-1200-4250-8f3e-62ef7b0cd3ed,1723088167040,538320896,5300,RAM2432,11,,3,12140544,12860416,0,False,workbench-pyaes,3276,5288,718,"{'length_of_message': 760, 'num_of_iterations': 760}",0,1024,30,73,2432,5288,3994,550461440,21
9,23596,9,70,0,256,d3f36204-3ab5-44a9-90cc-d2a6a1848a02,1723088147329,538324992,3300,RAM256,9,501,27,12136448,6040832,0,True,workbench-pyaes,42,23597,42,"{'length_of_message': 560, 'num_of_iterations': 560}",501,1024,70,70,256,23597,84,550461440,22
10,10906,10,72,0,896,759eba3b-fd20-4e56-999f-6169ff43adb1,1723088147803,538320896,5460,RAM896,10,,8,12140544,9772672,0,False,workbench-pyaes,7969,10907,8157,"{'length_of_message': 760, 'num_of_iterations': 760}",0,1024,60,72,896,10907,16126,550461440,22
10,19373,10,72,0,256,ce21035e-6dcb-4b72-aadc-a24b6faf7690,1723088223138,538320896,2660,RAM256,10,,28,12140544,4959744,0,False,workbench-pyaes,7893,19374,7947,"{'length_of_message': 510, 'num_of_iterations': 510}",0,1024,30,72,256,19374,15840,550461440,21
11,6651,10,73,0,1792,be6b4693-7d35-4da2-b990-96963550e093,1723088170003,538320896,6650,RAM1792,11,,4,12140544,11920384,0,False,workbench-pyaes,3322,6652,760,"{'length_of_message': 860, 'num_of_iterations': 860}",0,1024,40,73,1792,6652,4082,550461440,21
11,692,10,71,0,2944,b74ecd84-10b3-4eed-a906-98b58d78e8f8,1723088130150,538320896,710,RAM2944,11,,2,12140544,2040192,0,False,workbench-pyaes,132,693,496,"{'length_of_message': 260, 'num_of_iterations': 260}",0,1024,10,71,2944,693,628,550461440,22
11,1326,10,73,0,1280,2a09cf2e-aec3-4b32-8cff-4de5c6fb825e,1723088159315,538320896,970,RAM1280,11,,5,12140544,1698560,0,False,workbench-pyaes,10331,1327,7899,"{'length_of_message': 310, 'num_of_iterations': 310}",0,1024,30,73,1280,1327,18230,550461440,21
10,1256,10,72,0,2176,4ae62d0a-08bd-431d-8dea-cf183e8beb0d,1723088174065,538320896,1260,RAM2176,10,,3,12140544,2735232,0,False,workbench-pyaes,3322,1257,760,"{'length_of_message': 360, 'num_of_iterations': 360}",0,1024,10,72,2176,1257,4082,550461440,21
10,1381,10,71,0,384,4bd190fc-eb59-431b-9343-109fa252cc9f,1723088134180,538320896,410,RAM384,11,,18,12140544,530688,0,False,workbench-pyaes,11218,1382,16173,"{'length_of_message': 160, 'num_of_iterations': 160}",0,1024,130,71,384,1382,27391,550461440,22
9,20150,10,71,0,640,49a8aad2-b0c5-4049-9421-99751075c43c,1723088143876,538324992,7150,RAM640,9,503,11,12136448,12896640,0,True,workbench-pyaes,42,20151,42,"{'length_of_message': 860, 'num_of_iterations': 860}",503,1024,140,71,640,20151,84,550461440,22
8,26,10,70,0,512,064306dd-c130-4465-b8c8-64c2b742a126,1723088123713,538324992,120,RAM512,9,468,13,12136448,13824,0,True,workbench-pyaes,42,27,42,"{'length_of_message': 10, 'num_of_iterations': 10}",468,1024,150,70,512,27,84,550461440,21
10,2351,10,73,0,2816,c9fbce71-1af5-46c4-85c5-81ab40c29ffc,1723088184886,538320896,2370,RAM2816,10,,2,12140544,6623232,0,False,workbench-pyaes,7823,2352,7803,"{'length_of_message': 510, 'num_of_iterations': 510}",0,1024,30,73,2816,2352,15626,550461440,21
10,7401,10,72,0,2304,7b10b076-98b1-40cd-a6e9-a93aee84d63c,1723088184226,538320896,7430,RAM2304,10,,3,12140544,17054208,0,False,workbench-pyaes,7765,7402,7671,"{'length_of_message': 910, 'num_of_iterations': 910}",0,1024,60,72,2304,7402,15436,550461440,21
11,2356,10,72,0,2432,bb4e2e62-6f9f-4ca5-8a19-6ca8cc71a538,1723088143221,538320896,2350,RAM2432,11,,2,12140544,5732224,0,False,workbench-pyaes,3203,2357,496,"{'length_of_message': 510, 'num_of_iterations': 510}",0,1024,10,72,2432,2357,3699,550461440,21
,,,,,128,99f5f785-402e-4706-a952-8dbbce00b4a0,1723088480829,,,,,,,,,,,,,109664,,,,,,73,,,,,
9,23,9,70,0,256,87f7c10d-eb9a-48ca-9cd5-91aaabee738d,1723088126120,538320896,0,RAM256,9,,27,12140544,6144,0,False,workbench-pyaes,0,24,0,"{'length_of_message': 10, 'num_of_iterations': 10}",0,1024,0,70,256,24,0,550461440,22
9,12054,10,70,0,640,b5519f6d-caad-45cc-8bff-078f2e5b0bba,1723088135795,538324992,4370,RAM640,9,503,10,12136448,7715200,0,True,workbench-pyaes,42,12055,42,"{'length_of_message': 660, 'num_of_iterations': 660}",503,1024,150,70,640,12055,84,550461440,22
11,1261,10,72,0,2944,b8e80f05-912b-412c-b426-95e6d10b508f,1723088135212,538320896,1280,RAM2944,11,,2,12140544,3715328,0,False,workbench-pyaes,0,1262,0,"{'length_of_message': 360, 'num_of_iterations': 360}",0,1024,0,72,2944,1262,0,550461440,21
9,4,9,70,0,640,a319de64-8d8c-46e1-8d7b-08a5aecb9a74,1723088127496,538324992,0,RAM640,10,,10,12136448,3200,0,False,workbench-pyaes,0,5,0,"{'length_of_message': 10, 'num_of_iterations': 10}",0,1024,0,70,640,5,0,550461440,22
10,965,10,73,0,1280,2322a608-c21f-4de2-9de5-e7b90d57d96d,1723088149503,538320896,700,RAM1280,10,,5,12140544,1236480,0,False,workbench-pyaes,7749,966,7449,"{'length_of_message': 260, 'num_of_iterations': 260}",0,1024,10,73,1280,966,15198,550461440,21
11,10838,10,72,0,1152,fb328d71-f9de-4591-a961-a2da91eead18,1723088157547,538320896,4750,RAM1152,11,,6,12140544,12486528,0,False,workbench-pyaes,7755,10839,7803,"{'length_of_message': 810, 'num_of_iterations': 810}",0,1024,110,72,1152,10839,15558,550461440,21
11,2865,10,74,0,2432,178c0569-5d75-40bc-a9a3-223c984dae1c,1723088196916,538320896,2890,RAM2432,11,,3,12140544,6970112,0,False,workbench-pyaes,7955,2866,7845,"{'length_of_message': 560, 'num_of_iterations': 560}",0,1024,30,74,2432,2866,15800,550461440,21
10,2340,10,72,0,768,0fb92d7a-8100-422b-a5f6-65b4e53b8615,1723088141135,538320896,990,RAM768,10,,9,12140544,1797888,0,False,workbench-pyaes,11422,2341,15975,"{'length_of_message': 310, 'num_of_iterations': 310}",0,1024,20,72,768,2341,27397,550461440,22
9,1567,10,70,0,2304,06327b79-77c5-435c-a885-5c3e3ab8a417,1723088162937,538324992,1590,RAM2304,9,467,3,12136448,3612672,0,True,workbench-pyaes,42,1568,42,"{'length_of_message': 410, 'num_of_iterations': 410}",467,1024,60,70,2304,1568,84,550461440,21
9,6967,10,71,0,1536,c316bdd9-e123-444a-bc80-d15ba1107648,1723088160585,538324992,6000,RAM1536,9,491,4,12136448,10702848,0,True,workbench-pyaes,42,6968,42,"{'length_of_message': 810, 'num_of_iterations': 810}",491,1024,110,71,1536,6968,84,550461440,22
11,4806,10,71,0,384,44b4783b-010f-49c9-b325-74af591c62af,1723088143571,538320896,990,RAM384,11,,18,12140544,1845888,0,False,workbench-pyaes,11210,4807,15819,"{'length_of_message': 310, 'num_of_iterations': 310}",0,1024,10,71,384,4807,27029,550461440,22
10,271,10,71,0,2048,00ffff4a-5eb1-432d-b778-007f177eef02,1723088125931,538320896,260,RAM2048,11,,3,12140544,557056,0,False,workbench-pyaes,14261,272,16207,"{'length_of_message': 160, 'num_of_iterations': 160}",0,1024,10,71,2048,272,30468,550461440,22
9,825,10,70,0,128,5a4a926c-9196-43e5-a774-bf0c2b0cf1d1,1723088124711,538324992,70,RAM128,9,471,54,12136448,105728,0,True,workbench-pyaes,42,826,42,"{'length_of_message': 60, 'num_of_iterations': 60}",471,1024,60,70,128,826,84,550461440,22
10,940,10,72,0,2176,994f2903-ca0a-4cc2-b0ba-020243faa98b,1723088145914,538320896,940,RAM2176,10,,3,12140544,2047616,0,False,workbench-pyaes,78,941,222,"{'length_of_message': 310, 'num_of_iterations': 310}",0,1024,10,72,2176,941,300,550461440,21
10,719,10,71,0,1152,1ba75889-fcda-4bef-a8bf-1036a77c9d14,1723088126411,538320896,480,RAM1152,10,,6,12140544,829440,0,False,workbench-pyaes,3199,720,496,"{'length_of_message': 210, 'num_of_iterations': 210}",0,1024,10,71,1152,720,3695,550461440,22
11,2439,10,74,0,3008,cf0a18fb-66e2-4f46-81e2-5c7a6f75565d,1723088248048,538320896,2460,RAM3008,11,,2,12140544,7339520,0,False,workbench-pyaes,7801,2440,7875,"{'length_of_message': 560, 'num_of_iterations': 560}",0,1024,10,74,3008,2440,15676,550461440,21
9,104,10,71,0,128,dc879942-573a-41e4-bd14-edad80ae2deb,1723088127418,538320896,0,RAM128,9,,55,12140544,13440,0,False,workbench-pyaes,260,105,430,"{'length_of_message': 10, 'num_of_iterations': 10}",0,1024,0,71,128,105,690,550461440,22
9,4364,10,70,0,384,ec090e47-2ba3-45dd-bca0-a982280b634a,1723088128140,538324992,780,RAM384,9,364,18,12136448,1676160,0,True,workbench-pyaes,42,4365,42,"{'length_of_message': 310, 'num_of_iterations': 310}",364,1024,50,70,384,4365,84,550461440,22
11,7551,10,74,0,2944,9bc13b14-8d22-42c3-adb7-70a2e6bb1eaa,1723088191843,538320896,7590,RAM2944,11,,2,12140544,22233088,0,False,workbench-pyaes,7871,7552,7941,"{'length_of_message': 910, 'num_of_iterations': 910}",0,1024,80,74,2944,7552,15812,550461440,21
10,3430,10,72,0,1920,092dfeee-333e-4cd1-9f80-ffac3aa6f194,1723088148460,538320896,3430,RAM1920,10,,3,12140544,6587520,0,False,workbench-pyaes,3195,3431,496,"{'length_of_message': 610, 'num_of_iterations': 610}",0,1024,30,72,1920,3431,3691,550461440,21
10,74,10,71,0,1408,861a9cdd-24bc-48fc-a584-e2f8f9cb4ba3,1723088126894,538320896,70,RAM1408,10,,5,12140544,105600,0,False,workbench-pyaes,10342,75,14880,"{'length_of_message': 60, 'num_of_iterations': 60}",0,1024,0,71,1408,75,25222,550461440,22
10,3430,10,72,0,1280,2a46cbe8-fed6-4b6e-ac13-798f3a2118ef,1723088177995,538320896,2470,RAM1280,10,,5,12140544,4391680,0,False,workbench-pyaes,7835,3431,7833,"{'length_of_message': 510, 'num_of_iterations': 510}",0,1024,20,72,1280,3431,15668,550461440,21
11,4545,9,72,0,1408,5d3ca5bc-36c2-4268-92b2-7674a0e1c700,1723088141377,538320896,2310,RAM1408,11,,5,12140544,6400768,0,False,workbench-pyaes,3198,4546,496,"{'length_of_message': 560, 'num_of_iterations': 560}",0,1024,20,72,1408,4546,3694,550461440,21
10,2803,10,74,0,1536,575bff81-a7d9-4e19-8401-dbd5847459e1,1723088219027,538320896,2410,RAM1536,10,,4,12140544,4306944,0,False,workbench-pyaes,7891,2804,7833,"{'length_of_message': 510, 'num_of_iterations': 510}",0,1024,30,74,1536,2804,15724,550461440,21
10,6,10,71,0,1792,a3ed7781-c0d9-439c-b38d-cfcb9b2506e1,1723088126617,538320896,20,RAM1792,10,,3,12140544,12544,0,False,workbench-pyaes,1255,7,867,"{'length_of_message': 10, 'num_of_iterations': 10}",0,1024,0,71,1792,7,2122,550461440,22
11,6878,10,73,0,2048,810e5248-df45-4079-a572-8c6f9c0a12ed,1723088173089,538320896,6940,RAM2048,11,,3,12140544,14088192,0,False,workbench-pyaes,7823,6879,7767,"{'length_of_message': 860, 'num_of_iterations': 860}",0,1024,60,73,2048,6879,15590,550461440,21
10,6019,9,72,0,1792,ce5d323c-31bd-4ea5-aa19-18d24cebed45,1723088166342,538320896,6040,RAM1792,10,,4,12140544,10787840,0,False,workbench-pyaes,11246,6020,15951,"{'length_of_message': 810, 'num_of_iterations': 810}",0,1024,80,72,1792,6020,27197,550461440,22
11,19278,10,71,0,128,6625f6db-c805-4e63-b490-c54360b7568f,1723088184030,538320896,1170,RAM128,11,,55,12140544,2467712,0,False,workbench-pyaes,8011,19279,7701,"{'length_of_message': 360, 'num_of_iterations': 360}",0,1024,0,71,128,19279,15712,550461440,22
10,925,10,71,0,1920,ed21304a-a205-4dd1-8027-4d8e5c48e756,1723088130435,538320896,930,RAM1920,10,,3,12140544,1777920,0,False,workbench-pyaes,120,926,264,"{'length_of_message': 310, 'num_of_iterations': 310}",0,1024,10,71,1920,926,384,550461440,21
11,25853,9,71,0,128,0801821c-d663-42bc-a2f7-832ce886a3bb,1723088175477,538320896,1720,RAM128,11,,55,12140544,3309312,0,False,workbench-pyaes,11628,25854,16104,"{'length_of_message': 410, 'num_of_iterations': 410}",0,1024,10,71,128,25854,27732,550461440,22
11,7824,10,73,0,1536,9cbc90bb-1eef-4fb6-8613-723f50a62ce3,1723088166159,538320896,6730,RAM1536,11,,4,12140544,12019200,0,False,workbench-pyaes,7759,7825,7737,"{'length_of_message': 860, 'num_of_iterations': 860}",0,1024,50,73,1536,7825,15496,550461440,21
11,7252,10,73,0,512,4af2cd4a-5e2f-4938-8108-0ec8871bd314,1723088196107,538320896,2080,RAM512,11,,14,12140544,3713536,0,False,workbench-pyaes,7803,7253,7809,"{'length_of_message': 460, 'num_of_iterations': 460}",0,1024,20,73,512,7253,15612,550461440,21
9,264,10,70,0,2176,927b992e-41db-44da-b9b7-183676c30c39,1723088135986,538324992,280,RAM2176,9,471,3,12136448,576640,0,True,workbench-pyaes,42,265,42,"{'length_of_message': 160, 'num_of_iterations': 160}",471,1024,60,70,2176,265,84,550461440,22
11,7353,10,74,0,2432,d9bcea27-63da-40b1-9317-c1c8c90a4fbf,1723088184724,538320896,7370,RAM2432,11,,3,12140544,17884928,0,False,workbench-pyaes,3280,7354,718,"{'length_of_message': 910, 'num_of_iterations': 910}",0,1024,60,74,2432,7354,3998,550461440,21
10,837,10,71,0,128,605b8732-79f4-44d1-9880-4cc1c565d53f,1723088128398,538320896,50,RAM128,10,,55,12140544,107264,0,False,workbench-pyaes,14480,838,15975,"{'length_of_message': 60, 'num_of_iterations': 60}",0,1024,10,71,128,838,30455,550461440,22
10,380,9,71,0,640,43f77891-2686-4ca3-bb6c-905a698fd291,1723088129221,538320896,200,RAM640,10,,11,12140544,243840,0,False,workbench-pyaes,14455,381,16405,"{'length_of_message': 110, 'num_of_iterations': 110}",0,1024,100,71,640,381,30860,550461440,22
8,6,10,70,0,2560,38f2a9b9-36f1-4d6f-bcf6-ae6550f56b38,1723088125605,538324992,30,RAM2560,9,380,2,12136448,17920,0,True,workbench-pyaes,42,7,42,"{'length_of_message': 10, 'num_of_iterations': 10}",380,1024,60,70,2560,7,84,550461440,22
11,463,10,70,0,2432,65f1fab0-ea90-4b07-bf95-b9d46881a545,1723088135728,538320896,470,RAM2432,11,,2,12140544,1128448,0,False,workbench-pyaes,11208,464,15777,"{'length_of_message': 210, 'num_of_iterations': 210}",0,1024,0,70,2432,464,26985,550461440,22
11,2359,10,73,0,1536,31619c05-4c9a-420c-bafa-445defa13f57,1723088168882,538320896,2000,RAM1536,11,,4,12140544,3624960,0,False,workbench-pyaes,7827,2360,7713,"{'length_of_message': 460, 'num_of_iterations': 460}",0,1024,60,73,1536,2360,15540,550461440,21
10,7527,10,73,0,1920,e75497f0-d28c-4a61-b06c-e95095462037,1723088177561,538320896,7550,RAM1920,10,,3,12140544,14453760,0,False,workbench-pyaes,7695,7528,7779,"{'length_of_message': 910, 'num_of_iterations': 910}",0,1024,30,73,1920,7528,15474,550461440,21
10,12504,9,71,0,256,1f142c5f-bf7b-4b6e-82a2-a8cdc0e87955,1723088188180,538320896,1730,RAM256,10,,27,12140544,3201280,0,False,workbench-pyaes,7755,12505,7833,"{'length_of_message': 410, 'num_of_iterations': 410}",0,1024,20,71,256,12505,15588,550461440,22
,,,,,256,f745f628-c4aa-47f5-b220-9c05fd216343,1723088263458,,,,,,,,,,,,,27912,,"{'length_of_message': 610, 'num_of_iterations': 610}",,,,72,,,,,
11,2387,10,73,0,2432,957a24ea-a465-4783-96a9-5adb2927c3a8,1723088183466,538320896,2410,RAM2432,11,,3,12140544,5807616,0,False,workbench-pyaes,7761,2388,7833,"{'length_of_message': 510, 'num_of_iterations': 510}",0,1024,60,73,2432,2388,15594,550461440,21
10,1256,9,73,0,1792,ad965830-5637-4875-92d4-773fd29b6344,1723088173547,538320896,1340,RAM1792,11,,4,12140544,2252544,0,False,workbench-pyaes,3279,1257,718,"{'length_of_message': 360, 'num_of_iterations': 360}",0,1024,170,73,1792,1257,3997,550461440,22
9,1145,10,70,0,768,a1091ae8-fd6b-40c0-9090-cfd4d8e32837,1723088125044,538324992,530,RAM768,9,485,9,12136448,880128,0,True,workbench-pyaes,42,1146,42,"{'length_of_message': 210, 'num_of_iterations': 210}",485,1024,40,70,768,1146,84,550461440,21
11,1046,10,72,0,2560,1dc7191a-c91b-4705-b8e0-68861e5845ef,1723088155598,538320896,940,RAM2560,11,,2,12140544,2680320,0,False,workbench-pyaes,3274,1047,718,"{'length_of_message': 360, 'num_of_iterations': 360}",0,1024,20,72,2560,1047,3992,550461440,21
10,455,10,72,0,1920,caa614fb-5c6e-48aa-9258-c367a4b1e374,1723088135210,538320896,470,RAM1920,10,,3,12140544,875520,0,False,workbench-pyaes,12923,456,7713,"{'length_of_message': 210, 'num_of_iterations': 210}",0,1024,0,72,1920,456,20636,550461440,21
11,10154,10,73,0,384,eef7b4a2-6089-4ff7-8a97-b6fe43f767c1,1723088198955,538320896,2130,RAM384,11,,19,12140544,3899520,0,False,workbench-pyaes,7827,10155,7845,"{'length_of_message': 460, 'num_of_iterations': 460}",0,1024,30,73,384,10155,15672,550461440,22
10,2853,10,72,0,1920,ae2c9bd5-5f06-49c0-a30b-78f9c111c590,1723088144287,538320896,2870,RAM1920,10,,3,12140544,5479680,0,False,workbench-pyaes,3242,2854,538,"{'length_of_message': 560, 'num_of_iterations': 560}",0,1024,20,72,1920,2854,3780,550461440,22
10,1854,10,72,0,1152,c75d8fe1-0860-4a39-ab9e-59e7d64900bb,1723088151643,538320896,1100,RAM1152,10,,6,12140544,2136960,0,False,workbench-pyaes,3197,1855,496,"{'length_of_message': 360, 'num_of_iterations': 360}",0,1024,10,72,1152,1855,3693,550461440,21
10,5290,9,71,0,256,a6a55a63-3db4-48ce-aa57-1fa033c2a55c,1723088150628,538320896,740,RAM256,10,,27,12140544,1354496,0,False,workbench-pyaes,11364,5291,16165,"{'length_of_message': 260, 'num_of_iterations': 260}",0,1024,20,71,256,5291,27529,550461440,22
11,3496,10,72,0,2432,9dd01b2c-87a2-4862-bbb9-fda6a3cd049f,1723088152010,538320896,3530,RAM2432,11,,2,12140544,8504704,0,False,workbench-pyaes,78,3497,222,"{'length_of_message': 610, 'num_of_iterations': 610}",0,1024,20,72,2432,3497,300,550461440,21
11,20623,10,72,0,256,2bbf1e39-2c5d-4a3a-9f00-164315099d14,1723088242890,538320896,2390,RAM256,11,,28,12140544,5279744,0,False,workbench-pyaes,7849,20624,7917,"{'length_of_message': 560, 'num_of_iterations': 560}",0,1024,70,72,256,20624,15766,550461440,22
8,8,10,70,0,1664,70f30c8b-efa2-4d65-b696-4698b35d28f0,1723088124950,538324992,30,RAM1664,9,484,4,12136448,14976,0,True,workbench-pyaes,42,9,42,"{'length_of_message': 10, 'num_of_iterations': 10}",484,1024,40,70,1664,9,84,550461440,22
10,7228,10,72,0,1024,bcace567-0c14-4183-bff2-4087942260e0,1723088143074,538320896,4150,RAM1024,10,,7,12140544,7402496,0,False,workbench-pyaes,10469,7229,7779,"{'length_of_message': 660, 'num_of_iterations': 660}",0,1024,50,72,1024,7229,18248,550461440,21
11,11863,10,73,0,1152,13e6674a-0097-4034-83ec-6cc5d5065898,1723088162202,538320896,7640,RAM1152,11,,6,12140544,13667328,0,False,workbench-pyaes,7935,11864,7941,"{'length_of_message': 910, 'num_of_iterations': 910}",0,1024,110,73,1152,11864,15876,550461440,21
10,3473,10,73,0,2816,2ee2df6e-9dd3-42a3-8061-cf7f85447b20,1723088154327,538320896,3510,RAM2816,10,,2,12140544,9782784,0,False,workbench-pyaes,3198,3474,496,"{'length_of_message': 610, 'num_of_iterations': 610}",0,1024,10,73,2816,3474,3694,550461440,21
10,3360,10,74,0,1536,d607df13-4ce7-43e3-817a-e835e0eefaf3,1723088240551,538320896,2880,RAM1536,10,,4,12140544,5162496,0,False,workbench-pyaes,7999,3361,7821,"{'length_of_message': 560, 'num_of_iterations': 560}",0,1024,30,74,1536,3361,15820,550461440,21
10,1350,10,72,0,1280,3d75526d-7fd6-4052-bb5d-ee59c352d1bd,1723088129422,538320896,970,RAM1280,10,,5,12140544,1729280,0,False,workbench-pyaes,4541,1351,496,"{'length_of_message': 310, 'num_of_iterations': 310}",0,1024,10,72,1280,1351,5037,550461440,21
11,2839,10,73,0,1024,41b77360-7656-4a6c-81d4-c4a21e6336c1,1723088157370,538320896,1620,RAM1024,11,,7,12140544,2908160,0,False,workbench-pyaes,7695,2840,7899,"{'length_of_message': 410, 'num_of_iterations': 410}",0,1024,50,73,1024,2840,15594,550461440,21
10,1225,10,73,0,2816,abd01b92-36b5-4e3e-abe7-2cdec3ee803e,1723088175843,538320896,1230,RAM2816,10,,2,12140544,3452416,0,False,workbench-pyaes,3203,1226,496,"{'length_of_message': 360, 'num_of_iterations': 360}",0,1024,20,73,2816,1226,3699,550461440,21
11,14724,10,72,0,384,c229425d-ca43-4f70-a0b4-bb877effdd1d,1723088187774,538320896,3100,RAM384,11,,18,12140544,5654400,0,False,workbench-pyaes,7827,14725,7899,"{'length_of_message': 560, 'num_of_iterations': 560}",0,1024,50,72,384,14725,15726,550461440,22
9,159,10,71,0,1536,dda0c22f-0180-4830-93fb-68de3a2151a3,1723088125173,538320896,140,RAM1536,10,,4,12140544,245760,0,False,workbench-pyaes,11136,160,15413,"{'length_of_message': 110, 'num_of_iterations': 110}",0,1024,10,71,1536,160,26549,550461440,22
9,271,9,70,0,896,69197208-940c-4889-9276-057ecb3e599d,1723088130055,538324992,160,RAM896,9,493,7,12136448,243712,0,True,workbench-pyaes,42,272,42,"{'length_of_message': 110, 'num_of_iterations': 110}",493,1024,50,70,896,272,84,550461440,22
10,674,10,72,0,2816,1ec8ef4e-0f75-423c-aeee-2a52f869a43a,1723088130049,538320896,670,RAM2816,10,,2,12140544,1900800,0,False,workbench-pyaes,0,675,0,"{'length_of_message': 260, 'num_of_iterations': 260}",0,1024,10,72,2816,675,0,550461440,21
11,454,10,71,0,2432,e2fc90e7-d28c-4b04-93a5-0bebb1628efd,1723088127925,538320896,460,RAM2432,11,,2,12140544,1106560,0,False,workbench-pyaes,13476,455,8338,"{'length_of_message': 210, 'num_of_iterations': 210}",0,1024,10,71,2432,455,21814,550461440,21
10,136,10,71,0,2944,1ee86421-bfd5-4e66-93c6-ae50e9867bc3,1723088127830,538320896,150,RAM2944,10,,2,12140544,403328,0,False,workbench-pyaes,4533,137,430,"{'length_of_message': 110, 'num_of_iterations': 110}",0,1024,10,71,2944,137,4963,550461440,21
10,8800,10,72,0,1536,aac3922d-a712-4347-b207-2333a4218c29,1723088169980,538320896,7530,RAM1536,11,,4,12140544,13518336,0,False,workbench-pyaes,11356,8801,15909,"{'length_of_message': 910, 'num_of_iterations': 910}",0,1024,40,72,1536,8801,27265,550461440,22
10,538,10,72,0,1536,f400ab76-7893-4b6b-b7da-8b853f3a9bd3,1723088142589,538320896,470,RAM1536,10,,4,12140544,827904,0,False,workbench-pyaes,3134,539,0,"{'length_of_message': 210, 'num_of_iterations': 210}",0,1024,10,72,1536,539,3134,550461440,21
11,3409,10,74,0,2432,3781c97a-2816-4469-a5f0-b1896ca99636,1723088207862,538320896,3430,RAM2432,11,,3,12140544,8293120,0,False,workbench-pyaes,7801,3410,7809,"{'length_of_message': 610, 'num_of_iterations': 610}",0,1024,20,74,2432,3410,15610,550461440,21
10,3198,10,72,0,1664,ee0e5fac-62e6-4252-b33b-586b9084f78a,1723088142924,538320896,2930,RAM1664,10,,4,12140544,5323136,0,False,workbench-pyaes,3241,3199,538,"{'length_of_message': 560, 'num_of_iterations': 560}",0,1024,50,72,1664,3199,3779,550461440,22
10,5,10,71,0,1280,ba15e6c8-32cc-421c-a33c-3c6091b0ad71,1723088127604,538320896,10,RAM1280,10,,5,12140544,7680,0,False,workbench-pyaes,78,6,598,"{'length_of_message': 10, 'num_of_iterations': 10}",0,1024,10,71,1280,6,676,550461440,22
10,5785,10,73,0,1280,7df08ac1-2d22-40af-a619-715e4225809b,1723088147917,538320896,4160,RAM1280,10,,5,12140544,7406080,0,False,workbench-pyaes,13027,5786,7899,"{'length_of_message': 660, 'num_of_iterations': 660}",0,1024,20,73,1280,5786,20926,550461440,21
11,4,9,71,0,1408,e47d4f72-6190-48db-a095-8a001774cdda,1723088127735,538320896,10,RAM1408,11,,5,12140544,7040,0,False,workbench-pyaes,0,5,0,"{'length_of_message': 10, 'num_of_iterations': 10}",0,1024,0,71,1408,5,0,550461440,21
11,3937,10,73,0,3008,f2274553-5d2f-49ed-8a94-26e87978c4a9,1723088164941,538320896,3950,RAM3008,11,,2,12140544,11845504,0,False,workbench-pyaes,3201,3938,496,"{'length_of_message': 710, 'num_of_iterations': 710}",0,1024,40,73,3008,3938,3697,550461440,21
10,938,10,72,0,2560,65781cb3-eebc-4f8b-b92b-6491080d3fde,1723088131503,538320896,940,RAM2560,10,,2,12140544,2403840,0,False,workbench-pyaes,42,939,42,"{'length_of_message': 310, 'num_of_iterations': 310}",0,1024,0,72,2560,939,84,550461440,21
11,4123,10,73,0,1280,88eb9e3a-2651-4399-b374-0c341ea4fc17,1723088239574,538320896,2980,RAM1280,11,,5,12140544,5278720,0,False,workbench-pyaes,7933,4124,7821,"{'length_of_message': 560, 'num_of_iterations': 560}",0,1024,60,73,1280,4124,15754,550461440,21
8,7,9,70,0,1024,af79cfde-367b-4cec-bed5-a33c4aecca05,1723088124480,538324992,20,RAM1024,9,495,6,12136448,8192,0,True,workbench-pyaes,42,8,42,"{'length_of_message': 10, 'num_of_iterations': 10}",495,1024,60,70,1024,8,84,550461440,22
,,,,,128,bf966785-637d-4152-a0d2-092472d1926d,1723088500269,,,,,,,,,,,,,130267,,,,,,73,,,,,
11,2394,10,74,0,2944,d397e5df-d767-4846-81ae-9a9879cdbe83,1723088225585,538320896,2430,RAM2944,11,,2,12140544,7050880,0,False,workbench-pyaes,7865,2395,7875,"{'length_of_message': 510, 'num_of_iterations': 510}",0,1024,20,74,2944,2395,15740,550461440,21
8,57,10,70,0,1664,04cff4b8-7a6a-4ebc-ab69-f3f61ded2ad4,1723088125182,538324992,60,RAM1664,9,472,4,12136448,96512,0,True,workbench-pyaes,42,58,42,"{'length_of_message': 60, 'num_of_iterations': 60}",472,1024,40,70,1664,58,84,550461440,22
11,1983,10,73,0,2432,c59ac9fc-f8ea-4bfc-af2c-f789f28eb537,1723088172362,538320896,1990,RAM2432,11,,3,12140544,4825088,0,False,workbench-pyaes,7865,1984,7887,"{'length_of_message': 460, 'num_of_iterations': 460}",0,1024,20,73,2432,1984,15752,550461440,21
11,927,10,72,0,2432,747cb51d-8fc4-4904-bbe4-8ef3530bc4b0,1723088131457,538320896,940,RAM2432,11,,2,12140544,2256896,0,False,workbench-pyaes,108,928,538,"{'length_of_message': 310, 'num_of_iterations': 310}",0,1024,20,72,2432,928,646,550461440,21
10,1707,10,71,0,2560,e56d3e90-0e38-40f8-acdb-37094f1f65a1,1723088140405,538320896,1510,RAM2560,10,,2,12140544,4372480,0,False,workbench-pyaes,3246,1708,538,"{'length_of_message': 460, 'num_of_iterations': 460}",0,1024,10,71,2560,1708,3784,550461440,22
10,3431,10,72,0,1280,178459e9-ccb8-4f48-8168-054bc89590bd,1723088138401,538320896,2470,RAM1280,10,,5,12140544,4392960,0,False,workbench-pyaes,132,3432,156,"{'length_of_message': 510, 'num_of_iterations': 510}",0,1024,30,72,1280,3432,288,550461440,21
9,133,10,70,0,2688,4520be5f-da1b-4df3-ae64-4686bde37a8e,1723088126120,538324992,140,RAM2688,9,447,2,12136448,360192,0,True,workbench-pyaes,42,134,42,"{'length_of_message': 110, 'num_of_iterations': 110}",447,1024,50,70,2688,134,84,550461440,22
10,489,10,71,0,2816,4b2c2c2e-2d68-4d2c-9a9a-d5982210d008,1723088128066,538320896,480,RAM2816,10,,2,12140544,1379840,0,False,workbench-pyaes,4668,490,992,"{'length_of_message': 210, 'num_of_iterations': 210}",0,1024,20,71,2816,490,5660,550461440,21
11,2377,10,73,0,2560,2b6979d0-f618-4a92-a3eb-6c9d8e2d721e,1723088183469,538320896,2380,RAM2560,11,,2,12140544,6087680,0,False,workbench-pyaes,7745,2378,7581,"{'length_of_message': 510, 'num_of_iterations': 510}",0,1024,20,73,2560,2378,15326,550461440,21
10,5191,10,72,0,1152,7553f4f1-a6a9-4319-bb87-736cdb211ce1,1723088142331,538320896,3030,RAM1152,10,,6,12140544,5981184,0,False,workbench-pyaes,3200,5192,496,"{'length_of_message': 610, 'num_of_iterations': 610}",0,1024,20,72,1152,5192,3696,550461440,21
10,1631,10,73,0,2048,30f69ab2-d064-4b7b-b1d8-201d7befabae,1723088161285,538320896,1650,RAM2048,10,,3,12140544,3342336,0,False,workbench-pyaes,7887,1632,7869,"{'length_of_message': 410, 'num_of_iterations': 410}",0,1024,10,73,2048,1632,15756,550461440,21
11,8050,10,71,0,384,8a97ac3a-6fbb-4cd9-8cdf-837c8e5bd0da,1723088157693,538320896,1700,RAM384,11,,18,12140544,3091584,0,False,workbench-pyaes,3275,8051,718,"{'length_of_message': 410, 'num_of_iterations': 410}",0,1024,20,71,384,8051,3993,550461440,22
10,2637,10,72,0,1664,b4abbc3d-17f1-43ad-89b6-66d4bc1e7110,1723088139064,538320896,2460,RAM1664,10,,4,12140544,4389632,0,False,workbench-pyaes,3198,2638,496,"{'length_of_message': 510, 'num_of_iterations': 510}",0,1024,20,72,1664,2638,3694,550461440,21
9,996,10,70,0,512,447688e4-f947-4449-b362-91de666d439e,1723088124857,538324992,320,RAM512,9,478,13,12136448,510464,0,True,workbench-pyaes,42,997,42,"{'length_of_message': 160, 'num_of_iterations': 160}",478,1024,80,70,512,997,84,550461440,22
10,50,10,70,0,2048,7eca95e8-ec6f-49b5-a255-db743cd9b27f,1723088127047,538320896,50,RAM2048,10,,3,12140544,104448,0,False,workbench-pyaes,11150,51,15281,"{'length_of_message': 60, 'num_of_iterations': 60}",0,1024,20,70,2048,51,26431,550461440,22
11,3506,10,72,0,2688,e50a3e74-fb1e-46d5-9b1b-60d99390c570,1723088153309,538320896,3510,RAM2688,11,,2,12140544,9426816,0,False,workbench-pyaes,3200,3507,496,"{'length_of_message': 610, 'num_of_iterations': 610}",0,1024,30,72,2688,3507,3696,550461440,21
11,3361,10,73,0,1024,5a7394b8-d6d2-45eb-a218-23beeebc6688,1723088165610,538320896,1760,RAM1024,11,,7,12140544,3442688,0,False,workbench-pyaes,7753,3362,7767,"{'length_of_message': 460, 'num_of_iterations': 460}",0,1024,20,73,1024,3362,15520,550461440,22
11,221,10,71,0,2304,ca2c376b-4b31-40de-a2cc-2ec799af64a9,1723088135368,538320896,240,RAM2304,11,,3,12140544,511488,0,False,workbench-pyaes,3272,222,718,"{'length_of_message': 160, 'num_of_iterations': 160}",0,1024,0,71,2304,222,3990,550461440,22
11,443,10,72,0,1792,052a749a-7133-4c0d-adbd-705b0421bc33,1723088142980,538320896,400,RAM1792,11,,4,12140544,795648,0,False,workbench-pyaes,78,444,222,"{'length_of_message': 210, 'num_of_iterations': 210}",0,1024,0,72,1792,444,300,550461440,21
11,39764,11,71,0,128,da779a9f-44d3-43aa-81f7-3496030fc546,1723088243510,538320896,2670,RAM128,11,,55,12140544,5089920,0,False,workbench-pyaes,7849,39765,7845,"{'length_of_message': 510, 'num_of_iterations': 510}",0,1024,20,71,128,39765,15694,550461440,22
9,10595,10,71,0,1152,9ff744eb-d05e-48ab-b918-3f1e591bd4bd,1723088159173,538324992,6870,RAM1152,9,493,6,12136448,12206592,0,True,workbench-pyaes,42,10596,42,"{'length_of_message': 860, 'num_of_iterations': 860}",493,1024,150,71,1152,10596,84,550461440,22
,,,,,2816,088bed42-c409-47e0-9ac1-8009560f0ca6,1723088266893,,,,,,,,,,,,,3427,,"{'length_of_message': 610, 'num_of_iterations': 610}",,,,74,,,,,
,,,,,1664,c0558ce5-235e-4bee-907d-da56e71f684c,1723088257521,,,,,,,,,,,,,3743,,"{'length_of_message': 610, 'num_of_iterations': 610}",,,,74,,,,,
10,755,10,71,0,1664,35a3a027-a0dc-44eb-8b76-294eed9ed27d,1723088139218,538320896,700,RAM1664,10,,4,12140544,1257984,0,False,workbench-pyaes,11166,756,15843,"{'length_of_message': 260, 'num_of_iterations': 260}",0,1024,0,71,1664,756,27009,550461440,22
11,3359,10,72,0,512,74ab28d5-004c-4d2a-a631-5adddc16121c,1723088157003,538320896,860,RAM512,11,,14,12140544,1720320,0,False,workbench-pyaes,11356,3360,15975,"{'length_of_message': 310, 'num_of_iterations': 310}",0,1024,0,72,512,3360,27331,550461440,22
,,,,,3008,3c52f476-0abf-41ea-9bdb-77a9849c5640,1723088266493,,,,,,,,,,,,,2952,,"{'length_of_message': 610, 'num_of_iterations': 610}",,,,74,,,,,
10,457,10,72,0,2560,d779a588-54db-46b8-94cc-c6ba506bb3fa,1723088135760,538320896,460,RAM2560,11,,2,12140544,1172480,0,False,workbench-pyaes,5828,458,496,"{'length_of_message': 210, 'num_of_iterations': 210}",0,1024,0,72,2560,458,6324,550461440,21
11,8325,10,74,0,2432,fcc79671-4d09-4084-bcbb-563783e72211,1723088191516,538320896,8380,RAM2432,11,,3,12140544,20248832,0,False,workbench-pyaes,7867,8326,7821,"{'length_of_message': 960, 'num_of_iterations': 960}",0,1024,50,74,2432,8326,15688,550461440,21
9,5,10,70,0,768,472af30d-3ad7-49e6-b2cf-d2b543fa02f4,1723088126302,538324992,10,RAM768,9,,9,12136448,4608,0,False,workbench-pyaes,0,6,0,"{'length_of_message': 10, 'num_of_iterations': 10}",0,1024,0,70,768,6,0,550461440,22
10,1771,10,72,0,1280,6c99fc5f-2c94-4d7e-8da9-dd9824682daf,1723088131371,538320896,1280,RAM1280,10,,5,12140544,2268160,0,False,workbench-pyaes,42,1772,42,"{'length_of_message': 360, 'num_of_iterations': 360}",0,1024,10,72,1280,1772,84,550461440,21
10,800,10,72,0,1536,4ea01fdd-d6ef-449b-9380-90cbfd23b26c,1723088149706,538320896,680,RAM1536,10,,4,12140544,1230336,0,False,workbench-pyaes,3198,801,496,"{'length_of_message': 260, 'num_of_iterations': 260}",0,1024,0,72,1536,801,3694,550461440,21
11,10370,9,72,0,640,aa26e021-b4aa-42f4-9601-e5b60e3809b8,1723088189859,538320896,3740,RAM640,11,,11,12140544,6637440,0,False,workbench-pyaes,7863,10371,7809,"{'length_of_message': 610, 'num_of_iterations': 610}",0,1024,90,72,640,10371,15672,550461440,22
10,2428,10,72,0,2048,a493f194-eac9-4988-b9b2-c704c9fcf20c,1723088141544,538320896,2440,RAM2048,10,,3,12140544,4974592,0,False,workbench-pyaes,10257,2429,7647,"{'length_of_message': 510, 'num_of_iterations': 510}",0,1024,20,72,2048,2429,17904,550461440,21
10,1202,10,71,0,1408,9f45f475-07f2-4aff-87ef-3d55f5e3197d,1723088144827,538320896,940,RAM1408,10,,5,12140544,1693824,0,False,workbench-pyaes,7817,1203,7557,"{'length_of_message': 310, 'num_of_iterations': 310}",0,1024,10,71,1408,1203,15374,550461440,22
10,5,10,71,0,1920,bf13729b-b7f4-497b-8a22-414335d021eb,1723088126641,538320896,10,RAM1920,10,,3,12140544,11520,0,False,workbench-pyaes,3251,6,496,"{'length_of_message': 10, 'num_of_iterations': 10}",0,1024,10,71,1920,6,3747,550461440,22
10,4643,10,72,0,1408,e14f25c3-aeeb-4cac-8f88-fc49eaa5ec19,1723088144982,538320896,3670,RAM1408,10,,5,12140544,6538752,0,False,workbench-pyaes,3199,4644,496,"{'length_of_message': 610, 'num_of_iterations': 610}",0,1024,30,72,1408,4644,3695,550461440,21
11,7401,9,73,0,2560,ad19251b-2416-47c0-a0e0-9b927254e259,1723088185018,538320896,7420,RAM2560,11,,2,12140544,18949120,0,False,workbench-pyaes,3321,7402,760,"{'length_of_message': 910, 'num_of_iterations': 910}",0,1024,50,73,2560,7402,4081,550461440,21
11,4081,11,73,0,896,7a33bf32-e9fe-46a1-8ee4-d4389c9fd1a7,1723088197856,538320896,2050,RAM896,11,,8,12140544,3657472,0,False,workbench-pyaes,7863,4082,7821,"{'length_of_message': 460, 'num_of_iterations': 460}",0,1024,20,73,896,4082,15684,550461440,21
10,13126,9,71,0,256,2eff0fb2-56c6-42f3-8e9d-b8acc240e4ec,1723088162768,538320896,1810,RAM256,10,,27,12140544,3360512,0,False,workbench-pyaes,11232,13127,16033,"{'length_of_message': 410, 'num_of_iterations': 410}",0,1024,30,71,256,13127,27265,550461440,22
10,184,10,72,0,1408,a4fa35ea-ab7f-415e-882e-12b64164d8ed,1723088129782,538320896,160,RAM1408,10,,5,12140544,260480,0,False,workbench-pyaes,0,185,0,"{'length_of_message': 110, 'num_of_iterations': 110}",0,1024,0,72,1408,185,0,550461440,21
9,20024,10,71,0,768,92328ec6-68c6-49b2-a56d-b0a6ce6baf62,1723088143922,538324992,8560,RAM768,9,485,9,12136448,15379200,0,True,workbench-pyaes,42,20025,42,"{'length_of_message': 960, 'num_of_iterations': 960}",485,1024,160,71,768,20025,84,550461440,22
11,271,11,71,0,3008,504237d4-af4b-4381-aabe-f73b9fef4f00,1723088136094,538320896,270,RAM3008,11,,2,12140544,818176,0,False,workbench-pyaes,7580,272,7658,"{'length_of_message': 160, 'num_of_iterations': 160}",0,1024,10,71,3008,272,15238,550461440,22
9,30944,10,71,0,512,7a4b6dda-2e62-46d2-9ccc-30166f7cddad,1723088154833,538324992,8770,RAM512,9,473,13,12136448,15843840,0,True,workbench-pyaes,42,30945,42,"{'length_of_message': 960, 'num_of_iterations': 960}",473,1024,150,71,512,30945,84,550461440,22
10,269,10,72,0,2688,99c35d51-dd6a-41f9-81f2-f0961bd63efc,1723088131179,538320896,270,RAM2688,10,,2,12140544,725760,0,False,workbench-pyaes,3171,270,108,"{'length_of_message': 160, 'num_of_iterations': 160}",0,1024,0,72,2688,270,3279,550461440,21
11,4534,10,72,0,1920,499b3553-965f-412e-bc66-48c46fe899d6,1723088156262,538320896,4550,RAM1920,11,,3,12140544,8707200,0,False,workbench-pyaes,3199,4535,496,"{'length_of_message': 710, 'num_of_iterations': 710}",0,1024,30,72,1920,4535,3695,550461440,21
10,4929,10,71,0,1024,f1e64bae-f618-4f25-ab5e-49715994e410,1723088136746,538320896,2570,RAM1024,10,,6,12140544,5048320,0,False,workbench-pyaes,11132,4930,15819,"{'length_of_message': 560, 'num_of_iterations': 560}",0,1024,30,71,1024,4930,26951,550461440,22
9,14951,10,70,0,512,bb59caac-889d-4ab5-a3e8-c532d2fcfe66,1723088138670,538324992,4250,RAM512,9,485,13,12136448,7655424,0,True,workbench-pyaes,42,14952,42,"{'length_of_message': 660, 'num_of_iterations': 660}",485,1024,140,70,512,14952,84,550461440,22
9,536,10,70,0,896,8efeb937-581c-4dcc-ac69-753b1ac0abec,1723088130245,538324992,260,RAM896,9,470,7,12136448,481152,0,True,workbench-pyaes,42,537,42,"{'length_of_message': 160, 'num_of_iterations': 160}",470,1024,50,70,896,537,84,550461440,22
8,9,10,70,0,2176,61d5af5b-c483-4fdb-9bb5-5756819194ae,1723088125221,538324992,20,RAM2176,9,486,3,12136448,21760,0,True,workbench-pyaes,42,10,42,"{'length_of_message': 10, 'num_of_iterations': 10}",486,1024,40,70,2176,10,84,550461440,22
11,5696,10,74,0,3008,ea875163-7910-45da-a40e-5bf0b5e53785,1723088184298,538320896,5710,RAM3008,11,,2,12140544,17136576,0,False,workbench-pyaes,3278,5697,718,"{'length_of_message': 860, 'num_of_iterations': 860}",0,1024,50,74,3008,5697,3996,550461440,21
9,708,10,70,0,384,d24349b7-c670-4bb7-8056-360b0b4df369,1723088124628,538324992,210,RAM384,9,496,18,12136448,272256,0,True,workbench-pyaes,42,709,42,"{'length_of_message': 110, 'num_of_iterations': 110}",496,1024,150,70,384,709,84,550461440,22
,,,,,128,01d0517a-80ff-42db-a072-8e443b8a243e,1723088446806,,,,,,,,,,,,,75791,,,,,,72,,,,,
11,827,10,71,0,1152,31bb377f-5abe-4dca-a93e-321fe2f330bc,1723088142133,538320896,370,RAM1152,11,,6,12140544,953856,0,False,workbench-pyaes,3200,828,496,"{'length_of_message': 210, 'num_of_iterations': 210}",0,1024,20,71,1152,828,3696,550461440,21
10,6,10,71,0,2560,abbf7e61-63a7-485c-a246-70cb75b3bff9,1723088126874,538320896,0,RAM2560,10,,2,12140544,17920,0,False,workbench-pyaes,4731,7,7368,"{'length_of_message': 10, 'num_of_iterations': 10}",0,1024,0,71,2560,7,12099,550461440,22
11,2582,10,72,0,896,e6e0f618-8463-434c-921e-9aec04ea186d,1723088129642,538320896,1310,RAM896,11,,8,12140544,2314368,0,False,workbench-pyaes,4582,2583,760,"{'length_of_message': 360, 'num_of_iterations': 360}",0,1024,20,72,896,2583,5342,550461440,21
10,5958,10,71,0,896,0726fd11-9d97-4086-a127-dfc6d8eb246c,1723088136766,538320896,2970,RAM896,10,,7,12140544,5339264,0,False,workbench-pyaes,11326,5959,15753,"{'length_of_message': 560, 'num_of_iterations': 560}",0,1024,60,71,896,5959,27079,550461440,22
11,1264,10,73,0,2944,89d108c9-4287-40f9-9514-1931b9aab419,1723088156517,538320896,1270,RAM2944,11,,2,12140544,3724160,0,False,workbench-pyaes,3243,1265,538,"{'length_of_message': 360, 'num_of_iterations': 360}",0,1024,10,73,2944,1265,3781,550461440,21
11,4603,10,74,0,1152,ca6f66c2-7ba1-4925-90e7-00f006bc9c10,1723088237488,538320896,3000,RAM1152,11,,6,12140544,5303808,0,False,workbench-pyaes,7891,4604,7713,"{'length_of_message': 560, 'num_of_iterations': 560}",0,1024,30,74,1152,4604,15604,550461440,21
9,940,9,70,0,1792,03069097-59e7-450e-a483-f3ad68145ff6,1723088160312,538324992,940,RAM1792,9,472,3,12136448,1686272,0,True,workbench-pyaes,0,941,0,"{'length_of_message': 310, 'num_of_iterations': 310}",472,1024,30,70,1792,941,0,550461440,22
10,1595,10,74,0,2816,424f8236-6b4a-40aa-96e6-7c7cd099ea6f,1723088189828,538320896,1610,RAM2816,10,,2,12140544,4494336,0,False,workbench-pyaes,7911,1596,7863,"{'length_of_message': 410, 'num_of_iterations': 410}",0,1024,30,74,2816,1596,15774,550461440,21
10,135972,10,73,0,128,a724c638-365d-46e8-9798-9c5679e3e41e,1723088443672,538320896,9120,RAM128,10,,57,12140544,17404544,0,False,workbench-pyaes,4910,135973,7821,,0,1024,100,73,128,135973,12731,550461440,21
9,2391,10,70,0,384,8ff3f6b7-4cea-4b46-86e6-9231ad9c2409,1723088126275,538324992,520,RAM384,9,472,18,12136448,918528,0,True,workbench-pyaes,0,2392,0,"{'length_of_message': 210, 'num_of_iterations': 210}",472,1024,40,70,384,2392,0,550461440,22
9,432,10,70,0,1024,df847c85-06bb-4c31-86f7-467ce6197933,1723088130203,538324992,240,RAM1024,9,413,6,12136448,443392,0,True,workbench-pyaes,42,433,42,"{'length_of_message': 160, 'num_of_iterations': 160}",413,1024,50,70,1024,433,84,550461440,22
9,512,10,70,0,512,6da41895-1284-474f-8801-2a43a5baef06,1723088124401,538324992,220,RAM512,9,475,13,12136448,262656,0,True,workbench-pyaes,42,513,42,"{'length_of_message': 110, 'num_of_iterations': 110}",475,1024,190,70,512,513,84,550461440,22
8,8,10,70,0,2048,ed683dd4-8d6b-494e-addf-5e9dd2220016,1723088125225,538324992,30,RAM2048,9,476,3,12136448,18432,0,True,workbench-pyaes,42,9,42,"{'length_of_message': 10, 'num_of_iterations': 10}",476,1024,30,70,2048,9,84,550461440,22
11,1674,10,71,0,1024,e5d0c688-f0b3-4b76-9575-f334e0b66a29,1723088128316,538320896,960,RAM1024,11,,6,12140544,1715200,0,False,workbench-pyaes,4534,1675,496,"{'length_of_message': 310, 'num_of_iterations': 310}",0,1024,10,71,1024,1675,5030,550461440,22
9,1962,11,70,0,896,42ab8aa6-91d2-466f-b752-de9abff76462,1723088143698,538324992,990,RAM896,9,477,7,12136448,1758848,0,True,workbench-pyaes,42,1963,42,"{'length_of_message': 310, 'num_of_iterations': 310}",477,1024,80,70,896,1963,84,550461440,21
9,258,10,70,0,1792,e13bd2e6-9007-4d9a-87ea-aa408d39188e,1723088125729,538324992,250,RAM1792,10,,3,12136448,464128,0,False,workbench-pyaes,0,259,0,"{'length_of_message': 160, 'num_of_iterations': 160}",0,1024,0,70,1792,259,0,550461440,22
10,616,10,72,0,1408,f561bc60-7077-4f42-9765-be78e53df35c,1723088134710,538320896,480,RAM1408,10,,5,12140544,868736,0,False,workbench-pyaes,132,617,156,"{'length_of_message': 210, 'num_of_iterations': 210}",0,1024,10,72,1408,617,288,550461440,21
10,695,10,72,0,2688,e6aa28d3-0617-4fcd-b332-b3560c9e9705,1723088140567,538320896,700,RAM2688,10,,2,12140544,1870848,0,False,workbench-pyaes,78,696,222,"{'length_of_message': 260, 'num_of_iterations': 260}",0,1024,10,72,2688,696,300,550461440,21
9,27084,9,70,0,256,1540e7be-4b90-444c-8bce-7adb2d57da84,1723088150801,538324992,3770,RAM256,9,484,27,12136448,6933760,0,True,workbench-pyaes,42,27085,42,"{'length_of_message': 610, 'num_of_iterations': 610}",484,1024,90,70,256,27085,84,550461440,22
11,1660,10,74,0,2304,2aead401-92ec-42dc-a846-5b4f1ef0a10b,1723088204443,538320896,1690,RAM2304,11,,3,12140544,3826944,0,False,workbench-pyaes,7759,1661,7713,"{'length_of_message': 460, 'num_of_iterations': 460}",0,1024,30,74,2304,1661,15472,550461440,21
10,1596,10,72,0,2176,1b543eaa-d33b-477b-9a31-06eb6b4c820a,1723088136271,538320896,1600,RAM2176,10,,3,12140544,3475072,0,False,workbench-pyaes,78,1597,222,"{'length_of_message': 410, 'num_of_iterations': 410}",0,1024,20,72,2176,1597,300,550461440,21
10,946,10,71,0,2688,d32f45a8-cb4c-4fe4-92af-7022e48f9e5f,1723088132009,538320896,960,RAM2688,10,,2,12140544,2545536,0,False,workbench-pyaes,3241,947,538,"{'length_of_message': 310, 'num_of_iterations': 310}",0,1024,10,71,2688,947,3779,550461440,22
11,2916,10,74,0,1792,ce441759-6015-43f7-b04a-0666882b79bb,1723088242547,538320896,2860,RAM1792,11,,4,12140544,5227264,0,False,workbench-pyaes,7867,2917,7875,"{'length_of_message': 560, 'num_of_iterations': 560}",0,1024,10,74,1792,2917,15742,550461440,21
10,959,10,71,0,1280,e2f4d622-8983-4542-ad3e-e4195a654d1e,1723088138714,538320896,710,RAM1280,10,,5,12140544,1228800,0,False,workbench-pyaes,11288,960,15645,"{'length_of_message': 260, 'num_of_iterations': 260}",0,1024,30,71,1280,960,26933,550461440,22
9,1732,10,70,0,512,374cde0d-e363-422f-9485-4d470cf2d524,1723088125633,538324992,520,RAM512,9,487,13,12136448,887296,0,True,workbench-pyaes,42,1733,42,"{'length_of_message': 210, 'num_of_iterations': 210}",487,1024,50,70,512,1733,84,550461440,22
10,4465,10,72,0,1664,ee110259-a6a9-4883-a256-8bc862e01829,1723088150561,538320896,4130,RAM1664,10,,4,12140544,7431424,0,False,workbench-pyaes,10317,4466,7581,"{'length_of_message': 660, 'num_of_iterations': 660}",0,1024,40,72,1664,4466,17898,550461440,22
10,1584,10,72,0,1408,9f42b864-d52c-45ce-9c27-2a6fb3c40493,1723088152939,538320896,1260,RAM1408,10,,5,12140544,2231680,0,False,workbench-pyaes,3274,1585,718,"{'length_of_message': 360, 'num_of_iterations': 360}",0,1024,20,72,1408,1585,3992,550461440,21
10,3820,10,73,0,768,5d290db9-522d-4ebf-8dd9-48f6735d84a6,1723088153500,538320896,1640,RAM768,10,,9,12140544,2934528,0,False,workbench-pyaes,3244,3821,538,"{'length_of_message': 410, 'num_of_iterations': 410}",0,1024,20,73,768,3821,3782,550461440,22
11,5941,10,73,0,2048,22eae6df-f63e-4fbc-a62c-b515fc9b98e6,1723088166658,538320896,5950,RAM2048,11,,3,12140544,12169216,0,False,workbench-pyaes,3276,5942,718,"{'length_of_message': 810, 'num_of_iterations': 810}",0,1024,50,73,2048,5942,3994,550461440,21
11,3876,10,72,0,1792,1ae8bebc-b8b3-428d-8273-3eef40b7f3fb,1723088151843,538320896,3530,RAM1792,11,,4,12140544,6947584,0,False,workbench-pyaes,3199,3877,496,"{'length_of_message': 660, 'num_of_iterations': 660}",0,1024,20,72,1792,3877,3695,550461440,21
11,2359,10,74,0,2432,d82b7872-0bbf-4394-b0ac-0255b91222d5,1723088223171,538320896,2360,RAM2432,11,,3,12140544,5739520,0,False,workbench-pyaes,7825,2360,7779,"{'length_of_message': 510, 'num_of_iterations': 510}",0,1024,20,74,2432,2360,15604,550461440,21
11,1613,10,72,0,2176,f569a833-92a2-433f-ad3b-a14e1d2fd1e3,1723088161443,538320896,1610,RAM2176,11,,3,12140544,3512064,0,False,workbench-pyaes,7889,1614,7833,"{'length_of_message': 410, 'num_of_iterations': 410}",0,1024,20,72,2176,1614,15722,550461440,21
10,337,10,72,0,1408,e32574e5-a5b7-4554-8640-4d4e395841df,1723088130380,538320896,270,RAM1408,10,,5,12140544,475904,0,False,workbench-pyaes,0,338,0,"{'length_of_message': 160, 'num_of_iterations': 160}",0,1024,0,72,1408,338,0,550461440,21
9,7,10,70,0,1664,b93736e3-96c8-4aa1-ad8e-9dc5588dc03b,1723088126505,538320896,0,RAM1664,10,,4,12140544,13312,0,False,workbench-pyaes,1255,8,867,"{'length_of_message': 10, 'num_of_iterations': 10}",0,1024,20,70,1664,8,2122,550461440,22
10,1758,10,72,0,1664,c44c699f-fb85-4971-8512-9bb990342e34,1723088159774,538320896,1640,RAM1664,10,,4,12140544,2926976,0,False,workbench-pyaes,7819,1759,7737,"{'length_of_message': 410, 'num_of_iterations': 410}",0,1024,60,72,1664,1759,15556,550461440,21
10,508,10,72,0,1664,f35fc48f-df94-49bc-a972-e5b232cf8e0b,1723088134938,538320896,470,RAM1664,10,,4,12140544,846976,0,False,workbench-pyaes,12807,509,7647,"{'length_of_message': 210, 'num_of_iterations': 210}",0,1024,10,72,1664,509,20454,550461440,21
11,7150,11,74,0,896,23ac57de-8172-4cfc-ab9e-938674b12135,1723088251373,538320896,3590,RAM896,11,,8,12140544,6407296,0,False,workbench-pyaes,7821,7151,7833,"{'length_of_message': 610, 'num_of_iterations': 610}",0,1024,70,74,896,7151,15654,550461440,21
9,7,11,71,0,3008,252b5502-6e46-45d9-9b1b-b524ff5a49eb,1723088128130,538320896,10,RAM3008,10,,2,12140544,24064,0,False,workbench-pyaes,4731,8,7368,"{'length_of_message': 10, 'num_of_iterations': 10}",0,1024,0,71,3008,8,12099,550461440,22
11,6041,10,73,0,2944,f485669b-3ed9-4e6a-9649-22118e5c417c,1723088177501,538320896,6050,RAM2944,11,,2,12140544,17787648,0,False,workbench-pyaes,10511,6042,7941,"{'length_of_message': 810, 'num_of_iterations': 810}",0,1024,50,73,2944,6042,18452,550461440,21
11,2973,10,71,0,2176,a61e08f4-876b-4a4a-8b30-14d58a4a237d,1723088145954,538320896,2990,RAM2176,11,,3,12140544,6471424,0,False,workbench-pyaes,3241,2974,538,"{'length_of_message': 560, 'num_of_iterations': 560}",0,1024,20,71,2176,2974,3779,550461440,22
10,1085,10,72,0,2304,c866fd23-d5f4-4e39-9422-67e50c6e93c2,1723088155114,538320896,1090,RAM2304,10,,3,12140544,2502144,0,False,workbench-pyaes,3275,1086,718,"{'length_of_message': 360, 'num_of_iterations': 360}",0,1024,10,72,2304,1086,3993,550461440,21
10,2466,10,74,0,2688,8843c630-5996-4000-b043-02ec97e1639b,1723088223973,538320896,2480,RAM2688,10,,2,12140544,6631296,0,False,workbench-pyaes,7867,2467,7875,"{'length_of_message': 510, 'num_of_iterations': 510}",0,1024,20,74,2688,2467,15742,550461440,21
9,41348,9,71,0,256,3267e894-f824-4f08-92d3-2556b9744afb,1723088165229,538324992,5760,RAM256,9,468,27,12136448,10585344,0,True,workbench-pyaes,42,41349,42,"{'length_of_message': 760, 'num_of_iterations': 760}",468,1024,110,71,256,41349,84,550461440,22
9,10523,10,70,0,128,408d8961-11c0-48f2-83c7-9443730be909,1723088134350,538324992,640,RAM128,9,411,54,12136448,1347072,0,True,workbench-pyaes,42,10524,42,"{'length_of_message': 260, 'num_of_iterations': 260}",411,1024,40,70,128,10524,84,550461440,22
9,782,10,70,0,640,869fde00-1d0a-448e-a25f-f66b13a21d3a,1723088124673,538324992,430,RAM640,9,478,10,12136448,501120,0,True,workbench-pyaes,42,783,42,"{'length_of_message': 160, 'num_of_iterations': 160}",478,1024,250,70,640,783,84,550461440,22
11,942,10,72,0,2432,116b8daa-42d0-4bf1-a892-9284bd1645a6,1723088161431,538320896,960,RAM2432,11,,2,12140544,2293376,0,False,workbench-pyaes,7749,943,7581,"{'length_of_message': 310, 'num_of_iterations': 310}",0,1024,10,72,2432,943,15330,550461440,21
11,4022,10,72,0,2944,13c84365-0d24-4c17-9a92-8afa41396239,1723088159958,538320896,4030,RAM2944,11,,2,12140544,11843712,0,False,workbench-pyaes,3238,4023,538,"{'length_of_message': 660, 'num_of_iterations': 660}",0,1024,40,72,2944,4023,3776,550461440,21
10,2978,10,72,0,768,5ec3184b-bfde-4b00-9f36-00b06da77797,1723088167760,538320896,1280,RAM768,10,,9,12140544,2287872,0,False,workbench-pyaes,7887,2979,7779,"{'length_of_message': 360, 'num_of_iterations': 360}",0,1024,10,72,768,2979,15666,550461440,22
10,186,10,72,0,1280,38b1f7c3-e370-4a00-a306-576093384b88,1723088129779,538320896,140,RAM1280,10,,5,12140544,239360,0,False,workbench-pyaes,0,187,0,"{'length_of_message': 110, 'num_of_iterations': 110}",0,1024,0,72,1280,187,0,550461440,21
9,5500,10,70,0,256,4f88a157-26cd-4f8f-8054-a3a31b9df8f8,1723088129403,538324992,810,RAM256,9,485,27,12136448,1408256,0,True,workbench-pyaes,42,5501,42,"{'length_of_message': 260, 'num_of_iterations': 260}",485,1024,80,70,256,5501,84,550461440,22
10,2755,10,72,0,640,1c5f3db3-2983-43da-a38a-f58eccb7c0e9,1723088156429,538320896,990,RAM640,10,,11,12140544,1763840,0,False,workbench-pyaes,11358,2756,15909,"{'length_of_message': 310, 'num_of_iterations': 310}",0,1024,20,72,640,2756,27267,550461440,22
10,961,10,72,0,2688,d63959cb-bbd3-4022-90b8-b6f4dba4b6a3,1723088147006,538320896,960,RAM2688,10,,2,12140544,2585856,0,False,workbench-pyaes,3199,962,496,"{'length_of_message': 310, 'num_of_iterations': 310}",0,1024,10,72,2688,962,3695,550461440,21
11,5,10,71,0,1152,46eecd79-d720-449c-8ad1-3abaf00f6e90,1723088127662,538320896,0,RAM1152,11,,6,12140544,6912,0,False,workbench-pyaes,0,6,0,"{'length_of_message': 10, 'num_of_iterations': 10}",0,1024,0,71,1152,6,0,550461440,21
10,1587,10,72,0,2816,40ea58b6-6eef-4172-bfaa-f2843f92d4a6,1723088138079,538320896,1600,RAM2816,10,,2,12140544,4471808,0,False,workbench-pyaes,0,1588,0,"{'length_of_message': 410, 'num_of_iterations': 410}",0,1024,20,72,2816,1588,0,550461440,21
9,99509,10,71,0,128,6b22abfd-4a31-4273-9bed-f2348f741f9a,1723088223379,538324992,6670,RAM128,9,478,55,12136448,12737280,0,True,workbench-pyaes,42,99510,42,,478,1024,90,71,128,99510,84,550461440,22
11,14817,10,73,0,384,d933cf37-99e1-434d-954e-4ce15dbc00d3,1723088237135,538320896,3130,RAM384,11,,19,12140544,5690112,0,False,workbench-pyaes,7845,14818,7863,"{'length_of_message': 560, 'num_of_iterations': 560}",0,1024,170,73,384,14818,15708,550461440,21
10,974,10,71,0,1280,f97b3022-5607-4e8e-b381-479930ecc3db,1723088127867,538320896,690,RAM1280,10,,5,12140544,1248000,0,False,workbench-pyaes,4478,975,496,"{'length_of_message': 260, 'num_of_iterations': 260}",0,1024,20,71,1280,975,4974,550461440,21
11,12417,10,73,0,384,b07ee034-acca-4563-ad79-69b8da748b59,1723088216174,538320896,2600,RAM384,11,,19,12140544,4768512,0,False,workbench-pyaes,7761,12418,7845,"{'length_of_message': 510, 'num_of_iterations': 510}",0,1024,30,73,384,12418,15606,550461440,21
10,1088,10,72,0,1536,7df5da02-30d8-443e-8b71-a96dae535c33,1723088129494,538320896,960,RAM1536,10,,4,12140544,1672704,0,False,workbench-pyaes,7028,1089,496,"{'length_of_message': 310, 'num_of_iterations': 310}",0,1024,0,72,1536,1089,7524,550461440,21
9,36449,10,71,0,256,9a9ad407-92db-449e-8696-ad89104c0bbb,1723088160354,538324992,5060,RAM256,9,493,27,12136448,9331200,0,True,workbench-pyaes,42,36450,42,"{'length_of_message': 710, 'num_of_iterations': 710}",493,1024,110,71,256,36450,84,550461440,22
11,2371,10,72,0,1792,e080bb3f-e8d2-442f-8b0d-7ff1040edc69,1723088140737,538320896,2380,RAM1792,11,,4,12140544,4250624,0,False,workbench-pyaes,0,2372,0,"{'length_of_message': 510, 'num_of_iterations': 510}",0,1024,10,72,1792,2372,0,550461440,21
10,3284,10,73,0,896,7fbf78d5-bf02-4b9a-a9da-f4c1160d08ee,1723088156838,538320896,1670,RAM896,10,,8,12140544,2943360,0,False,workbench-pyaes,7865,3285,7821,"{'length_of_message': 410, 'num_of_iterations': 410}",0,1024,50,73,896,3285,15686,550461440,21
9,6790,9,71,0,1408,51f57f58-017f-4dcb-82a9-d9567ecd7b37,1723088156421,538324992,5370,RAM1408,9,482,5,12136448,9561728,0,True,workbench-pyaes,42,6791,42,"{'length_of_message': 760, 'num_of_iterations': 760}",482,1024,90,71,1408,6791,84,550461440,22
9,3631,10,70,0,512,e1768771-7adb-433f-8b1e-da354ee12de3,1723088127431,538324992,1050,RAM512,9,529,13,12136448,1859584,0,True,workbench-pyaes,42,3632,42,"{'length_of_message': 310, 'num_of_iterations': 310}",529,1024,40,70,512,3632,84,550461440,22
11,1177,10,72,0,1792,a604241e-99e4-4098-afd5-87dff75b8a75,1723088132602,538320896,1080,RAM1792,11,,4,12140544,2110976,0,False,workbench-pyaes,42,1178,42,"{'length_of_message': 360, 'num_of_iterations': 360}",0,1024,20,72,1792,1178,84,550461440,21
10,13767,10,73,0,896,e406551f-8c62-428e-abb9-be463adf7a34,1723088153615,538320896,6900,RAM896,10,,8,12140544,12336128,0,False,workbench-pyaes,10327,13768,7767,"{'length_of_message': 860, 'num_of_iterations': 860}",0,1024,50,73,896,13768,18094,550461440,21
9,6,10,71,0,1152,2d104713-ffec-4f9c-b45b-280c78e394eb,1723088126545,538320896,0,RAM1152,9,,6,12140544,8064,0,False,workbench-pyaes,4734,7,7368,"{'length_of_message': 10, 'num_of_iterations': 10}",0,1024,10,71,1152,7,12102,550461440,22
9,545,10,71,0,896,cbf9fb8f-d045-4256-9743-0eb79aebad39,1723088124962,538320896,280,RAM896,11,,7,12140544,489216,0,False,workbench-pyaes,6308,546,14756,"{'length_of_message': 160, 'num_of_iterations': 160}",0,1024,40,71,896,546,21064,550461440,22
11,3148,10,73,0,1152,324fd4d4-cd8e-44ab-bb8d-0a8a58941a5d,1723088166745,538320896,2020,RAM1152,11,,6,12140544,3627648,0,False,workbench-pyaes,7755,3149,7557,"{'length_of_message': 460, 'num_of_iterations': 460}",0,1024,20,73,1152,3149,15312,550461440,21
10,2059,11,74,0,2176,c825afaf-c1cf-48b6-b2f1-f5104f36e346,1723088221242,538320896,2070,RAM2176,10,,3,12140544,4482560,0,False,workbench-pyaes,7867,2060,7755,"{'length_of_message': 510, 'num_of_iterations': 510}",0,1024,20,74,2176,2060,15622,550461440,21
,,,,,256,6cf7c803-58e6-48b8-99a5-7db574985c36,1723088305292,,,,,,,,,,,,,59472,,"{'length_of_message': 960, 'num_of_iterations': 960}",,,,73,,,,,
10,1987,9,72,0,1792,74efac54-0125-4bec-a3ed-33ecadd5373c,1723088170227,538320896,1990,RAM1792,10,,4,12140544,3562496,0,False,workbench-pyaes,7685,1988,7647,"{'length_of_message': 460, 'num_of_iterations': 460}",0,1024,20,72,1792,1988,15332,550461440,22
10,271,10,70,0,2432,42828963-c813-49ea-bddd-2e0882545877,1723088126126,538320896,280,RAM2432,10,,2,12140544,661504,0,False,workbench-pyaes,42,272,42,"{'length_of_message': 160, 'num_of_iterations': 160}",0,1024,40,70,2432,272,84,550461440,22
11,1594,10,74,0,2944,3ac2b976-b920-47e3-afb1-d86b4b02d3fc,1723088190137,538320896,1610,RAM2944,11,,2,12140544,4695680,0,False,workbench-pyaes,3202,1595,496,"{'length_of_message': 410, 'num_of_iterations': 410}",0,1024,20,74,2944,1595,3698,550461440,21
10,140,10,71,0,640,be186038-7403-4543-b21c-d1ad5ffd4377,1723088126619,538320896,70,RAM640,11,,11,12140544,90240,0,False,workbench-pyaes,11344,141,15975,"{'length_of_message': 60, 'num_of_iterations': 60}",0,1024,40,71,640,141,27319,550461440,22
10,1930,10,71,0,1920,da88e75d-63d0-4061-ba8e-edb98bfd18bb,1723088138395,538320896,1940,RAM1920,10,,3,12140544,3707520,0,False,workbench-pyaes,11288,1931,15711,"{'length_of_message': 460, 'num_of_iterations': 460}",0,1024,20,71,1920,1931,26999,550461440,22
10,304,10,72,0,1536,aa2953bd-612b-4a39-9602-0dad340a186b,1723088130519,538320896,270,RAM1536,10,,4,12140544,468480,0,False,workbench-pyaes,0,305,0,"{'length_of_message': 160, 'num_of_iterations': 160}",0,1024,10,72,1536,305,0,550461440,21
11,1562,10,74,0,2432,c4751b5b-1600-45cd-90da-42f217267e44,1723088188457,538320896,1570,RAM2432,11,,3,12140544,3801216,0,False,workbench-pyaes,7865,1563,7941,"{'length_of_message': 410, 'num_of_iterations': 410}",0,1024,60,74,2432,1563,15806,550461440,21
9,147,10,70,0,1664,e476c25a-c22c-4a25-8f3a-16db24f87232,1723088125192,538324992,120,RAM1664,9,,4,12136448,246272,0,False,workbench-pyaes,0,148,0,"{'length_of_message': 110, 'num_of_iterations': 110}",0,1024,10,70,1664,148,0,550461440,22
11,669,10,71,0,1792,f6b509a0-996d-4e9e-905f-0bc0fe0b35ed,1723088128589,538320896,660,RAM1792,11,,3,12140544,1200640,0,False,workbench-pyaes,0,670,0,"{'length_of_message': 260, 'num_of_iterations': 260}",0,1024,20,71,1792,670,0,550461440,21
10,4656,10,73,0,2816,5ed12bfe-57cd-4032-a4ac-f5b9e82828b5,1723088165065,538320896,4680,RAM2816,10,,2,12140544,13114112,0,False,workbench-pyaes,3321,4657,760,"{'length_of_message': 710, 'num_of_iterations': 710}",0,1024,30,73,2816,4657,4081,550461440,21
9,61,10,70,0,256,2b616ad9-2ee3-48d8-aa90-e9ec9d1358ca,1723088123777,538324992,30,RAM256,9,482,27,12136448,15872,0,True,workbench-pyaes,42,62,42,"{'length_of_message': 10, 'num_of_iterations': 10}",482,1024,70,70,256,62,84,550461440,22
9,49,11,70,0,3008,9ea654b8-99ec-495c-a392-eb017b06f523,1723088126251,538324992,70,RAM3008,9,472,2,12136448,150400,0,True,workbench-pyaes,42,50,42,"{'length_of_message': 60, 'num_of_iterations': 60}",472,1024,60,70,3008,50,84,550461440,22
8,73,10,70,0,1152,bd6b30c2-78d7-4588-a0ec-84bee26681b1,1723088124592,538324992,60,RAM1152,9,495,6,12136448,85248,0,True,workbench-pyaes,42,74,42,"{'length_of_message': 60, 'num_of_iterations': 60}",494,1024,60,70,1152,74,84,550461440,22
10,936,10,72,0,2816,03a7073b-49d7-4276-99cf-7d12af59239c,1723088147172,538320896,930,RAM2816,10,,2,12140544,2638592,0,False,workbench-pyaes,10323,937,7647,"{'length_of_message': 310, 'num_of_iterations': 310}",0,1024,0,72,2816,937,17970,550461440,21
10,5,10,72,0,2560,43c393b4-1c30-4bd1-b676-ccc3a1147f84,1723088128035,538320896,10,RAM2560,10,,2,12140544,15360,0,False,workbench-pyaes,0,6,0,"{'length_of_message': 10, 'num_of_iterations': 10}",0,1024,0,72,2560,6,0,550461440,21
10,462,10,71,0,1920,5f4d6e77-efa4-4436-862c-bbbd0751506f,1723088127402,538320896,480,RAM1920,10,,3,12140544,888960,0,False,workbench-pyaes,4611,463,1058,"{'length_of_message': 210, 'num_of_iterations': 210}",0,1024,0,71,1920,463,5669,550461440,22
10,56012,9,71,0,128,ef7734ba-f688-4c1f-9ebd-430637a67105,1723088291562,538320896,3750,RAM128,10,,55,12140544,7169664,0,False,workbench-pyaes,7887,56013,7851,"{'length_of_message': 610, 'num_of_iterations': 610}",0,1024,40,71,128,56013,15738,550461440,22
10,689,10,71,0,768,ee53ae58-a611-4444-bc98-2a6943535839,1723088133495,538320896,310,RAM768,11,,9,12140544,529920,0,False,workbench-pyaes,9006,690,15785,"{'length_of_message': 160, 'num_of_iterations': 160}",0,1024,20,71,768,690,24791,550461440,22
10,116,10,71,0,2304,4e423e59-aa9f-4d87-a092-df9f93ed9431,1723088127611,538320896,120,RAM2304,11,,3,12140544,269568,0,False,workbench-pyaes,11156,117,15777,"{'length_of_message': 110, 'num_of_iterations': 110}",0,1024,20,71,2304,117,26933,550461440,22
11,12932,10,72,0,512,b3234b33-60ba-4973-8222-7491bf839441,1723088192432,538320896,3650,RAM512,11,,14,12140544,6621696,0,False,workbench-pyaes,11424,12933,15843,"{'length_of_message': 610, 'num_of_iterations': 610}",0,1024,40,72,512,12933,27267,550461440,22
11,1678,10,74,0,3008,47048314-5f02-439d-a93d-001cfb70e3ff,1723088206547,538320896,1710,RAM3008,11,,2,12140544,5050432,0,False,workbench-pyaes,7683,1679,7611,"{'length_of_message': 460, 'num_of_iterations': 460}",0,1024,10,74,3008,1679,15294,550461440,21
10,49,10,71,0,1792,00bf0150-85ce-484a-ba68-15849201073a,1723088126978,538320896,50,RAM1792,10,,3,12140544,89600,0,False,workbench-pyaes,11152,50,15945,"{'length_of_message': 60, 'num_of_iterations': 60}",0,1024,10,71,1792,50,27097,550461440,22
10,133,10,72,0,2560,d6172cbe-076b-4fa1-ac9c-f6a0e63b6d25,1723088130343,538320896,140,RAM2560,10,,2,12140544,343040,0,False,workbench-pyaes,7089,134,562,"{'length_of_message': 110, 'num_of_iterations': 110}",0,1024,0,72,2560,134,7651,550461440,21
11,2524,10,74,0,1152,4e9fd45e-61f4-4208-b8ba-9154051c812e,1723088183869,538320896,1640,RAM1152,11,,6,12140544,2908800,0,False,workbench-pyaes,7863,2525,7809,"{'length_of_message': 410, 'num_of_iterations': 410}",0,1024,20,74,1152,2525,15672,550461440,21
8,8586,10,71,0,1280,8e1f542a-2e10-4d83-8171-48f8e21c7cab,1723088160268,538324992,6190,RAM1280,9,470,5,12136448,10991360,0,True,workbench-pyaes,42,8587,42,"{'length_of_message': 810, 'num_of_iterations': 810}",470,1024,110,71,1280,8587,84,550461440,26
9,1116,10,71,0,256,83422268-8c72-4f00-af85-c441d330fe7d,1723088127513,538320896,150,RAM256,10,,27,12140544,285952,0,False,workbench-pyaes,11236,1117,15879,"{'length_of_message': 110, 'num_of_iterations': 110}",0,1024,0,71,256,1117,27115,550461440,22
11,4080,10,72,0,1280,1ae5f2bd-d723-41fc-a1f0-271e9958d0a0,1723088140892,538320896,2920,RAM1280,11,,5,12140544,5223680,0,False,workbench-pyaes,78,4081,222,"{'length_of_message': 560, 'num_of_iterations': 560}",0,1024,30,72,1280,4081,300,550461440,21
11,3098,9,72,0,1408,b3384bf1-6c66-4d92-b1c2-a29591983152,1723088136411,538320896,1560,RAM1408,11,,5,12140544,4363392,0,False,workbench-pyaes,5743,3099,496,"{'length_of_message': 460, 'num_of_iterations': 460}",0,1024,0,72,1408,3099,6239,550461440,21
11,669,10,73,0,1792,31a4cd88-7b3c-4c17-ad33-4e4fad3092f9,1723088150224,538320896,670,RAM1792,11,,4,12140544,1200640,0,False,workbench-pyaes,3200,670,496,"{'length_of_message': 260, 'num_of_iterations': 260}",0,1024,0,73,1792,670,3696,550461440,21
10,390,10,72,0,3008,e86c7f64-c99b-4fe8-9da3-c8bdad8c31bb,1723088136173,538320896,390,RAM3008,10,,2,12140544,1176128,0,False,workbench-pyaes,7143,391,420,"{'length_of_message': 210, 'num_of_iterations': 210}",0,1024,10,72,3008,391,7563,550461440,21
11,2854,10,72,0,1792,59fe3486-d181-4119-8466-9467cd8de1b0,1723088143804,538320896,2860,RAM1792,11,,4,12140544,5116160,0,False,workbench-pyaes,10391,2855,7803,"{'length_of_message': 560, 'num_of_iterations': 560}",0,1024,10,72,1792,2855,18194,550461440,21
10,4618,10,72,0,384,d7532164-21c7-4832-b9c9-249ba75c27e6,1723088158235,538320896,890,RAM384,10,,18,12140544,1773696,0,False,workbench-pyaes,11422,4619,16107,"{'length_of_message': 310, 'num_of_iterations': 310}",0,1024,30,72,384,4619,27529,550461440,22
11,1454,10,72,0,1536,3d8ab895-49a9-49ea-82f8-2af6ec032077,1723088172754,538320896,1250,RAM1536,11,,4,12140544,2234880,0,False,workbench-pyaes,7687,1455,7611,"{'length_of_message': 360, 'num_of_iterations': 360}",0,1024,30,72,1536,1455,15298,550461440,22
11,3147,10,74,0,1152,6533a319-5b74-49eb-849c-05dc38afa4e9,1723088199310,538320896,2040,RAM1152,11,,6,12140544,3626496,0,False,workbench-pyaes,7933,3148,7941,"{'length_of_message': 460, 'num_of_iterations': 460}",0,1024,60,74,1152,3148,15874,550461440,21
9,331,10,70,0,1408,6d5c9662-233f-44b8-9118-879be4fa0181,1723088135049,538324992,290,RAM1408,9,481,4,12136448,467456,0,True,workbench-pyaes,42,332,42,"{'length_of_message': 160, 'num_of_iterations': 160}",481,1024,60,70,1408,332,84,550461440,22
10,225,11,71,0,2176,dba48b67-de27-475c-b92c-211dea01fb67,1723088130874,538320896,230,RAM2176,10,,3,12140544,491776,0,False,workbench-pyaes,3170,226,108,"{'length_of_message': 160, 'num_of_iterations': 160}",0,1024,0,71,2176,226,3278,550461440,22
11,1656,10,71,0,768,1a467f2d-35d2-46db-8b43-f2744dca78a7,1723088136247,538320896,770,RAM768,11,,9,12140544,1272576,0,False,workbench-pyaes,11218,1657,16107,"{'length_of_message': 260, 'num_of_iterations': 260}",0,1024,90,71,768,1657,27325,550461440,22
10,4086,10,71,0,128,3737fc83-991e-43f2-aa78-fdfaaff7dad2,1723088132578,538320896,250,RAM128,10,,55,12140544,523136,0,False,workbench-pyaes,42,4087,42,"{'length_of_message': 160, 'num_of_iterations': 160}",0,1024,0,71,128,4087,84,550461440,22
9,3514,10,70,0,384,da1574dc-110d-424b-b7c2-aed2b1349c95,1723088127380,538324992,740,RAM384,9,477,18,12136448,1349760,0,True,workbench-pyaes,42,3515,42,"{'length_of_message': 260, 'num_of_iterations': 260}",477,1024,60,70,384,3515,84,550461440,22
11,571,10,72,0,2560,2e9ba7d3-7116-4743-8438-ea54e608b2d2,1723088151096,538320896,520,RAM2560,11,,2,12140544,1464320,0,False,workbench-pyaes,3196,572,496,"{'length_of_message': 260, 'num_of_iterations': 260}",0,1024,10,72,2560,572,3692,550461440,21
9,21114,10,70,0,128,bb873a43-bb28-45b4-8585-633ef061e54c,1723088145034,538324992,1430,RAM128,9,505,54,12136448,2702720,0,True,workbench-pyaes,42,21115,42,"{'length_of_message': 360, 'num_of_iterations': 360}",505,1024,70,70,128,21115,84,550461440,22
10,12001,10,72,0,1280,a9357a0e-37db-46c5-8ac3-4468e663f04a,1723088173249,538320896,8610,RAM1280,10,,5,12140544,15362560,0,False,workbench-pyaes,11290,12002,15909,"{'length_of_message': 960, 'num_of_iterations': 960}",0,1024,90,72,1280,12002,27199,550461440,21
9,8553,10,70,0,768,0d325f69-7990-46c8-a4fa-6fd14aa57cc2,1723088132420,538324992,3670,RAM768,9,485,9,12136448,6569472,0,True,workbench-pyaes,42,8554,42,"{'length_of_message': 610, 'num_of_iterations': 610}",485,1024,100,70,768,8554,84,550461440,22
10,1255,10,72,0,1920,e5d1f6bb-0a8a-4db6-9f0e-e32467831083,1723088132960,538320896,1240,RAM1920,10,,3,12140544,2411520,0,False,workbench-pyaes,78,1256,222,"{'length_of_message': 360, 'num_of_iterations': 360}",0,1024,20,72,1920,1256,300,550461440,21
10,136,10,71,0,2048,7fa2ddd1-461f-4147-a579-f2362443e3e2,1723088127531,538320896,140,RAM2048,10,,3,12140544,280576,0,False,workbench-pyaes,132,137,430,"{'length_of_message': 110, 'num_of_iterations': 110}",0,1024,0,71,2048,137,562,550461440,22
10,2307,10,74,0,1536,03cc7a46-0669-4b1f-93af-7cb97eb5fc9b,1723088201315,538320896,2020,RAM1536,10,,4,12140544,3545088,0,False,workbench-pyaes,8043,2308,7983,"{'length_of_message': 460, 'num_of_iterations': 460}",0,1024,50,74,1536,2308,16026,550461440,21
10,3741,10,72,0,640,55e7871b-49f0-4423-a235-f74b4cb88f96,1723088149012,538320896,1330,RAM640,10,,11,12140544,2394880,0,False,workbench-pyaes,11118,3742,15879,"{'length_of_message': 360, 'num_of_iterations': 360}",0,1024,20,72,640,3742,26997,550461440,22
9,2124,10,70,0,768,e0ea8c1b-31cc-4dfe-b184-ee13bd036132,1723088125947,538324992,840,RAM768,9,409,9,12136448,1632000,0,True,workbench-pyaes,42,2125,42,"{'length_of_message': 310, 'num_of_iterations': 310}",409,1024,40,70,768,2125,84,550461440,22
9,5904,10,70,0,640,0bce8bd5-695e-4aa0-80e6-4f58c9fb34e8,1723088129630,538324992,2150,RAM640,9,479,10,12136448,3779200,0,True,workbench-pyaes,42,5905,42,"{'length_of_message': 460, 'num_of_iterations': 460}",479,1024,160,70,640,5905,84,550461440,22
10,945,10,72,0,2176,b05125b0-39ed-406a-b785-02edf1ca43ac,1723088131008,538320896,940,RAM2176,10,,3,12140544,2058496,0,False,workbench-pyaes,108,946,472,"{'length_of_message': 310, 'num_of_iterations': 310}",0,1024,20,72,2176,946,580,550461440,21
10,3779,10,74,0,1408,be6b09e1-3bf0-4cfb-86cb-006a7f6a7ce5,1723088239777,538320896,3000,RAM1408,10,,5,12140544,5322240,0,False,workbench-pyaes,7933,3780,7875,"{'length_of_message': 560, 'num_of_iterations': 560}",0,1024,30,74,1408,3780,15808,550461440,21
8,22,10,70,0,640,ab160684-d1e9-4564-9b1d-15aed6c36b1a,1723088123719,538324992,70,RAM640,9,474,10,12136448,14720,0,True,workbench-pyaes,42,23,42,"{'length_of_message': 10, 'num_of_iterations': 10}",474,1024,70,70,640,23,84,550461440,22
9,18599,9,70,0,256,f296d94b-8603-4b72-8f0e-0f7af3b897b8,1723088142309,538324992,2620,RAM256,9,477,27,12136448,4761600,0,True,workbench-pyaes,42,18600,42,"{'length_of_message': 510, 'num_of_iterations': 510}",477,1024,70,70,256,18600,84,550461440,22
10,49,10,70,0,1920,cffe5fe1-6379-4148-b16a-32b47d6de4a9,1723088127043,538320896,40,RAM1920,10,,3,12140544,96000,0,False,workbench-pyaes,11214,50,15281,"{'length_of_message': 60, 'num_of_iterations': 60}",0,1024,0,70,1920,50,26495,550461440,22
,,,,,1024,704f3f8f-d2c3-466d-a259-c5e520a99ec1,1723088196263,,,,,,,,,,,,,6356,,"{'length_of_message': 610, 'num_of_iterations': 610}",,,,72,,,,,
10,6405,11,73,0,2176,cfbfe9f8-ed2e-49db-853e-978039340ee6,1723088177317,538320896,6430,RAM2176,10,,3,12140544,13939456,0,False,workbench-pyaes,7823,6406,7803,"{'length_of_message': 910, 'num_of_iterations': 910}",0,1024,40,73,2176,6406,15626,550461440,21
9,66653,10,70,0,128,4366bdda-61fa-4c89-9f2a-b94efcf76233,1723088190351,538324992,4450,RAM128,9,465,54,12136448,8531712,0,True,workbench-pyaes,42,66654,42,,465,1024,70,70,128,66654,84,550461440,22
10,2387,10,73,0,2304,a91363c8-a58d-49de-a5c7-609d5b08e8e8,1723088223064,538320896,2430,RAM2304,10,,3,12140544,5501952,0,False,workbench-pyaes,7909,2388,7797,"{'length_of_message': 510, 'num_of_iterations': 510}",0,1024,50,73,2304,2388,15706,550461440,21
11,2405,9,73,0,2560,16c8bf16-256f-427b-8ef3-d32eed3576b3,1723088223701,538320896,2420,RAM2560,11,,2,12140544,6159360,0,False,workbench-pyaes,7931,2406,7821,"{'length_of_message': 510, 'num_of_iterations': 510}",0,1024,10,73,2560,2406,15752,550461440,21
11,1233,10,73,0,2048,c1d1e694-93f5-451b-ba29-a0b31a5b1926,1723088173947,538320896,1240,RAM2048,11,,3,12140544,2527232,0,False,workbench-pyaes,3202,1234,496,"{'length_of_message': 360, 'num_of_iterations': 360}",0,1024,10,73,2048,1234,3698,550461440,21
10,463,10,71,0,2688,aa770fbf-2a06-4033-9513-56e027de7b1a,1723088135909,538320896,480,RAM2688,10,,2,12140544,1247232,0,False,workbench-pyaes,0,464,0,"{'length_of_message': 210, 'num_of_iterations': 210}",0,1024,10,71,2688,464,0,550461440,21
8,48,10,70,0,1920,856d09d1-6bb9-4312-9d7a-12c3d703d214,1723088125297,538324992,70,RAM1920,9,496,3,12136448,94080,0,True,workbench-pyaes,42,49,42,"{'length_of_message': 60, 'num_of_iterations': 60}",496,1024,60,70,1920,49,84,550461440,22
10,417,9,71,0,1408,fec43676-34e6-4f44-97b4-14a235586570,1723088125472,538320896,220,RAM1408,11,,5,12140544,588544,0,False,workbench-pyaes,11204,418,15777,"{'length_of_message': 160, 'num_of_iterations': 160}",0,1024,0,71,1408,418,26981,550461440,22
11,3464,10,73,0,2560,7de7e890-a52d-400c-bda5-f478d05c4a3b,1723088263972,538320896,3510,RAM2560,11,,2,12140544,8870400,0,False,workbench-pyaes,7931,3465,7887,"{'length_of_message': 610, 'num_of_iterations': 610}",0,1024,80,73,2560,3465,15818,550461440,21
11,7549,10,71,0,128,dead45a6-5bb3-41bf-b3fe-3dd848175ede,1723088147109,538320896,530,RAM128,11,,55,12140544,966400,0,False,workbench-pyaes,7951,7550,7839,"{'length_of_message': 210, 'num_of_iterations': 210}",0,1024,10,71,128,7550,15790,550461440,22
11,721,9,72,0,1408,16999e0e-8a4f-4c96-9d11-4b2e17589ca0,1723088142577,538320896,360,RAM1408,11,,5,12140544,1016576,0,False,workbench-pyaes,3199,722,496,"{'length_of_message': 210, 'num_of_iterations': 210}",0,1024,20,72,1408,722,3695,550461440,21
10,4801,10,72,0,640,f28cead5-fd14-439f-89d0-6508b4f2e33f,1723088154477,538320896,1700,RAM640,10,,11,12140544,3073280,0,False,workbench-pyaes,3443,4802,694,"{'length_of_message': 410, 'num_of_iterations': 410}",0,1024,20,72,640,4802,4137,550461440,22
10,379,10,72,0,1152,b198721e-4422-4144-b9f0-d66fc10c1e52,1723088129988,538320896,220,RAM1152,10,,6,12140544,437760,0,False,workbench-pyaes,42,380,42,"{'length_of_message': 160, 'num_of_iterations': 160}",0,1024,0,72,1152,380,84,550461440,21
10,2018,9,71,0,896,c029116e-3834-4bcc-a130-8376360ac69d,1723088128020,538320896,990,RAM896,10,,7,12140544,1809024,0,False,workbench-pyaes,11278,2019,15777,"{'length_of_message': 310, 'num_of_iterations': 310}",0,1024,40,71,896,2019,27055,550461440,22
10,10377,10,73,0,640,95c38612-ea0d-46f8-b671-7e44f7905e2a,1723088245955,538320896,3700,RAM640,10,,11,12140544,6641920,0,False,workbench-pyaes,7823,10378,7845,"{'length_of_message': 610, 'num_of_iterations': 610}",0,1024,70,73,640,10378,15668,550461440,21
9,4416,10,70,0,128,0345dbf9-3527-445f-9057-d31463ac2b8e,1723088128291,538324992,300,RAM128,9,491,54,12136448,565376,0,True,workbench-pyaes,42,4417,42,"{'length_of_message': 160, 'num_of_iterations': 160}",491,1024,50,70,128,4417,84,550461440,22
11,475,10,71,0,2048,0af17546-339e-481c-87ea-7d999be1e555,1723088127438,538320896,470,RAM2048,11,,3,12140544,974848,0,False,workbench-pyaes,4472,476,496,"{'length_of_message': 210, 'num_of_iterations': 210}",0,1024,10,71,2048,476,4968,550461440,22
10,8122,10,74,0,2816,f95af283-46ec-4ddf-966e-3e8c96105fac,1723088196754,538320896,8160,RAM2816,10,,2,12140544,22874368,0,False,workbench-pyaes,3322,8123,760,"{'length_of_message': 960, 'num_of_iterations': 960}",0,1024,70,74,2816,8123,4082,550461440,21
10,3071,10,71,0,1408,3c812dce-16bb-4b41-8b61-159279d7a0d1,1723088138317,538320896,2420,RAM1408,10,,5,12140544,4325376,0,False,workbench-pyaes,11210,3072,16041,"{'length_of_message': 510, 'num_of_iterations': 510}",0,1024,40,71,1408,3072,27251,550461440,22
9,17946,9,71,0,640,6e757a31-f1aa-4eeb-8156-24ebe4971bef,1723088141836,538324992,6390,RAM640,9,508,11,12136448,11486080,0,True,workbench-pyaes,42,17947,42,"{'length_of_message': 810, 'num_of_iterations': 810}",508,1024,120,71,640,17947,84,550461440,22
9,85,10,70,0,1024,806c7a5b-7000-4755-a47d-7c71e8055db1,1723088124521,538324992,60,RAM1024,9,483,6,12136448,88064,0,True,workbench-pyaes,42,86,42,"{'length_of_message': 60, 'num_of_iterations': 60}",483,1024,60,70,1024,86,84,550461440,22
11,2848,10,74,0,2048,ea072168-ac6f-4e5c-997d-a4d867fb4a4c,1723088243458,538320896,2870,RAM2048,11,,3,12140544,5834752,0,False,workbench-pyaes,7825,2849,7899,"{'length_of_message': 560, 'num_of_iterations': 560}",0,1024,20,74,2048,2849,15724,550461440,21
9,145,10,70,0,1920,67865dcc-dd36-4575-9a9e-32cd5146b72b,1723088125371,538324992,140,RAM1920,9,,3,12136448,280320,0,False,workbench-pyaes,0,146,0,"{'length_of_message': 110, 'num_of_iterations': 110}",0,1024,10,70,1920,146,0,550461440,22
,,,,,128,925e4258-e7e9-4ca0-b342-2bfffaabdc65,1723088430322,,,,,,,,,,,,,121530,,,,,,73,,,,,
11,2391,10,72,0,2560,da882e09-312b-44d5-9b6c-2616942b2da7,1723088143990,538320896,2430,RAM2560,11,,2,12140544,6123520,0,False,workbench-pyaes,3262,2392,496,"{'length_of_message': 510, 'num_of_iterations': 510}",0,1024,0,72,2560,2392,3758,550461440,21
10,49,10,71,0,2048,af273a4a-2018-4d6e-80ea-941939666bb0,1723088128128,538320896,50,RAM2048,10,,3,12140544,102400,0,False,workbench-pyaes,4603,50,926,"{'length_of_message': 60, 'num_of_iterations': 60}",0,1024,0,71,2048,50,5529,550461440,22
11,1574,10,74,0,1792,f388f09a-905b-449b-9f7d-35e89ac65b04,1723088186813,538320896,1590,RAM1792,11,,4,12140544,2822400,0,False,workbench-pyaes,7857,1575,7719,"{'length_of_message': 410, 'num_of_iterations': 410}",0,1024,50,74,1792,1575,15576,550461440,21
9,17407,11,70,0,384,33388131-4daf-421d-bc53-2c82391e2307,1723088141106,538324992,3730,RAM384,9,477,18,12136448,6684672,0,True,workbench-pyaes,42,17408,42,"{'length_of_message': 610, 'num_of_iterations': 610}",477,1024,250,70,384,17408,84,550461440,22
9,4705,10,70,0,512,a41780b0-47e0-4780-8809-44420b163bf9,1723088128594,538324992,1360,RAM512,9,474,13,12136448,2409472,0,True,workbench-pyaes,42,4706,42,"{'length_of_message': 360, 'num_of_iterations': 360}",474,1024,70,70,512,4706,84,550461440,22
10,1591,9,72,0,1408,77cedd9e-5aeb-4131-ac3d-4049c324108f,1723088172230,538320896,1260,RAM1408,10,,5,12140544,2241536,0,False,workbench-pyaes,3279,1592,718,"{'length_of_message': 360, 'num_of_iterations': 360}",0,1024,30,72,1408,1592,3997,550461440,22
10,264,10,72,0,2048,9d721b2a-004b-4c07-8969-399ebb1d436a,1723088130850,538320896,280,RAM2048,10,,3,12140544,542720,0,False,workbench-pyaes,0,265,0,"{'length_of_message': 160, 'num_of_iterations': 160}",0,1024,0,72,2048,265,0,550461440,21
11,3415,10,74,0,2432,aa8fd473-4249-4eb6-a037-6d824b3c0c74,1723088263491,538320896,3440,RAM2432,11,,3,12140544,8307712,0,False,workbench-pyaes,7867,3416,7755,"{'length_of_message': 610, 'num_of_iterations': 610}",0,1024,100,74,2432,3416,15622,550461440,21
11,4037,10,72,0,2432,c8cf3ba5-6875-40c7-9b0a-3064ab3dc64f,1723088157387,538320896,4040,RAM2432,11,,2,12140544,9820416,0,False,workbench-pyaes,10335,4038,7965,"{'length_of_message': 660, 'num_of_iterations': 660}",0,1024,30,72,2432,4038,18300,550461440,21
,,,,,128,7705c74f-32a1-42f4-a987-74a959c0e683,1723088256138,,,,,,,,,,,,,72361,,,,,,72,,,,,
10,4044,10,74,0,1536,3614eca3-c256-4e93-b5c0-22b881c4c0d7,1723088256932,538320896,3530,RAM1536,10,,4,12140544,6213120,0,False,workbench-pyaes,7759,4045,7779,"{'length_of_message': 610, 'num_of_iterations': 610}",0,1024,30,74,1536,4045,15538,550461440,21
10,141,10,71,0,1664,78e433d0-241f-45fe-86bd-1bd36e36572f,1723088130048,538320896,140,RAM1664,10,,4,12140544,236288,0,False,workbench-pyaes,132,142,430,"{'length_of_message': 110, 'num_of_iterations': 110}",0,1024,0,71,1664,142,562,550461440,21
10,9627,10,73,0,1280,d33ec9cd-3623-4bbc-8297-10dd22edc27e,1723088163296,538320896,6930,RAM1280,10,,5,12140544,12323840,0,False,workbench-pyaes,78,9628,222,"{'length_of_message': 860, 'num_of_iterations': 860}",0,1024,80,73,1280,9628,300,550461440,21
9,25751,9,70,0,128,eff83971-127a-4ac0-ad58-b501eb830706,1723088149457,538324992,1720,RAM128,9,470,54,12136448,3296256,0,True,workbench-pyaes,42,25752,42,"{'length_of_message': 410, 'num_of_iterations': 410}",470,1024,30,70,128,25752,84,550461440,22
11,3573,9,71,0,1024,9f685906-5291-4173-b345-620b286aeb63,1723088133258,538320896,2090,RAM1024,11,,6,12140544,3659776,0,False,workbench-pyaes,4585,3574,538,"{'length_of_message': 460, 'num_of_iterations': 460}",0,1024,20,71,1024,3574,5123,550461440,21
11,945,10,72,0,2944,5c4773e2-ab3c-46e1-867f-0f3fee61abf7,1723088132504,538320896,950,RAM2944,11,,2,12140544,2785024,0,False,workbench-pyaes,42,946,42,"{'length_of_message': 310, 'num_of_iterations': 310}",0,1024,20,72,2944,946,84,550461440,21
10,593,10,71,0,2304,ae79f120-34ce-49fb-8906-e8d1f93de8d1,1723088140065,538320896,600,RAM2304,10,,3,12140544,1368576,0,False,workbench-pyaes,3241,594,538,"{'length_of_message': 260, 'num_of_iterations': 260}",0,1024,0,71,2304,594,3779,550461440,22
10,1395,9,71,0,896,3e7b7a24-2484-4be8-a8e5-bd7451ca6bc4,1723088137694,538320896,710,RAM896,10,,7,12140544,1250816,0,False,workbench-pyaes,3237,1396,538,"{'length_of_message': 260, 'num_of_iterations': 260}",0,1024,10,71,896,1396,3775,550461440,22
,,,,,2048,2917c4a8-5694-4d6f-9358-b7a4168ad763,1723088260458,,,,,,,,,,,,,3474,,"{'length_of_message': 610, 'num_of_iterations': 610}",,,,74,,,,,
10,698,10,72,0,2688,0960a31e-3df6-44ec-bf20-b97ce6e2e289,1723088151286,538320896,690,RAM2688,10,,2,12140544,1878912,0,False,workbench-pyaes,3196,699,496,"{'length_of_message': 260, 'num_of_iterations': 260}",0,1024,10,72,2688,699,3692,550461440,21
10,5111,11,73,0,2176,8376401d-eec5-4f87-9500-230f9e126a4b,1723088169110,538320896,5150,RAM2176,10,,3,12140544,11123712,0,False,workbench-pyaes,3278,5112,718,"{'length_of_message': 810, 'num_of_iterations': 810}",0,1024,20,73,2176,5112,3996,550461440,21
11,806,10,72,0,2560,e0c764b1-7bbe-4d28-9b2d-65db7c32c9e6,1723088161574,538320896,800,RAM2560,11,,2,12140544,2065920,0,False,workbench-pyaes,7991,807,7911,"{'length_of_message': 310, 'num_of_iterations': 310}",0,1024,150,72,2560,807,15902,550461440,21
11,891,10,72,0,1792,d819060f-dab0-4bae-b443-b1ecae08b3a7,1723088145781,538320896,820,RAM1792,11,,4,12140544,1598464,0,False,workbench-pyaes,10367,892,7713,"{'length_of_message': 310, 'num_of_iterations': 310}",0,1024,20,72,1792,892,18080,550461440,21
10,9701,10,74,0,1536,ffd2b2eb-96a1-44d8-89c1-bae7727aada4,1723088176512,538320896,8380,RAM1536,10,,4,12140544,14902272,0,False,workbench-pyaes,7957,9702,7899,"{'length_of_message': 960, 'num_of_iterations': 960}",0,1024,40,74,1536,9702,15856,550461440,21
10,652,10,72,0,1280,c4b49f0c-962b-45cb-bca6-2314009a420b,1723088134584,538320896,470,RAM1280,10,,5,12140544,835840,0,False,workbench-pyaes,0,653,0,"{'length_of_message': 210, 'num_of_iterations': 210}",0,1024,0,72,1280,653,0,550461440,21
11,5354,10,73,0,2944,7cb70bdb-734f-422b-bd6d-61fd01953756,1723088170637,538320896,5360,RAM2944,11,,2,12140544,15765120,0,False,workbench-pyaes,78,5355,222,"{'length_of_message': 760, 'num_of_iterations': 760}",0,1024,60,73,2944,5355,300,550461440,21
8,6,10,70,0,1792,11a33eba-4c1b-4a22-b690-13028b305fb0,1723088125061,538324992,10,RAM1792,9,397,3,12136448,12544,0,True,workbench-pyaes,42,7,42,"{'length_of_message': 10, 'num_of_iterations': 10}",397,1024,0,70,1792,7,84,550461440,22
10,390,10,71,0,3008,62a03801-b0ff-4936-8b6b-069400e0b70f,1723088128372,538320896,390,RAM3008,10,,2,12140544,1176128,0,False,workbench-pyaes,66,391,430,"{'length_of_message': 210, 'num_of_iterations': 210}",0,1024,0,71,3008,391,496,550461440,21
9,118830,10,71,0,128,5616430f-127e-4ce1-85ed-8374f1f547b1,1723088242610,538324992,7200,RAM128,9,397,55,12136448,15210368,0,True,workbench-pyaes,42,118831,42,,397,1024,80,71,128,118831,84,550461440,22
10,194,10,71,0,1152,1110a8ef-f309-4b10-8bd1-12751d7d8807,1723088127163,538320896,120,RAM1152,10,,6,12140544,224640,0,False,workbench-pyaes,0,195,0,"{'length_of_message': 110, 'num_of_iterations': 110}",0,1024,10,71,1152,195,0,550461440,22
10,3627,10,73,0,640,ed3c0c5e-87f9-48c1-9e81-63d68abf46ef,1723088168408,538320896,1290,RAM640,10,,11,12140544,2321920,0,False,workbench-pyaes,7825,3628,7833,"{'length_of_message': 360, 'num_of_iterations': 360}",0,1024,10,73,640,3628,15658,550461440,22
11,671,10,72,0,2304,22f72a4f-c95f-49ed-a400-03d9b02d62c9,1723088129320,538320896,670,RAM2304,11,,3,12140544,1548288,0,False,workbench-pyaes,0,672,0,"{'length_of_message': 260, 'num_of_iterations': 260}",0,1024,10,72,2304,672,0,550461440,21
10,5888,10,73,0,640,a0622fe5-b81d-4150-aaa2-b079779e78c8,1723088194754,538320896,2110,RAM640,10,,11,12140544,3768960,0,False,workbench-pyaes,7799,5889,7887,"{'length_of_message': 460, 'num_of_iterations': 460}",0,1024,10,73,640,5889,15686,550461440,21
11,81981,10,72,0,128,1625aaf7-bf54-4655-950e-0c184a369173,1723088266110,538320896,4960,RAM128,11,,56,12140544,10493696,0,False,workbench-pyaes,8041,81982,8019,,0,1024,60,72,128,81982,16060,550461440,21
11,104382,10,73,0,128,def566e2-43a3-4f68-bfdd-5126233f82a4,1723088287703,538320896,6270,RAM128,11,,57,12140544,13361024,0,False,workbench-pyaes,8039,104383,7999,,0,1024,50,73,128,104383,16038,550461440,22
10,461,10,72,0,2944,31e8b38e-6629-4ae4-a507-d3f86794c284,1723088128316,538320896,460,RAM2944,10,,2,12140544,1360128,0,False,workbench-pyaes,306,462,694,"{'length_of_message': 210, 'num_of_iterations': 210}",0,1024,0,72,2944,462,1000,550461440,21
11,6422,10,72,0,384,51be14df-6246-40f5-84ad-1d01832c380d,1723088171194,538320896,1350,RAM384,11,,18,12140544,2466432,0,False,workbench-pyaes,11370,6423,16143,"{'length_of_message': 360, 'num_of_iterations': 360}",0,1024,60,72,384,6423,27513,550461440,22
11,48,10,72,0,2432,b8f075b7-f939-4321-ba25-861d6d88cb59,1723088128203,538320896,50,RAM2432,11,,2,12140544,119168,0,False,workbench-pyaes,0,49,0,"{'length_of_message': 60, 'num_of_iterations': 60}",0,1024,0,72,2432,49,0,550461440,21
10,67152,10,72,0,128,d107e87a-10e0-417b-a514-1d259712b9f4,1723088311967,538320896,4510,RAM128,10,,56,12140544,8595584,0,False,workbench-pyaes,11674,67153,16077,,0,1024,50,72,128,67153,27751,550461440,21
11,3328,10,73,0,1536,7d2c66a2-ff1d-43b7-aeaa-894b2b9d5718,1723088191158,538320896,2880,RAM1536,11,,4,12140544,5113344,0,False,workbench-pyaes,3280,3329,718,"{'length_of_message': 560, 'num_of_iterations': 560}",0,1024,20,73,1536,3329,3998,550461440,21
10,269,10,71,0,1920,0b5b063e-04ef-4b7b-9409-66bab6e0a246,1723088125798,538320896,270,RAM1920,10,,3,12140544,518400,0,False,workbench-pyaes,11142,270,15215,"{'length_of_message': 160, 'num_of_iterations': 160}",0,1024,0,71,1920,270,26357,550461440,22
11,66396,10,73,0,128,9a56ae65-952d-46a9-977b-c94a8cca75d2,1723088439609,538320896,4460,RAM128,11,,57,12140544,8498816,0,False,workbench-pyaes,5161,66397,8089,,0,1024,120,73,128,66397,13250,550461440,21
11,644,10,72,0,1792,1b1f54c4-d9f0-43de-a48c-5ff194cf2c36,1723088139413,538320896,600,RAM1792,11,,4,12140544,1155840,0,False,workbench-pyaes,3326,645,926,"{'length_of_message': 260, 'num_of_iterations': 260}",0,1024,0,72,1792,645,4252,550461440,21
8,49,10,70,0,2688,25a2361b-c9a1-42e8-80b0-0bf658496606,1723088125950,538324992,50,RAM2688,9,470,2,12136448,134400,0,True,workbench-pyaes,42,50,42,"{'length_of_message': 60, 'num_of_iterations': 60}",470,1024,50,70,2688,50,84,550461440,22
10,52,10,71,0,1664,a3122aa1-37d0-4e1f-b519-698d967432d6,1723088126920,538320896,40,RAM1664,10,,4,12140544,88192,0,False,workbench-pyaes,13223,53,15012,"{'length_of_message': 60, 'num_of_iterations': 60}",0,1024,10,71,1664,53,28235,550461440,22
10,1085,10,72,0,2304,1d0ca906-0a77-4431-9608-e43edbe183a0,1723088174685,538320896,1090,RAM2304,10,,3,12140544,2502144,0,False,workbench-pyaes,3280,1086,718,"{'length_of_message': 360, 'num_of_iterations': 360}",0,1024,0,72,2304,1086,3998,550461440,21
11,1233,10,72,0,2304,9b3fa64d-771c-485d-a27b-27c9b51e1ade,1723088133895,538320896,1240,RAM2304,11,,3,12140544,2843136,0,False,workbench-pyaes,0,1234,0,"{'length_of_message': 360, 'num_of_iterations': 360}",0,1024,20,72,2304,1234,0,550461440,21
10,933,10,72,0,1920,65e3722c-2146-4acb-a483-674b7364fd94,1723088145927,538320896,930,RAM1920,11,,3,12140544,1793280,0,False,workbench-pyaes,78,934,222,"{'length_of_message': 310, 'num_of_iterations': 310}",0,1024,10,72,1920,934,300,550461440,22
11,4099,10,72,0,2176,599e1c66-36a4-439d-8045-2e9fa4eca581,1723088154710,538320896,4120,RAM2176,11,,3,12140544,8921600,0,False,workbench-pyaes,6465,4100,1214,"{'length_of_message': 660, 'num_of_iterations': 660}",0,1024,40,72,2176,4100,7679,550461440,21
9,2530,10,70,0,512,481df079-22c1-435d-ad29-ebf6b8ac6a56,1723088126414,538324992,730,RAM512,9,468,13,12136448,1295872,0,True,workbench-pyaes,42,2531,42,"{'length_of_message': 260, 'num_of_iterations': 260}",468,1024,50,70,512,2531,84,550461440,22
11,1630,10,73,0,2944,f15fcf67-2044-4dce-8795-b62a67f627b6,1723088164456,538320896,1640,RAM2944,11,,2,12140544,4801664,0,False,workbench-pyaes,3195,1631,496,"{'length_of_message': 410, 'num_of_iterations': 410}",0,1024,10,73,2944,1631,3691,550461440,21
9,7938,10,70,0,640,4051dc16-84ac-4936-8cdf-76eabaf3b5ae,1723088131761,538324992,2580,RAM640,9,406,10,12136448,5080960,0,True,workbench-pyaes,42,7939,42,"{'length_of_message': 560, 'num_of_iterations': 560}",406,1024,30,70,640,7939,84,550461440,22
10,1774,10,73,0,1280,bf69cd31-16b3-4027-8db6-fcc39e23a30c,1723088152735,538320896,1280,RAM1280,10,,5,12140544,2272000,0,False,workbench-pyaes,3198,1775,496,"{'length_of_message': 360, 'num_of_iterations': 360}",0,1024,10,73,1280,1775,3694,550461440,21
11,7034,10,74,0,3008,5170c327-7945-4ee0-a5e7-02b03de7467c,1723088200299,538320896,7050,RAM3008,11,,2,12140544,21161280,0,False,workbench-pyaes,7829,7035,7803,"{'length_of_message': 960, 'num_of_iterations': 960}",0,1024,50,74,3008,7035,15632,550461440,21
10,133,10,71,0,2816,1f6c32e3-042d-4239-b5d7-85d3799c1c47,1723088127810,538320896,150,RAM2816,10,,2,12140544,377344,0,False,workbench-pyaes,11342,134,16173,"{'length_of_message': 110, 'num_of_iterations': 110}",0,1024,0,71,2816,134,27515,550461440,22
10,7852,10,72,0,1024,73f9bce1-e956-4ae6-9f87-1a928fd6a696,1723088145360,538320896,4080,RAM1024,10,,7,12140544,8041472,0,False,workbench-pyaes,3282,7853,718,"{'length_of_message': 710, 'num_of_iterations': 710}",0,1024,20,72,1024,7853,4000,550461440,22
11,2940,10,73,0,3008,e93919dd-0852-47cc-af68-e43c56241dc3,1723088155004,538320896,2950,RAM3008,11,,2,12140544,8846528,0,False,workbench-pyaes,3195,2941,496,"{'length_of_message': 610, 'num_of_iterations': 610}",0,1024,20,73,3008,2941,3691,550461440,21
10,364,10,72,0,1280,5f728229-6659-40c9-b1dc-64d6178007ab,1723088130161,538320896,270,RAM1280,10,,5,12140544,467200,0,False,workbench-pyaes,0,365,0,"{'length_of_message': 160, 'num_of_iterations': 160}",0,1024,0,72,1280,365,0,550461440,21
10,1069,10,71,0,256,3c23ae1f-17a6-428e-baa8-04f1837a07c7,1723088129873,538320896,160,RAM256,10,,27,12140544,273920,0,False,workbench-pyaes,3438,1070,694,"{'length_of_message': 110, 'num_of_iterations': 110}",0,1024,40,71,256,1070,4132,550461440,22
8,49,10,70,0,2944,8bd9f6d1-d46c-41ec-889b-b39d149c2b18,1723088126060,538324992,60,RAM2944,9,472,2,12136448,147200,0,True,workbench-pyaes,42,50,42,"{'length_of_message': 60, 'num_of_iterations': 60}",472,1024,40,70,2944,50,84,550461440,22
9,263,10,70,0,2944,7186ae0a-1e98-4785-9a17-6b1d29253d7e,1723088126451,538324992,280,RAM2944,9,,2,12136448,777216,0,False,workbench-pyaes,0,264,0,"{'length_of_message': 160, 'num_of_iterations': 160}",0,1024,0,70,2944,264,0,550461440,22
10,1562,10,72,0,2816,9e7fb450-884f-4414-a408-7d1de3f0039b,1723088164344,538320896,1580,RAM2816,10,,2,12140544,4401408,0,False,workbench-pyaes,3198,1563,496,"{'length_of_message': 410, 'num_of_iterations': 410}",0,1024,0,72,2816,1563,3694,550461440,21
10,1396,10,71,0,1152,1e072eb5-9990-42a8-91e5-04ec2425bd4e,1723088128888,538320896,830,RAM1152,10,,6,12140544,1609344,0,False,workbench-pyaes,7723,1397,992,"{'length_of_message': 310, 'num_of_iterations': 310}",0,1024,0,71,1152,1397,8715,550461440,21
11,2867,10,74,0,1920,8d4d2131-53fd-469f-a09a-b19dbc1e13be,1723088193996,538320896,2880,RAM1920,11,,3,12140544,5506560,0,False,workbench-pyaes,3280,2868,718,"{'length_of_message': 560, 'num_of_iterations': 560}",0,1024,10,74,1920,2868,3998,550461440,21
10,8,10,71,0,2688,01c7d7c8-ebb5-4989-87e0-827beefb7f84,1723088126828,538320896,0,RAM2688,10,,2,12140544,24192,0,False,workbench-pyaes,6126,9,14304,"{'length_of_message': 10, 'num_of_iterations': 10}",0,1024,0,71,2688,9,20430,550461440,22
8,8,10,70,0,1920,f3d7e145-4606-42e7-8741-d8400aab14fd,1723088125155,538324992,10,RAM1920,9,471,3,12136448,17280,0,True,workbench-pyaes,42,9,42,"{'length_of_message': 10, 'num_of_iterations': 10}",471,1024,20,70,1920,9,84,550461440,22
10,379,10,71,0,1280,a9fe177f-9c5a-47d3-9880-8d92186a8ea9,1723088125415,538320896,270,RAM1280,10,,5,12140544,486400,0,False,workbench-pyaes,14458,380,16141,"{'length_of_message': 160, 'num_of_iterations': 160}",0,1024,10,71,1280,380,30599,550461440,22
9,20659,10,70,0,384,79f4ca42-88ff-4437-8b7b-3aede444235f,1723088144487,538324992,4320,RAM384,9,591,18,12136448,7933440,0,True,workbench-pyaes,42,20660,42,"{'length_of_message': 660, 'num_of_iterations': 660}",591,1024,130,70,384,20660,84,550461440,22
10,677,10,72,0,2176,a546596b-6840-4c99-ae54-cfdcbe48c562,1723088129098,538320896,690,RAM2176,10,,3,12140544,1475328,0,False,workbench-pyaes,6952,678,66,"{'length_of_message': 260, 'num_of_iterations': 260}",0,1024,10,72,2176,678,7018,550461440,21
11,681,10,71,0,2048,92dedd2a-01e7-4400-a8da-c184e3a46cde,1723088139708,538320896,690,RAM2048,11,,3,12140544,1396736,0,False,workbench-pyaes,3246,682,538,"{'length_of_message': 260, 'num_of_iterations': 260}",0,1024,0,71,2048,682,3784,550461440,22
9,2263,10,70,0,128,168f3bf5-fb82-47af-8e1c-6dba73c2ff0c,1723088126034,538324992,140,RAM128,9,479,54,12136448,289792,0,True,workbench-pyaes,42,2264,42,"{'length_of_message': 110, 'num_of_iterations': 110}",479,1024,50,70,128,2264,84,550461440,22
10,1355,10,71,0,2560,b270b3e1-5b83-4073-8d8b-43e8140930a7,1723088137005,538320896,1200,RAM2560,10,,2,12140544,3471360,0,False,workbench-pyaes,11208,1356,15909,"{'length_of_message': 410, 'num_of_iterations': 410}",0,1024,20,71,2560,1356,27117,550461440,22
10,3357,10,72,0,1536,60e87f70-d639-4759-9b36-b568df9b1930,1723088141873,538320896,2870,RAM1536,10,,4,12140544,5157888,0,False,workbench-pyaes,3194,3358,496,"{'length_of_message': 560, 'num_of_iterations': 560}",0,1024,30,72,1536,3358,3690,550461440,21
11,4012,10,73,0,2048,06d2bd95-9813-4c70-afb0-93ad41090bda,1723088153575,538320896,4040,RAM2048,11,,3,12140544,8218624,0,False,workbench-pyaes,3278,4013,718,"{'length_of_message': 660, 'num_of_iterations': 660}",0,1024,50,73,2048,4013,3996,550461440,21
11,666,10,72,0,2432,20adccad-79dc-4eb3-b7b6-4ab7e27def18,1723088129460,538320896,660,RAM2432,11,,2,12140544,1622144,0,False,workbench-pyaes,0,667,0,"{'length_of_message': 260, 'num_of_iterations': 260}",0,1024,0,72,2432,667,0,550461440,21
11,3754,10,73,0,1664,be60c94a-d42a-4e08-8a26-6b17902243e8,1723088202693,538320896,3510,RAM1664,11,,4,12140544,6248320,0,False,workbench-pyaes,7755,3755,7899,"{'length_of_message': 610, 'num_of_iterations': 610}",0,1024,30,73,1664,3755,15654,550461440,21
9,6287,10,70,0,384,a81519e2-3123-4464-bf9f-c0a1835373af,1723088130168,538324992,1330,RAM384,9,468,18,12136448,2414592,0,True,workbench-pyaes,42,6288,42,"{'length_of_message': 360, 'num_of_iterations': 360}",468,1024,60,70,384,6288,84,550461440,22
9,4296,10,70,0,640,09a8542a-769e-44c3-ba37-10efc0532baa,1723088127964,538324992,1430,RAM640,9,392,10,12136448,2750080,0,True,workbench-pyaes,42,4297,42,"{'length_of_message': 410, 'num_of_iterations': 410}",392,1024,60,70,640,4297,84,550461440,22
10,8356,10,74,0,2176,2d58d23c-b15e-4844-87b0-42246943bf56,1723088187576,538320896,8380,RAM2176,10,,3,12140544,18184832,0,False,workbench-pyaes,7863,8357,7845,"{'length_of_message': 960, 'num_of_iterations': 960}",0,1024,110,74,2176,8357,15708,550461440,21
10,129,10,71,0,1792,32b7f4cb-4ef8-4901-93d3-492a72983d52,1723088130059,538320896,120,RAM1792,10,,3,12140544,232960,0,False,workbench-pyaes,4542,130,496,"{'length_of_message': 110, 'num_of_iterations': 110}",0,1024,0,71,1792,130,5038,550461440,22
10,3691,10,71,0,256,dde483a2-eedf-46ae-9e31-db228202ee88,1723088143239,538320896,500,RAM256,10,,27,12140544,945152,0,False,workbench-pyaes,7809,3692,7581,"{'length_of_message': 210, 'num_of_iterations': 210}",0,1024,0,71,256,3692,15390,550461440,22
11,25719,9,71,0,128,9c64ec3c-d78a-467f-bd30-75b9bef22b1b,1723088201396,538320896,1710,RAM128,11,,55,12140544,3292160,0,False,workbench-pyaes,7949,25720,8047,"{'length_of_message': 410, 'num_of_iterations': 410}",0,1024,10,71,128,25720,15996,550461440,22
11,3106,10,73,0,1664,b83ef9f4-24c8-47b3-b767-1d870697b070,1723088192015,538320896,2880,RAM1664,11,,4,12140544,5170048,0,False,workbench-pyaes,3280,3107,718,"{'length_of_message': 560, 'num_of_iterations': 560}",0,1024,30,73,1664,3107,3998,550461440,21
10,52,10,71,0,2688,c31ceeb2-dd43-448e-854f-18e981370444,1723088127229,538320896,60,RAM2688,10,,2,12140544,142464,0,False,workbench-pyaes,8365,53,2095,"{'length_of_message': 60, 'num_of_iterations': 60}",0,1024,0,71,2688,53,10460,550461440,22
11,3464,10,74,0,2944,9153937f-c62c-4505-bf02-5fe031ffd310,1723088266972,538320896,3500,RAM2944,11,,2,12140544,10200960,0,False,workbench-pyaes,7867,3465,7875,"{'length_of_message': 610, 'num_of_iterations': 610}",0,1024,50,74,2944,3465,15742,550461440,21
11,1788,9,72,0,1280,2e3ba620-1db3-4789-ab4a-c1ec62cd5325,1723088172346,538320896,1280,RAM1280,11,,5,12140544,2289920,0,False,workbench-pyaes,11424,1789,15843,"{'length_of_message': 360, 'num_of_iterations': 360}",0,1024,20,72,1280,1789,27267,550461440,22
9,39609,11,70,0,128,892fd3d9-b1e3-4776-b49d-3f7c366609cd,1723088163470,538324992,2650,RAM128,9,474,54,12136448,5070080,0,True,workbench-pyaes,42,39610,42,"{'length_of_message': 510, 'num_of_iterations': 510}",474,1024,40,70,128,39610,84,550461440,22
10,1977,10,74,0,2176,fc7e67b1-a637-4dba-a5c2-bb9bb1ae2ab2,1723088203589,538320896,2000,RAM2176,10,,3,12140544,4304128,0,False,workbench-pyaes,7825,1978,7779,"{'length_of_message': 460, 'num_of_iterations': 460}",0,1024,30,74,2176,1978,15604,550461440,21
11,2853,10,74,0,2560,00ed4207-3043-48d5-89f9-92206a215cd9,1723088196993,538320896,2870,RAM2560,11,,2,12140544,7306240,0,False,workbench-pyaes,7891,2854,7779,"{'length_of_message': 560, 'num_of_iterations': 560}",0,1024,20,74,2560,2854,15670,550461440,21
11,131,10,72,0,2432,82a15aa8-b7d7-47ca-95a9-fa604e6efb85,1723088130397,538320896,140,RAM2432,11,,2,12140544,321024,0,False,workbench-pyaes,6960,132,0,"{'length_of_message': 110, 'num_of_iterations': 110}",0,1024,10,72,2432,132,6960,550461440,21
9,6884,10,70,0,768,c81dbdd1-7615-484c-9a1c-8c14d515a31b,1723088130741,538324992,2950,RAM768,9,473,9,12136448,5287680,0,True,workbench-pyaes,42,6885,42,"{'length_of_message': 560, 'num_of_iterations': 560}",473,1024,90,70,768,6885,84,550461440,22
11,1227,10,73,0,1920,8c9de1b6-1039-44ce-89f4-ed11d5729804,1723088173631,538320896,1240,RAM1920,11,,3,12140544,2357760,0,False,workbench-pyaes,7749,1228,7581,"{'length_of_message': 360, 'num_of_iterations': 360}",0,1024,0,73,1920,1228,15330,550461440,21
9,48946,10,70,0,128,6d591514-ee6d-429f-a408-8fe96901497a,1723088172818,538324992,3310,RAM128,9,487,54,12136448,6265216,0,True,workbench-pyaes,42,48947,42,"{'length_of_message': 560, 'num_of_iterations': 560}",487,1024,40,70,128,48947,84,550461440,22
11,4988,10,73,0,1280,e202f0e6-450f-4363-b566-0d3e5d8d19bf,1723088256414,538320896,3600,RAM1280,11,,5,12140544,6385920,0,False,workbench-pyaes,7933,4989,7887,"{'length_of_message': 610, 'num_of_iterations': 610}",0,1024,20,73,1280,4989,15820,550461440,21
9,64,10,70,0,128,060cae2d-08a4-486b-aa98-e7957422c1ab,1723088126272,538324992,0,RAM128,9,,54,12136448,8320,0,False,workbench-pyaes,0,65,0,"{'length_of_message': 10, 'num_of_iterations': 10}",0,1024,0,70,128,65,0,550461440,22
11,5918,11,73,0,896,758302b4-9982-428d-a88c-e5b991594fad,1723088235393,538320896,3020,RAM896,11,,8,12140544,5303424,0,False,workbench-pyaes,7821,5919,7899,"{'length_of_message': 560, 'num_of_iterations': 560}",0,1024,20,73,896,5919,15720,550461440,21
10,1008,10,72,0,1152,511bbecd-a836-4c1b-89ec-3f7f9a5a4db4,1723088148988,538320896,590,RAM1152,10,,6,12140544,1162368,0,False,workbench-pyaes,3198,1009,496,"{'length_of_message': 260, 'num_of_iterations': 260}",0,1024,0,72,1152,1009,3694,550461440,21
9,29181,10,71,0,384,4c6c0bc7-cf4a-4150-ac0d-5b1c1e658c96,1723088152977,538324992,5570,RAM384,9,414,18,12136448,11205888,0,True,workbench-pyaes,42,29182,42,"{'length_of_message': 810, 'num_of_iterations': 810}",414,1024,50,71,384,29182,84,550461440,22
10,6,10,71,0,2432,717038fe-f461-46f1-a3cd-997d94a39335,1723088126805,538320896,10,RAM2432,10,,2,12140544,17024,0,False,workbench-pyaes,4661,7,7500,"{'length_of_message': 10, 'num_of_iterations': 10}",0,1024,0,71,2432,7,12161,550461440,22
11,2943,10,74,0,3008,b972566e-1f91-4929-a568-44f82fda609f,1723088210853,538320896,2950,RAM3008,11,,2,12140544,8855552,0,False,workbench-pyaes,3322,2944,760,"{'length_of_message': 610, 'num_of_iterations': 610}",0,1024,30,74,3008,2944,4082,550461440,21
10,7581,10,73,0,2688,3aa2f770-6990-4b9b-a89c-93e7e0ce68d8,1723088185309,538320896,7590,RAM2688,10,,2,12140544,20380416,0,False,workbench-pyaes,3280,7582,718,"{'length_of_message': 910, 'num_of_iterations': 910}",0,1024,80,73,2688,7582,3998,550461440,21
10,1062,10,72,0,1664,9e0c0502-e083-41ec-8ba4-d776ff67617c,1723088130006,538320896,970,RAM1664,10,,4,12140544,1768832,0,False,workbench-pyaes,120,1063,264,"{'length_of_message': 310, 'num_of_iterations': 310}",0,1024,10,72,1664,1063,384,550461440,21
10,4992,10,73,0,1280,94394a68-13d9-449f-97d4-9145714e58ac,1723088200706,538320896,3680,RAM1280,10,,5,12140544,6391040,0,False,workbench-pyaes,7797,4993,7941,"{'length_of_message': 610, 'num_of_iterations': 610}",0,1024,170,73,1280,4993,15738,550461440,21
10,11105,10,74,0,1408,0d4ccf18-a30b-4ddc-b2ea-7ee33b702d9e,1723088174920,538320896,8790,RAM1408,10,,5,12140544,15637248,0,False,workbench-pyaes,7935,11106,8007,"{'length_of_message': 960, 'num_of_iterations': 960}",0,1024,100,74,1408,11106,15942,550461440,21
11,957,10,72,0,2944,1fc094bd-83c2-47d9-adb9-4d1b8df489b1,1723088147774,538320896,960,RAM2944,11,,2,12140544,2820352,0,False,workbench-pyaes,10323,958,7713,"{'length_of_message': 310, 'num_of_iterations': 310}",0,1024,10,72,2944,958,18036,550461440,21
11,4755,10,73,0,2688,0643646d-9079-4e2f-96ed-1d6e81db370b,1723088162790,538320896,5370,RAM2688,11,,2,12140544,12784128,0,False,workbench-pyaes,3278,4756,718,"{'length_of_message': 710, 'num_of_iterations': 710}",0,1024,530,73,2688,4756,3996,550461440,21
10,5201,10,73,0,2816,d47bba22-44b7-453f-8e56-d2c1e7f6e325,1723088170256,538320896,5200,RAM2816,10,,2,12140544,14648832,0,False,workbench-pyaes,78,5202,222,"{'length_of_message': 760, 'num_of_iterations': 760}",0,1024,40,73,2816,5202,300,550461440,21
10,1037,10,73,0,1664,e1e47ff0-9270-4481-a06a-be085849e790,1723088160190,538320896,970,RAM1664,10,,4,12140544,1727232,0,False,workbench-pyaes,7809,1038,7581,"{'length_of_message': 310, 'num_of_iterations': 310}",0,1024,0,73,1664,1038,15390,550461440,21
11,252,10,72,0,1792,07e618ff-6358-4030-8f60-e1e057f57c98,1723088135058,538320896,230,RAM1792,11,,4,12140544,453376,0,False,workbench-pyaes,3133,253,66,"{'length_of_message': 160, 'num_of_iterations': 160}",0,1024,10,72,1792,253,3199,550461440,21
9,11501,10,71,0,768,a9bba7bf-4f34-441c-a83b-0e4091db926e,1723088135245,538324992,4890,RAM768,9,487,9,12136448,8833536,0,True,workbench-pyaes,42,11502,42,"{'length_of_message': 710, 'num_of_iterations': 710}",487,1024,110,71,768,11502,84,550461440,22
8,27,10,70,0,384,4350612c-d110-4f0a-a596-293ce13ae131,1723088123731,538324992,30,RAM384,8,471,18,12136448,10752,0,True,workbench-pyaes,42,28,42,"{'length_of_message': 10, 'num_of_iterations': 10}",471,1024,90,70,384,28,84,550461440,22
10,2830,10,74,0,1280,a4bc2bab-f84f-48e5-bc75-46b635212dfe,1723088168263,538320896,2050,RAM1280,10,,5,12140544,3623680,0,False,workbench-pyaes,10511,2831,7875,"{'length_of_message': 460, 'num_of_iterations': 460}",0,1024,60,74,1280,2831,18386,550461440,21
10,1991,10,72,0,2176,f59ae4f9-a306-43ab-97a3-7dd520aa9c2f,1723088171029,538320896,1990,RAM2176,10,,3,12140544,4334592,0,False,workbench-pyaes,7805,1992,7611,"{'length_of_message': 460, 'num_of_iterations': 460}",0,1024,10,72,2176,1992,15416,550461440,21
9,250,9,70,0,384,442be431-4765-4fdb-8972-e7adb8d97713,1723088123902,538324992,90,RAM384,9,410,18,12136448,96384,0,True,workbench-pyaes,42,251,42,"{'length_of_message': 60, 'num_of_iterations': 60}",410,1024,60,70,384,251,84,550461440,22
11,98092,10,72,0,128,351f9f77-382a-46d9-a307-3184e1c4ea19,1723088343427,538320896,6560,RAM128,11,,56,12140544,12555904,0,False,workbench-pyaes,11650,98093,15951,,0,1024,50,72,128,98093,27601,550461440,21
10,575,10,72,0,3008,399f81b5-ef1c-407e-aba8-fd83b2190b35,1723088130090,538320896,570,RAM3008,10,,2,12140544,1732608,0,False,workbench-pyaes,0,576,0,"{'length_of_message': 260, 'num_of_iterations': 260}",0,1024,20,72,3008,576,0,550461440,21
11,1909,10,74,0,1792,48fe6709-189e-4a2b-a5dd-3c5dad4e43d0,1723088202727,538320896,1750,RAM1792,11,,4,12140544,3422720,0,False,workbench-pyaes,7801,1910,7875,"{'length_of_message': 460, 'num_of_iterations': 460}",0,1024,60,74,1792,1910,15676,550461440,21
11,2916,10,74,0,2944,57bfdaee-451b-4ede-ba0d-5576e30ad14a,1723088199053,538320896,3030,RAM2944,11,,2,12140544,8587648,0,False,workbench-pyaes,7869,2917,7941,"{'length_of_message': 560, 'num_of_iterations': 560}",0,1024,140,74,2944,2917,15810,550461440,21
11,6793,10,73,0,2176,40037fff-6fcc-4d94-85a4-727c47d79cec,1723088173637,538320896,6800,RAM2176,11,,3,12140544,14783744,0,False,workbench-pyaes,7891,6794,7803,"{'length_of_message': 860, 'num_of_iterations': 860}",0,1024,90,73,2176,6794,15694,550461440,21
10,114,10,72,0,3008,706f931d-95a5-4d15-bd33-d2b4c15b30d6,1723088130566,538320896,120,RAM3008,10,,2,12140544,345920,0,False,workbench-pyaes,7049,115,496,"{'length_of_message': 110, 'num_of_iterations': 110}",0,1024,0,72,3008,115,7545,550461440,21
10,5955,10,73,0,768,41c5c3cb-73ef-4f63-9223-733a08312508,1723088209739,538320896,2570,RAM768,10,,9,12140544,4574208,0,False,workbench-pyaes,7731,5956,7821,"{'length_of_message': 510, 'num_of_iterations': 510}",0,1024,60,73,768,5956,15552,550461440,22
11,4595,10,73,0,1792,8d882c15-04a5-48f4-ab03-e58a0f499d2c,1723088156274,538320896,4590,RAM1792,11,,4,12140544,8236032,0,False,workbench-pyaes,3273,4596,718,"{'length_of_message': 710, 'num_of_iterations': 710}",0,1024,40,73,1792,4596,3991,550461440,21
11,5287,10,73,0,1152,c34a15a7-e9e9-4980-8866-bf8aecc38c76,1723088188851,538320896,2310,RAM1152,11,,6,12140544,6091776,0,False,workbench-pyaes,7783,5288,7929,"{'length_of_message': 560, 'num_of_iterations': 560}",0,1024,50,73,1152,5288,15712,550461440,21
10,313,10,71,0,768,917d4da6-94d1-4b6f-9852-6d3ad4b04b76,1723088129163,538320896,230,RAM768,10,,9,12140544,241152,0,False,workbench-pyaes,11414,314,15909,"{'length_of_message': 110, 'num_of_iterations': 110}",0,1024,90,71,768,314,27323,550461440,22
11,1237,9,73,0,2560,34c700c5-ba14-450a-bf57-c626d17bd3f8,1723088175239,538320896,1240,RAM2560,11,,2,12140544,3169280,0,False,workbench-pyaes,7743,1238,7647,"{'length_of_message': 360, 'num_of_iterations': 360}",0,1024,30,73,2560,1238,15390,550461440,21
10,673,10,71,0,1920,41afc8e5-6ceb-4c87-b638-42013e595ac5,1723088128739,538320896,670,RAM1920,10,,3,12140544,1294080,0,False,workbench-pyaes,0,674,0,"{'length_of_message': 260, 'num_of_iterations': 260}",0,1024,0,71,1920,674,0,550461440,21
10,818,10,72,0,2304,a9d91e8a-c582-4ca9-82dc-28ed713254e7,1723088161188,538320896,820,RAM2304,10,,3,12140544,1886976,0,False,workbench-pyaes,7755,819,7869,"{'length_of_message': 310, 'num_of_iterations': 310}",0,1024,0,72,2304,819,15624,550461440,21
10,796,10,72,0,3008,b43f7097-8363-4036-ab64-c5927eaba5c8,1723088132358,538320896,800,RAM3008,10,,2,12140544,2397376,0,False,workbench-pyaes,42,797,42,"{'length_of_message': 310, 'num_of_iterations': 310}",0,1024,0,72,3008,797,84,550461440,21
10,4769,10,73,0,2048,351aef6b-e741-46e5-94ba-f23d22859c2a,1723088157976,538320896,4780,RAM2048,10,,3,12140544,9768960,0,False,workbench-pyaes,3274,4770,718,"{'length_of_message': 710, 'num_of_iterations': 710}",0,1024,40,73,2048,4770,3992,550461440,21
9,4965,10,70,0,896,1180f000-11ad-4bfc-8abc-939a43db929e,1723088134921,538324992,2520,RAM896,9,471,7,12136448,4449536,0,True,workbench-pyaes,42,4966,42,"{'length_of_message': 510, 'num_of_iterations': 510}",471,1024,70,70,896,4966,84,550461440,22
11,3336,10,73,0,1024,37af67cb-6c89-4547-85ff-806f234e3893,1723088198143,538320896,1750,RAM1024,11,,7,12140544,3417088,0,False,workbench-pyaes,7867,3337,7941,"{'length_of_message': 460, 'num_of_iterations': 460}",0,1024,40,73,1024,3337,15808,550461440,21
9,184,10,70,0,1280,8ba17aef-4441-40d8-8ca6-9ecc1e12b440,1723088124874,538324992,140,RAM1280,9,,5,12136448,236800,0,False,workbench-pyaes,0,185,0,"{'length_of_message': 110, 'num_of_iterations': 110}",0,1024,0,70,1280,185,0,550461440,22
10,1595,10,72,0,1920,fe050992-73d4-4cc7-a772-c99c07562b53,1723088161106,538320896,1610,RAM1920,10,,3,12140544,3064320,0,False,workbench-pyaes,10269,1596,7713,"{'length_of_message': 410, 'num_of_iterations': 410}",0,1024,30,72,1920,1596,17982,550461440,21
10,1737,10,71,0,512,a5706129-c05f-4919-9130-7fdd70574ece,1723088133482,538320896,540,RAM512,11,,13,12140544,889856,0,False,workbench-pyaes,11350,1738,16041,"{'length_of_message': 210, 'num_of_iterations': 210}",0,1024,50,71,512,1738,27391,550461440,22
10,6164,10,73,0,1536,7c631f26-4bc7-457f-a1cf-72b57015da82,1723088157152,538320896,5350,RAM1536,10,,4,12140544,9469440,0,False,workbench-pyaes,3273,6165,718,"{'length_of_message': 760, 'num_of_iterations': 760}",0,1024,60,73,1536,6165,3991,550461440,21
10,263,10,72,0,2944,9a887d75-b198-424a-bdb4-4e9de8cf7266,1723088136060,538320896,270,RAM2944,10,,2,12140544,777216,0,False,workbench-pyaes,12943,264,7647,"{'length_of_message': 160, 'num_of_iterations': 160}",0,1024,0,72,2944,264,20590,550461440,21
10,6267,9,73,0,896,9e079ff0-4404-4ec8-9a71-506072e38399,1723088186262,538320896,3150,RAM896,10,,8,12140544,5616128,0,False,workbench-pyaes,7927,6268,7941,"{'length_of_message': 560, 'num_of_iterations': 560}",0,1024,70,73,896,6268,15868,550461440,21
11,4489,10,73,0,3008,b95cc294-246c-4e6e-82f4-9f9eb8a9d212,1723088171586,538320896,4490,RAM3008,11,,2,12140544,13505920,0,False,workbench-pyaes,3243,4490,538,"{'length_of_message': 760, 'num_of_iterations': 760}",0,1024,20,73,3008,4490,3781,550461440,21
9,258,10,70,0,2304,29a296a9-07ec-4378-8e58-8eef51006b1f,1723088126051,538320896,270,RAM2304,9,,3,12140544,596736,0,False,workbench-pyaes,4851,259,7244,"{'length_of_message': 160, 'num_of_iterations': 160}",0,1024,10,70,2304,259,12095,550461440,22
10,9019,10,73,0,1664,a82c417c-e9e4-429b-8533-d3b092bdca8c,1723088179164,538320896,8420,RAM1664,10,,4,12140544,15009280,0,False,workbench-pyaes,3324,9020,760,"{'length_of_message': 960, 'num_of_iterations': 960}",0,1024,60,73,1664,9020,4084,550461440,21
11,1974,10,72,0,1152,ccf45b27-9277-49f7-ab77-1ab94d7c6cf2,1723088130624,538320896,1270,RAM1152,11,,6,12140544,2275200,0,False,workbench-pyaes,108,1975,472,"{'length_of_message': 360, 'num_of_iterations': 360}",0,1024,30,72,1152,1975,580,550461440,21
11,1579,10,74,0,2048,ab7e5a79-1f3d-415f-a644-9b0398f5f5b5,1723088187397,538320896,1590,RAM2048,11,,3,12140544,3235840,0,False,workbench-pyaes,7811,1580,7557,"{'length_of_message': 410, 'num_of_iterations': 410}",0,1024,30,74,2048,1580,15368,550461440,21
9,2195,10,70,0,1664,a7e83e98-374e-46be-92f1-b9f2b606efdf,1723088137302,538324992,2020,RAM1664,9,469,4,12136448,3654144,0,True,workbench-pyaes,42,2196,42,"{'length_of_message': 460, 'num_of_iterations': 460}",469,1024,80,70,1664,2196,84,550461440,22
10,90,9,70,0,1024,5d0c8bbe-350b-4fd6-83c9-2adf4fd9a67b,1723088126767,538320896,60,RAM1024,11,,6,12140544,93184,0,False,workbench-pyaes,11084,91,15747,"{'length_of_message': 60, 'num_of_iterations': 60}",0,1024,0,70,1024,91,26831,550461440,22
11,2922,11,73,0,3008,df64de63-66de-4604-aabe-1cd2967477fa,1723088199894,538320896,2980,RAM3008,11,,2,12140544,8792384,0,False,workbench-pyaes,7821,2923,7713,"{'length_of_message': 560, 'num_of_iterations': 560}",0,1024,60,73,3008,2923,15534,550461440,21
11,1232,10,71,0,1152,f9be40de-0ce0-4aa8-9b14-663c689757b2,1723088138401,538320896,530,RAM1152,11,,6,12140544,1420416,0,False,workbench-pyaes,11222,1233,15777,"{'length_of_message': 260, 'num_of_iterations': 260}",0,1024,0,71,1152,1233,26999,550461440,21
11,6666,10,73,0,1280,8393d6be-c345-4627-8dae-6f83b04ba206,1723088151673,538320896,4740,RAM1280,11,,5,12140544,8533760,0,False,workbench-pyaes,78,6667,222,"{'length_of_message': 710, 'num_of_iterations': 710}",0,1024,60,73,1280,6667,300,550461440,21
10,32254,10,71,0,128,0a4546c1-fe69-414c-96de-dd50dff18f0e,1723088220970,538320896,2170,RAM128,10,,55,12140544,4128640,0,False,workbench-pyaes,8099,32255,7743,"{'length_of_message': 460, 'num_of_iterations': 460}",0,1024,60,71,128,32255,15842,550461440,22
10,7440,9,71,0,256,5a117726-3998-4ec1-b7f0-b0409a220266,1723088161060,538320896,1020,RAM256,10,,27,12140544,1904896,0,False,workbench-pyaes,11232,7441,16033,"{'length_of_message': 310, 'num_of_iterations': 310}",0,1024,20,71,256,7441,27265,550461440,22
9,116,10,70,0,3008,83b2cd7b-4fb0-4a08-a774-7b6cdf09107a,1723088126183,538324992,120,RAM3008,9,,2,12136448,351936,0,False,workbench-pyaes,0,117,0,"{'length_of_message': 110, 'num_of_iterations': 110}",0,1024,20,70,3008,117,0,550461440,22
11,1943,10,73,0,2560,5ff47014-d788-4085-b4af-fd06d2b4cc36,1723088172916,538320896,1950,RAM2560,11,,2,12140544,4976640,0,False,workbench-pyaes,7745,1944,7647,"{'length_of_message': 460, 'num_of_iterations': 460}",0,1024,20,73,2560,1944,15392,550461440,21
10,6649,10,72,0,2304,1e8839a1-82f2-4057-a564-404da83886ad,1723088176709,538320896,6660,RAM2304,10,,3,12140544,15321600,0,False,workbench-pyaes,11352,6650,15975,"{'length_of_message': 860, 'num_of_iterations': 860}",0,1024,70,72,2304,6650,27327,550461440,21
10,8699,10,73,0,640,20ee321c-3218-41c0-8d01-3195ce6bae48,1723088231013,538320896,3090,RAM640,10,,11,12140544,5568000,0,False,workbench-pyaes,7931,8700,7887,"{'length_of_message': 560, 'num_of_iterations': 560}",0,1024,30,73,640,8700,15818,550461440,21
11,2901,10,72,0,2432,72e3ab75-ed1f-4c4b-a8c8-298084aa7176,1723088147244,538320896,2900,RAM2432,11,,2,12140544,7057664,0,False,workbench-pyaes,3196,2902,496,"{'length_of_message': 560, 'num_of_iterations': 560}",0,1024,20,72,2432,2902,3692,550461440,22
11,2416,11,72,0,3008,de1af630-2aa2-4d8c-a896-6efda7cf4f1a,1723088145689,538320896,2430,RAM3008,11,,2,12140544,7270336,0,False,workbench-pyaes,10383,2417,7515,"{'length_of_message': 510, 'num_of_iterations': 510}",0,1024,20,72,3008,2417,17898,550461440,21
10,7091,10,73,0,768,3f9656d8-d644-4883-b830-1a74732e8ae9,1723088229418,538320896,3050,RAM768,10,,9,12140544,5446656,0,False,workbench-pyaes,7929,7092,7821,"{'length_of_message': 560, 'num_of_iterations': 560}",0,1024,40,73,768,7092,15750,550461440,21
11,679,10,72,0,2944,80061e0d-30a4-4cf6-8cf5-3095caa1c81b,1723088151612,538320896,690,RAM2944,11,,2,12140544,2001920,0,False,workbench-pyaes,3200,680,496,"{'length_of_message': 260, 'num_of_iterations': 260}",0,1024,10,72,2944,680,3696,550461440,21
10,3440,10,73,0,2304,d499bcfb-45ed-42d2-ac1f-62e6fb078a52,1723088207700,538320896,3460,RAM2304,10,,3,12140544,7928064,0,False,workbench-pyaes,7891,3441,7713,"{'length_of_message': 610, 'num_of_iterations': 610}",0,1024,20,73,2304,3441,15604,550461440,21
10,264,10,71,0,2176,904b2e93-0000-48f2-8d16-2b478166567c,1723088126002,538320896,260,RAM2176,10,,3,12140544,576640,0,False,workbench-pyaes,14328,265,16207,"{'length_of_message': 160, 'num_of_iterations': 160}",0,1024,0,71,2176,265,30535,550461440,22
10,4869,10,72,0,768,8dd96922-dde0-45cc-82fc-d89ed0321b4d,1723088193721,538320896,2100,RAM768,10,,9,12140544,3740160,0,False,workbench-pyaes,7821,4870,7833,"{'length_of_message': 460, 'num_of_iterations': 460}",0,1024,10,72,768,4870,15654,550461440,22
10,3486,10,73,0,1920,a93f4d2f-9b32-432a-a532-3a10e89bda91,1723088204401,538320896,3520,RAM1920,10,,3,12140544,6695040,0,False,workbench-pyaes,7801,3487,7821,"{'length_of_message': 610, 'num_of_iterations': 610}",0,1024,60,73,1920,3487,15622,550461440,21
,,,,,384,e258b8da-5cf3-4036-9812-19dd0dcf90e9,1723088183999,,,,,,,,,,,,,8303,,"{'length_of_message': 410, 'num_of_iterations': 410}",,,,73,,,,,
10,2359,10,74,0,2816,815adb29-ec9c-4701-8ad2-8e9fbcfe86fd,1723088225472,538320896,2380,RAM2816,10,,2,12140544,6645760,0,False,workbench-pyaes,7867,2360,7887,"{'length_of_message': 510, 'num_of_iterations': 510}",0,1024,10,74,2816,2360,15754,550461440,21
11,707,9,71,0,1408,f66d75a9-fbfd-475e-8b28-eb63ea238da7,1723088126874,538320896,370,RAM1408,11,,5,12140544,996864,0,False,workbench-pyaes,3197,708,496,"{'length_of_message': 210, 'num_of_iterations': 210}",0,1024,0,71,1408,708,3693,550461440,22
10,6442,10,72,0,384,0c4c354e-909d-4fb9-892a-557f1c91e8b2,1723088151666,538320896,1360,RAM384,10,,18,12140544,2474112,0,False,workbench-pyaes,11314,6443,16231,"{'length_of_message': 360, 'num_of_iterations': 360}",0,1024,20,72,384,6443,27545,550461440,22
11,922,10,72,0,2432,8af1ea61-4c58-4ae3-a098-44137fa79a9e,1723088146908,538320896,930,RAM2432,11,,2,12140544,2244736,0,False,workbench-pyaes,3200,923,496,"{'length_of_message': 310, 'num_of_iterations': 310}",0,1024,10,72,2432,923,3696,550461440,21
11,4969,11,73,0,896,9509baa2-fd1e-45fd-b518-5c4aa39ecb66,1723088214756,538320896,2510,RAM896,11,,8,12140544,4453120,0,False,workbench-pyaes,7797,4970,7809,"{'length_of_message': 510, 'num_of_iterations': 510}",0,1024,60,73,896,4970,15606,550461440,21
9,134,9,70,0,2560,567fd67b-8a54-47a7-937c-395837e2b7c8,1723088126103,538324992,140,RAM2560,9,471,2,12136448,345600,0,True,workbench-pyaes,42,135,42,"{'length_of_message': 110, 'num_of_iterations': 110}",471,1024,50,70,2560,135,84,550461440,22
10,2921,10,73,0,2688,74ce5462-9e41-4052-82d7-0c294e1bb09f,1723088197928,538320896,2920,RAM2688,10,,2,12140544,7854336,0,False,workbench-pyaes,7759,2922,7737,"{'length_of_message': 560, 'num_of_iterations': 560}",0,1024,10,73,2688,2922,15496,550461440,21
9,132,10,70,0,2432,f4628dda-4db0-472b-8148-b448e48f7473,1723088125999,538324992,160,RAM2432,9,459,2,12136448,323456,0,True,workbench-pyaes,42,133,42,"{'length_of_message': 110, 'num_of_iterations': 110}",459,1024,70,70,2432,133,84,550461440,22
10,561,9,71,0,896,bb773a8c-ba76-45c3-b664-4da54cbc4360,1723088134111,538320896,270,RAM896,10,,7,12140544,503552,0,False,workbench-pyaes,11150,562,15645,"{'length_of_message': 160, 'num_of_iterations': 160}",0,1024,0,71,896,562,26795,550461440,22
11,3832,10,72,0,1664,3ddec9d6-e72b-4ed1-9ade-ef7709246aa2,1723088146216,538320896,3450,RAM1664,11,,4,12140544,6378112,0,False,workbench-pyaes,7725,3833,8101,"{'length_of_message': 610, 'num_of_iterations': 610}",0,1024,30,72,1664,3833,15826,550461440,21
9,2011,10,70,0,640,cc7bc483-2ff5-4f35-b752-616de021dc81,1723088125734,538324992,730,RAM640,9,489,10,12136448,1287680,0,True,workbench-pyaes,42,2012,42,"{'length_of_message': 260, 'num_of_iterations': 260}",489,1024,70,70,640,2012,84,550461440,22
10,1223,10,72,0,2816,d7403757-681f-405c-b64f-0ad58a1571fd,1723088156394,538320896,1230,RAM2816,10,,2,12140544,3446784,0,False,workbench-pyaes,3273,1224,718,"{'length_of_message': 360, 'num_of_iterations': 360}",0,1024,10,72,2816,1224,3991,550461440,21
11,264,10,71,0,896,c4b97459-2198-4f3f-924b-1db262f0a2bc,1723088127026,538320896,150,RAM896,11,,7,12140544,237440,0,False,workbench-pyaes,0,265,0,"{'length_of_message': 110, 'num_of_iterations': 110}",0,1024,20,71,896,265,0,550461440,21
10,1345,10,72,0,3008,327abe05-c2a6-4fd4-bb81-6018afe2d4b3,1723088138061,538320896,1350,RAM3008,10,,2,12140544,4048768,0,False,workbench-pyaes,8294,1346,7515,"{'length_of_message': 410, 'num_of_iterations': 410}",0,1024,0,72,3008,1346,15809,550461440,21
11,14609,10,71,0,128,281b8ff3-cd40-4c58-bc09-2bfa846089b9,1723088168243,538320896,890,RAM128,11,,55,12140544,1870080,0,False,workbench-pyaes,8025,14610,8001,"{'length_of_message': 310, 'num_of_iterations': 310}",0,1024,10,71,128,14610,16026,550461440,22
8,48,10,70,0,2048,6216837f-6fb7-41f6-adc7-7f6590f31f59,1723088125362,538324992,70,RAM2048,9,466,3,12136448,100352,0,True,workbench-pyaes,42,49,42,"{'length_of_message': 60, 'num_of_iterations': 60}",466,1024,50,70,2048,49,84,550461440,22
10,10000,10,71,0,256,0c6992b0-513e-4fdc-b16c-150a79ad08a6,1723088155199,538320896,1400,RAM256,10,,27,12140544,2560256,0,False,workbench-pyaes,3275,10001,718,"{'length_of_message': 360, 'num_of_iterations': 360}",0,1024,50,71,256,10001,3993,550461440,22
9,223,10,70,0,3008,a72c2805-cd06-4c27-ba21-5a445234bb67,1723088126436,538324992,220,RAM3008,9,,2,12136448,673792,0,False,workbench-pyaes,0,224,0,"{'length_of_message': 160, 'num_of_iterations': 160}",0,1024,0,70,3008,224,0,550461440,22
9,18837,10,71,0,512,337a3ac1-a73e-40b4-a179-695d4ef5ae0d,1723088142631,538324992,4350,RAM512,9,381,13,12136448,9645056,0,True,workbench-pyaes,42,18838,42,"{'length_of_message': 760, 'num_of_iterations': 760}",381,1024,40,71,512,18838,84,550461440,22
9,10842,9,71,0,1280,5b31a9c3-991f-4da2-a683-6f1d0f7d6fd0,1723088169559,538324992,7760,RAM1280,9,538,5,12136448,13879040,0,True,workbench-pyaes,42,10843,42,"{'length_of_message': 910, 'num_of_iterations': 910}",538,1024,150,71,1280,10843,84,550461440,22
11,2384,10,74,0,2048,4696c95b-f21f-41e6-b371-15b33746208a,1723088221459,538320896,2400,RAM2048,11,,3,12140544,4884480,0,False,workbench-pyaes,7933,2385,7821,"{'length_of_message': 510, 'num_of_iterations': 510}",0,1024,20,74,2048,2385,15754,550461440,21
8,5,9,70,0,1408,aad9e33b-92db-498e-8e55-dce31c9aa834,1723088124445,538324992,10,RAM1408,9,393,4,12136448,8448,0,True,workbench-pyaes,42,6,42,"{'length_of_message': 10, 'num_of_iterations': 10}",393,1024,30,70,1408,6,84,550461440,22
10,4551,10,74,0,1408,eb1e2018-6bc6-4924-b185-f241520b58a7,1723088200863,538320896,3600,RAM1408,10,,5,12140544,6409216,0,False,workbench-pyaes,7929,4552,7755,"{'length_of_message': 610, 'num_of_iterations': 610}",0,1024,40,74,1408,4552,15684,550461440,21
10,8858,10,73,0,640,64113726-23e5-446c-96ab-2239a78dc2f7,1723088181911,538320896,3160,RAM640,10,,11,12140544,5669760,0,False,workbench-pyaes,7931,8859,7887,"{'length_of_message': 560, 'num_of_iterations': 560}",0,1024,10,73,640,8859,15818,550461440,21
10,298,10,72,0,1536,428d60ac-a5d6-40a3-a52a-b91afdac7a12,1723088134531,538320896,270,RAM1536,10,,4,12140544,459264,0,False,workbench-pyaes,5759,299,496,"{'length_of_message': 160, 'num_of_iterations': 160}",0,1024,0,72,1536,299,6255,550461440,21
11,98072,10,72,0,128,ba85a461-7e40-4f1f-bb9c-d027cc6cecd2,1723088404473,538320896,6560,RAM128,11,,56,12140544,12553344,0,False,workbench-pyaes,4951,98073,7863,,0,1024,50,72,128,98073,12814,550461440,21
11,2865,10,72,0,1536,65f817e7-4808-4673-a6b6-e1146046c2d2,1723088139282,538320896,2480,RAM1536,11,,4,12140544,4402176,0,False,workbench-pyaes,132,2866,156,"{'length_of_message': 510, 'num_of_iterations': 510}",0,1024,20,72,1536,2866,288,550461440,21
10,50,10,71,0,2176,5127faf2-3874-4cd2-8a76-504993738ccb,1723088127069,538320896,50,RAM2176,10,,3,12140544,110976,0,False,workbench-pyaes,4470,51,496,"{'length_of_message': 60, 'num_of_iterations': 60}",0,1024,0,71,2176,51,4966,550461440,21
10,6,10,71,0,2176,fa194e3a-f1e8-4e23-818f-3ef861aca83e,1723088127918,538320896,10,RAM2176,10,,3,12140544,15232,0,False,workbench-pyaes,0,7,0,"{'length_of_message': 10, 'num_of_iterations': 10}",0,1024,10,71,2176,7,0,550461440,21
11,949,10,73,0,2944,4211e59a-efda-43f6-9d91-11f0d0aa70dd,1723088162245,538320896,960,RAM2944,11,,2,12140544,2796800,0,False,workbench-pyaes,3200,950,496,"{'length_of_message': 310, 'num_of_iterations': 310}",0,1024,0,73,2944,950,3696,550461440,21
10,154,10,72,0,1536,53adb96d-e529-4415-a25c-5c1325764d5e,1723088129778,538320896,130,RAM1536,10,,4,12140544,238080,0,False,workbench-pyaes,42,155,42,"{'length_of_message': 110, 'num_of_iterations': 110}",0,1024,0,72,1536,155,84,550461440,21
10,5,10,72,0,2688,6cfa4761-4e16-43bc-a03b-32cd83e3f5b3,1723088128078,538320896,10,RAM2688,10,,2,12140544,16128,0,False,workbench-pyaes,0,6,0,"{'length_of_message': 10, 'num_of_iterations': 10}",0,1024,0,72,2688,6,0,550461440,21
8,8,10,70,0,1536,556559d5-9bce-49e0-a1be-c1d0d759c2d8,1723088127173,538324992,30,RAM1536,9,501,4,12136448,13824,0,True,workbench-pyaes,42,9,42,"{'length_of_message': 10, 'num_of_iterations': 10}",501,1024,30,70,1536,9,84,550461440,22
11,2403,10,73,0,2944,85873a24-e708-438d-833e-85a5cd55e7a5,1723088185950,538320896,2420,RAM2944,11,,2,12140544,7077376,0,False,workbench-pyaes,7787,2404,7623,"{'length_of_message': 510, 'num_of_iterations': 510}",0,1024,50,73,2944,2404,15410,550461440,21
10,49,10,71,0,1664,14831c38-2d24-4581-a148-8147eb0ac564,1723088128000,538320896,50,RAM1664,10,,4,12140544,83200,0,False,workbench-pyaes,4406,50,66,"{'length_of_message': 60, 'num_of_iterations': 60}",0,1024,10,71,1664,50,4472,550461440,21
9,42941,10,71,0,384,1be518a5-9c75-4052-b0be-4fcc7f9dae08,1723088166722,538324992,9020,RAM384,9,484,18,12136448,16489728,0,True,workbench-pyaes,42,42942,42,"{'length_of_message': 960, 'num_of_iterations': 960}",484,1024,260,71,384,42942,84,550461440,22
11,7261,10,72,0,512,ee4a8b07-8d91-43dd-b02c-db58751f6935,1723088163544,538320896,2050,RAM512,11,,14,12140544,3718144,0,False,workbench-pyaes,7761,7262,7671,"{'length_of_message': 460, 'num_of_iterations': 460}",0,1024,10,72,512,7262,15432,550461440,22
10,1077,10,71,0,1152,77e81da7-2c23-45ae-a590-59e3600d0062,1723088127545,538320896,710,RAM1152,10,,6,12140544,1241856,0,False,workbench-pyaes,0,1078,0,"{'length_of_message': 260, 'num_of_iterations': 260}",0,1024,0,71,1152,1078,0,550461440,22
9,2217,10,71,0,128,6ea1e54b-95b4-4dac-8a97-e1c619becc55,1723088128613,538320896,150,RAM128,10,,55,12140544,283904,0,False,workbench-pyaes,6130,2218,14206,"{'length_of_message': 110, 'num_of_iterations': 110}",0,1024,0,71,128,2218,20336,550461440,22
10,1970,10,71,0,2048,7bf8dcfb-1faf-4f4c-9dee-d13f110b0b02,1723088138646,538320896,1960,RAM2048,11,,3,12140544,4036608,0,False,workbench-pyaes,11024,1971,15711,"{'length_of_message': 460, 'num_of_iterations': 460}",0,1024,20,71,2048,1971,26735,550461440,22
11,1698,10,73,0,3008,6e61576d-3325-4b35-a62d-d57a61589436,1723088174115,538320896,1710,RAM3008,11,,2,12140544,5110592,0,False,workbench-pyaes,3201,1699,496,"{'length_of_message': 460, 'num_of_iterations': 460}",0,1024,20,73,3008,1699,3697,550461440,21
10,6,10,71,0,1664,a776f67a-2b01-435d-ae57-08c23e17c49a,1723088127773,538320896,20,RAM1664,10,,4,12140544,11648,0,False,workbench-pyaes,132,7,496,"{'length_of_message': 10, 'num_of_iterations': 10}",0,1024,0,71,1664,7,628,550461440,22
11,8155,10,73,0,1920,ec359e0f-c592-438c-95dc-a63578993099,1723088183132,538320896,8189,RAM1920,11,,3,12140544,15659520,0,False,workbench-pyaes,3279,8156,718,"{'length_of_message': 960, 'num_of_iterations': 960}",0,1024,60,73,1920,8156,3997,550461440,21
9,108,10,70,0,768,37a6a405-a68c-4ec6-b137-9e16f1aa8aa5,1723088127660,538320896,120,RAM768,9,,9,12140544,83712,0,False,workbench-pyaes,0,109,0,"{'length_of_message': 60, 'num_of_iterations': 60}",0,1024,80,70,768,109,0,550461440,22
8,43,11,70,0,2176,f9179009-fcec-421d-a298-21ece040d97f,1723088125364,538324992,50,RAM2176,9,420,3,12136448,95744,0,True,workbench-pyaes,42,44,42,"{'length_of_message': 60, 'num_of_iterations': 60}",420,1024,50,70,2176,44,84,550461440,22
9,271,10,70,0,1920,9e66dcdd-4c94-49da-b8cd-c5d62560edbe,1723088135739,538324992,290,RAM1920,9,483,3,12136448,522240,0,True,workbench-pyaes,42,272,42,"{'length_of_message': 160, 'num_of_iterations': 160}",483,1024,70,70,1920,272,84,550461440,22
11,6244,10,72,0,1024,e96195a9-65d6-40f6-ae3d-5ad8187bd526,1723088140290,538320896,3550,RAM1024,11,,7,12140544,6394880,0,False,workbench-pyaes,3392,6245,652,"{'length_of_message': 610, 'num_of_iterations': 610}",0,1024,50,72,1024,6245,4044,550461440,21
11,262,9,71,0,2560,b3fe1793-98fd-4625-903c-6e0d5f71a1da,1723088135691,538320896,270,RAM2560,11,,2,12140544,673280,0,False,workbench-pyaes,3271,263,718,"{'length_of_message': 160, 'num_of_iterations': 160}",0,1024,0,71,2560,263,3989,550461440,22
10,2853,10,73,0,2304,f1b0900b-a6e4-4550-8be2-f39a044b94ad,1723088245470,538320896,2870,RAM2304,10,,3,12140544,6575616,0,False,workbench-pyaes,7759,2854,7779,"{'length_of_message': 560, 'num_of_iterations': 560}",0,1024,20,73,2304,2854,15538,550461440,21
10,3245,10,74,0,1408,87ab124e-974c-49d5-9488-dec3c2c2a0e8,1723088178499,538320896,2570,RAM1408,10,,5,12140544,4570368,0,False,workbench-pyaes,7899,3246,7779,"{'length_of_message': 510, 'num_of_iterations': 510}",0,1024,10,74,1408,3246,15678,550461440,21
10,137,10,72,0,2688,d560fe73-c139-42d1-907e-d06cc2cf819e,1723088130397,538320896,150,RAM2688,10,,2,12140544,370944,0,False,workbench-pyaes,7089,138,496,"{'length_of_message': 110, 'num_of_iterations': 110}",0,1024,10,72,2688,138,7585,550461440,21
9,12957,10,71,0,768,17b3bb01-3e80-40f3-9bff-a9063b74e907,1723088136837,538324992,5550,RAM768,9,468,9,12136448,9951744,0,True,workbench-pyaes,42,12958,42,"{'length_of_message': 760, 'num_of_iterations': 760}",468,1024,70,71,768,12958,84,550461440,22
10,8592,10,73,0,768,2d286a8e-3e59-4442-9a7a-78af29121721,1723088244177,538320896,3730,RAM768,10,,9,12140544,6599424,0,False,workbench-pyaes,7821,8593,7767,"{'length_of_message': 610, 'num_of_iterations': 610}",0,1024,40,73,768,8593,15588,550461440,21
11,1442,10,71,0,640,4947aec3-3f3b-46ef-bcd6-2638ec655d43,1723088133169,538320896,550,RAM640,11,,11,12140544,923520,0,False,workbench-pyaes,11098,1443,16099,"{'length_of_message': 210, 'num_of_iterations': 210}",0,1024,50,71,640,1443,27197,550461440,22
10,12416,10,72,0,896,3e6985fd-60ba-450b-966a-a11ab377e764,1723088151072,538320896,6220,RAM896,10,,8,12140544,11125632,0,False,workbench-pyaes,3273,12417,718,"{'length_of_message': 810, 'num_of_iterations': 810}",0,1024,80,72,896,12417,3991,550461440,22
9,24061,10,71,0,640,f59bca95-c466-4715-a138-564d5aa33474,1723088147853,538324992,8520,RAM640,9,476,11,12136448,15399680,0,True,workbench-pyaes,42,24062,42,"{'length_of_message': 960, 'num_of_iterations': 960}",476,1024,130,71,640,24062,84,550461440,22
10,308,10,71,0,1536,16ea42b4-13b9-4f38-88ad-49e5c10e7ef2,1723088125606,538320896,260,RAM1536,10,,4,12140544,474624,0,False,workbench-pyaes,3315,309,926,"{'length_of_message': 160, 'num_of_iterations': 160}",0,1024,0,71,1536,309,4241,550461440,22
11,2253,10,72,0,1280,fb124621-6269-4cca-9dba-6158efeb6537,1723088159146,538320896,1680,RAM1280,11,,5,12140544,2885120,0,False,workbench-pyaes,7891,2254,7833,"{'length_of_message': 410, 'num_of_iterations': 410}",0,1024,80,72,1280,2254,15724,550461440,21
9,44040,10,71,0,256,4740a753-baff-4850-a547-b688c673ae5c,1723088167584,538324992,5480,RAM256,9,412,27,12136448,11274496,0,True,workbench-pyaes,42,44041,42,"{'length_of_message': 810, 'num_of_iterations': 810}",412,1024,80,71,256,44041,84,550461440,22
11,1898,10,72,0,1536,da32afc9-c824-4aea-9fa1-5ed437ebfaa0,1723088133911,538320896,1640,RAM1536,11,,4,12140544,2916864,0,False,workbench-pyaes,4591,1899,538,"{'length_of_message': 410, 'num_of_iterations': 410}",0,1024,10,72,1536,1899,5129,550461440,21
10,2470,10,74,0,2688,dc353efa-9f2d-4a35-8fab-8c2bf1780dcb,1723088183701,538320896,2480,RAM2688,10,,2,12140544,6642048,0,False,workbench-pyaes,7679,2471,7581,"{'length_of_message': 510, 'num_of_iterations': 510}",0,1024,10,74,2688,2471,15260,550461440,21
10,10175,10,72,0,384,23cd2f32-24d0-436b-a07d-1c89bfcf5bcf,1723088166465,538320896,2200,RAM384,10,,18,12140544,3907584,0,False,workbench-pyaes,7905,10176,8023,"{'length_of_message': 460, 'num_of_iterations': 460}",0,1024,100,72,384,10176,15928,550461440,22
10,51,10,71,0,2944,70920f7f-ff31-404a-8882-7e0479e7111d,1723088128325,538320896,60,RAM2944,11,,2,12140544,153088,0,False,workbench-pyaes,13888,52,15375,"{'length_of_message': 60, 'num_of_iterations': 60}",0,1024,0,71,2944,52,29263,550461440,22
10,464,10,71,0,2560,65df8da6-0f04-4ecf-9ac2-e3d49ef410e3,1723088128022,538320896,470,RAM2560,10,,2,12140544,1190400,0,False,workbench-pyaes,4670,465,992,"{'length_of_message': 210, 'num_of_iterations': 210}",0,1024,0,71,2560,465,5662,550461440,22
11,9602,10,72,0,1152,2be902cc-bc66-4590-b02b-09e130b98fec,1723088152291,538320896,4160,RAM1152,11,,6,12140544,11062656,0,False,workbench-pyaes,3273,9603,718,"{'length_of_message': 760, 'num_of_iterations': 760}",0,1024,20,72,1152,9603,3991,550461440,21
8,69,10,70,0,1280,100c1ab1-68fa-4cb1-9438-48324e4d07f0,1723088124762,538324992,50,RAM1280,9,472,5,12136448,89600,0,True,workbench-pyaes,42,70,42,"{'length_of_message': 60, 'num_of_iterations': 60}",472,1024,70,70,1280,70,84,550461440,22
11,5009,10,72,0,2304,3636c56f-8eac-49c3-a0de-751db129c5ec,1723088171405,538320896,5040,RAM2304,11,,3,12140544,11543040,0,False,workbench-pyaes,3281,5010,718,"{'length_of_message': 810, 'num_of_iterations': 810}",0,1024,30,72,2304,5010,3999,550461440,21
11,2449,11,73,0,3008,61697210-68d1-4cef-8e70-dec5c29f39a6,1723088186012,538320896,2450,RAM3008,11,,2,12140544,7369600,0,False,workbench-pyaes,7791,2450,7587,"{'length_of_message': 510, 'num_of_iterations': 510}",0,1024,30,73,3008,2450,15378,550461440,21
11,1937,10,72,0,2432,297490d8-6952-4c2e-9a98-328c4d04cd7e,1723088140386,538320896,1960,RAM2432,11,,2,12140544,4713216,0,False,workbench-pyaes,15453,1938,7581,"{'length_of_message': 460, 'num_of_iterations': 460}",0,1024,10,72,2432,1938,23034,550461440,21
10,4,10,71,0,384,ba713e00-c428-4b68-9891-8b3d405d8742,1723088127313,538320896,120,RAM384,10,,18,12140544,1920,0,False,workbench-pyaes,528,5,694,"{'length_of_message': 10, 'num_of_iterations': 10}",0,1024,120,71,384,5,1222,550461440,22
10,674,10,71,0,384,8fa0a8c1-68b4-4c67-85ad-329c1597bed4,1723088126994,538320896,130,RAM384,10,,18,12140544,259200,0,False,workbench-pyaes,11158,675,15645,"{'length_of_message': 110, 'num_of_iterations': 110}",0,1024,10,71,384,675,26803,550461440,22
10,2826,10,74,0,2816,3ceb221f-c212-4e08-94ce-a896b4b8c30d,1723088246339,538320896,2860,RAM2816,10,,2,12140544,7960832,0,False,workbench-pyaes,7825,2827,7833,"{'length_of_message': 560, 'num_of_iterations': 560}",0,1024,10,74,2816,2827,15658,550461440,21
11,946,11,72,0,3008,7f7098d2-5395-4766-929e-9b4cf65379dd,1723088147837,538320896,940,RAM3008,11,,2,12140544,2848576,0,False,workbench-pyaes,3281,947,718,"{'length_of_message': 310, 'num_of_iterations': 310}",0,1024,0,72,3008,947,3999,550461440,21
10,912,10,71,0,128,0fd52343-afb2-4d66-8308-7e34427d45a1,1723088127330,538320896,110,RAM128,11,,55,12140544,116864,0,False,workbench-pyaes,11284,913,16099,"{'length_of_message': 60, 'num_of_iterations': 60}",0,1024,110,71,128,913,27383,550461440,22
11,3452,10,74,0,1792,7be27737-2606-460b-a399-54f7587bf0f8,1723088204210,538320896,3460,RAM1792,11,,4,12140544,6187776,0,False,workbench-pyaes,7863,3453,7821,"{'length_of_message': 610, 'num_of_iterations': 610}",0,1024,20,74,1792,3453,15684,550461440,21
11,137165,11,73,0,128,655845e9-0b6f-4410-9f3d-ef79f064fa93,1723088381212,538320896,9190,RAM128,11,,57,12140544,17557248,0,False,workbench-pyaes,7911,137166,7977,,0,1024,160,73,128,137166,15888,550461440,21
10,2025,10,74,0,2048,58424de9-e102-4fdb-bd74-f64cd686972c,1723088203396,538320896,2090,RAM2048,10,,3,12140544,4149248,0,False,workbench-pyaes,7999,2026,7821,"{'length_of_message': 460, 'num_of_iterations': 460}",0,1024,90,74,2048,2026,15820,550461440,21
11,814,10,72,0,1024,a8a435e5-f1ae-49b5-9b75-92c5a6b22dec,1723088141778,538320896,470,RAM1024,11,,7,12140544,834560,0,False,workbench-pyaes,7743,815,7713,"{'length_of_message': 210, 'num_of_iterations': 210}",0,1024,10,72,1024,815,15456,550461440,21
11,675,10,72,0,2560,1042e413-e9fe-47ed-912a-87431a5f534b,1723088140440,538320896,670,RAM2560,11,,2,12140544,1730560,0,False,workbench-pyaes,3261,676,496,"{'length_of_message': 260, 'num_of_iterations': 260}",0,1024,30,72,2560,676,3757,550461440,21
10,154,10,71,0,1536,dbfe30a5-a6c8-4a20-9a79-429946500766,1723088127307,538320896,130,RAM1536,10,,4,12140544,238080,0,False,workbench-pyaes,0,155,0,"{'length_of_message': 110, 'num_of_iterations': 110}",0,1024,0,71,1536,155,0,550461440,21
10,3575,10,71,0,384,4046d247-dad5-4fa4-8e3f-101bde7002b0,1723088138128,538320896,770,RAM384,10,,18,12140544,1373184,0,False,workbench-pyaes,11170,3576,15711,"{'length_of_message': 260, 'num_of_iterations': 260}",0,1024,0,71,384,3576,26881,550461440,22
10,134,10,71,0,1920,d903a8b5-4d58-4c68-a9de-fcf8b4521533,1723088127488,538320896,140,RAM1920,10,,3,12140544,259200,0,False,workbench-pyaes,132,135,430,"{'length_of_message': 110, 'num_of_iterations': 110}",0,1024,0,71,1920,135,562,550461440,22
11,3484,10,74,0,2944,2b4cac9d-6cdc-40a7-844f-42026dcc3d02,1723088211238,538320896,3490,RAM2944,11,,2,12140544,10259840,0,False,workbench-pyaes,3322,3485,760,"{'length_of_message': 610, 'num_of_iterations': 610}",0,1024,40,74,2944,3485,4082,550461440,21
10,2189,10,73,0,1664,f1fb6930-501b-4e57-b773-2363ca098005,1723088201556,538320896,2050,RAM1664,10,,4,12140544,3644160,0,False,workbench-pyaes,7863,2190,7875,"{'length_of_message': 460, 'num_of_iterations': 460}",0,1024,60,73,1664,2190,15738,550461440,21
10,1966,10,72,0,2176,a1f61640-f5df-4971-a21e-a24bc159cf0f,1723088139325,538320896,1970,RAM2176,10,,3,12140544,4280192,0,False,workbench-pyaes,15325,1967,7647,"{'length_of_message': 460, 'num_of_iterations': 460}",0,1024,20,72,2176,1967,22972,550461440,21
10,461,10,72,0,2944,1085206c-65a1-468d-9b2e-da23e464c04b,1723088143954,538320896,460,RAM2944,10,,2,12140544,1360128,0,False,workbench-pyaes,3196,462,496,"{'length_of_message': 210, 'num_of_iterations': 210}",0,1024,0,72,2944,462,3692,550461440,21
10,927,10,72,0,1408,d626fb02-67ed-4808-b174-72a3eacb4da9,1723088128014,538320896,730,RAM1408,10,,5,12140544,1306624,0,False,workbench-pyaes,7791,928,992,"{'length_of_message': 260, 'num_of_iterations': 260}",0,1024,0,72,1408,928,8783,550461440,21
11,924,10,72,0,2304,b1f3cedc-0a20-43a9-ac73-832af375fd3f,1723088146760,538320896,930,RAM2304,11,,3,12140544,2131200,0,False,workbench-pyaes,7881,925,7623,"{'length_of_message': 310, 'num_of_iterations': 310}",0,1024,20,72,2304,925,15504,550461440,21
11,1577,10,73,0,1792,5e64f75c-7548-4f11-9719-395957901030,1723088160776,538320896,1590,RAM1792,11,,4,12140544,2827776,0,False,workbench-pyaes,7743,1578,7647,"{'length_of_message': 410, 'num_of_iterations': 410}",0,1024,10,73,1792,1578,15390,550461440,21
10,7575,9,73,0,896,d848c0f7-26e7-4b89-9880-db81a82f1f67,1723088195663,538320896,3910,RAM896,10,,8,12140544,6788096,0,False,workbench-pyaes,7819,7576,7737,"{'length_of_message': 610, 'num_of_iterations': 610}",0,1024,170,73,896,7576,15556,550461440,21
10,136,10,71,0,2688,e48b5688-93ee-4e36-b116-1af4fe773701,1723088127805,538320896,130,RAM2688,10,,2,12140544,368256,0,False,workbench-pyaes,11354,137,15843,"{'length_of_message': 110, 'num_of_iterations': 110}",0,1024,10,71,2688,137,27197,550461440,22
11,4548,10,73,0,2432,c81332e3-7fce-44ad-92e5-ce0cd75d5262,1723088160904,538320896,4570,RAM2432,11,,3,12140544,11063168,0,False,workbench-pyaes,3200,4549,496,"{'length_of_message': 710, 'num_of_iterations': 710}",0,1024,20,73,2432,4549,3696,550461440,21
9,1565,10,70,0,768,42f4cbb3-6262-4b4c-8952-f14c78be69d2,1723088125369,538324992,620,RAM768,9,417,9,12136448,1202688,0,True,workbench-pyaes,42,1566,42,"{'length_of_message': 260, 'num_of_iterations': 260}",417,1024,30,70,768,1566,84,550461440,22
10,4011,10,72,0,1920,d3cca1fa-b5fd-4308-a0b8-22fd25015797,1723088153301,538320896,4010,RAM1920,10,,3,12140544,7703040,0,False,workbench-pyaes,78,4012,222,"{'length_of_message': 660, 'num_of_iterations': 660}",0,1024,30,72,1920,4012,300,550461440,21
11,3485,10,71,0,2176,aa47071f-e68e-4874-a1be-670db70fa1f4,1723088149751,538320896,3480,RAM2176,11,,3,12140544,7585536,0,False,workbench-pyaes,3200,3486,496,"{'length_of_message': 610, 'num_of_iterations': 610}",0,1024,30,71,2176,3486,3696,550461440,22
10,46,10,71,0,1792,24724f86-752a-43a6-8ce4-1a48f6433222,1723088128055,538320896,50,RAM1792,10,,3,12140544,84224,0,False,workbench-pyaes,3252,47,496,"{'length_of_message': 60, 'num_of_iterations': 60}",0,1024,0,71,1792,47,3748,550461440,22
10,3993,11,72,0,2176,0fe5348d-6a79-4c6b-97d2-3df5b89e483b,1723088157920,538320896,3990,RAM2176,10,,3,12140544,8690944,0,False,workbench-pyaes,7733,3994,7545,"{'length_of_message': 710, 'num_of_iterations': 710}",0,1024,30,72,2176,3994,15278,550461440,21
11,1953,10,72,0,2304,654c3661-e9d2-45d3-b535-24c5b57d0cc6,1723088139568,538320896,1960,RAM2304,11,,3,12140544,4502016,0,False,workbench-pyaes,15461,1954,7869,"{'length_of_message': 460, 'num_of_iterations': 460}",0,1024,20,72,2304,1954,23330,550461440,21
,,,,,128,6731e51a-1076-435b-83d6-c379cb36ea6a,1723088376659,,,,,,,,,,,,,68221,,,,,,72,,,,,
10,17219,11,72,0,896,93786cbe-8bd5-4010-8f2c-19b63c765733,1723088161194,538320896,8630,RAM896,11,,8,12140544,15429120,0,False,workbench-pyaes,11214,17220,16041,"{'length_of_message': 960, 'num_of_iterations': 960}",0,1024,130,72,896,17220,27255,550461440,21
10,5987,10,73,0,2816,11ff26db-8a50-489a-b0a5-9dd3c9d291c1,1723088175154,538320896,6010,RAM2816,10,,2,12140544,16862208,0,False,workbench-pyaes,7823,5988,7899,"{'length_of_message': 810, 'num_of_iterations': 810}",0,1024,50,73,2816,5988,15722,550461440,21
11,4594,10,73,0,2560,e5fcc889-a958-4bb7-9623-857ebae2c517,1723088162568,538320896,4610,RAM2560,11,,2,12140544,11763200,0,False,workbench-pyaes,3201,4595,496,"{'length_of_message': 710, 'num_of_iterations': 710}",0,1024,10,73,2560,4595,3697,550461440,21
9,7,10,70,0,1280,072a7094-8da9-493d-9c72-137cda11cee2,1723088126365,538320896,0,RAM1280,9,,5,12140544,10240,0,False,workbench-pyaes,260,8,430,"{'length_of_message': 10, 'num_of_iterations': 10}",0,1024,10,70,1280,8,690,550461440,22
11,69041,10,72,0,128,f79cbf56-6bde-4e47-8434-6ee94803a8cf,1723088252752,538320896,4680,RAM128,11,,56,12140544,8837376,0,False,workbench-pyaes,8131,69042,7935,,0,1024,130,72,128,69042,16066,550461440,22
11,1255,10,72,0,2432,2c815cef-cf2f-4c00-8503-7368544f1e28,1723088134268,538320896,1250,RAM2432,11,,2,12140544,3054592,0,False,workbench-pyaes,0,1256,0,"{'length_of_message': 360, 'num_of_iterations': 360}",0,1024,10,72,2432,1256,0,550461440,21
10,50,10,72,0,2688,5adc7f79-3914-4573-9cb4-ae21c7281014,1723088128266,538320896,50,RAM2688,10,,2,12140544,137088,0,False,workbench-pyaes,0,51,0,"{'length_of_message': 60, 'num_of_iterations': 60}",0,1024,0,72,2688,51,0,550461440,21
10,49065,10,71,0,128,458e03d1-840a-4e19-a93c-ad59b42901b7,1723088222097,538320896,3290,RAM128,10,,55,12140544,6280448,0,False,workbench-pyaes,11432,49066,16201,"{'length_of_message': 560, 'num_of_iterations': 560}",0,1024,10,71,128,49066,27633,550461440,22
10,7,10,71,0,2944,c87e2f3b-9a23-443d-a777-6aedad64edb4,1723088126865,538320896,10,RAM2944,10,,2,12140544,23552,0,False,workbench-pyaes,4727,8,7434,"{'length_of_message': 10, 'num_of_iterations': 10}",0,1024,10,71,2944,8,12161,550461440,22
10,693,10,72,0,2688,731d4ba5-9d64-4c4c-8987-a5e8c83b4188,1723088129847,538320896,690,RAM2688,10,,2,12140544,1865472,0,False,workbench-pyaes,0,694,0,"{'length_of_message': 260, 'num_of_iterations': 260}",0,1024,20,72,2688,694,0,550461440,21
11,5116,10,73,0,1792,4ed4020c-5fef-42a8-91e5-2dea04a551da,1723088160518,538320896,4610,RAM1792,11,,4,12140544,9169664,0,False,workbench-pyaes,3277,5117,718,"{'length_of_message': 760, 'num_of_iterations': 760}",0,1024,30,73,1792,5117,3995,550461440,21
9,32182,10,70,0,128,6b547664-e2b6-4936-baf0-800201ceb642,1723088156071,538324992,2140,RAM128,9,472,54,12136448,4119424,0,True,workbench-pyaes,42,32183,42,"{'length_of_message': 460, 'num_of_iterations': 460}",472,1024,40,70,128,32183,84,550461440,22
9,723,10,71,0,640,ad5ac5ec-3e07-491b-98c2-c83b15499149,1723088129242,538320896,240,RAM640,10,,11,12140544,463360,0,False,workbench-pyaes,11218,724,15975,"{'length_of_message': 160, 'num_of_iterations': 160}",0,1024,30,71,640,724,27193,550461440,22
11,2018,11,71,0,3008,aae57c54-92ef-4989-b725-3dfe99629a00,1723088142462,538320896,2009,RAM3008,11,,2,12140544,6073152,0,False,workbench-pyaes,78,2019,222,"{'length_of_message': 460, 'num_of_iterations': 460}",0,1024,30,71,3008,2019,300,550461440,22
11,1539,10,72,0,1792,bf4f19d3-af2a-485d-b766-5563082e874f,1723088134800,538320896,1390,RAM1792,11,,4,12140544,2759680,0,False,workbench-pyaes,5827,1540,562,"{'length_of_message': 410, 'num_of_iterations': 410}",0,1024,0,72,1792,1540,6389,550461440,21
11,1982,10,73,0,2944,e4cc938a-2856-4a34-a505-69ef54aead9c,1723088174279,538320896,1980,RAM2944,11,,2,12140544,5837952,0,False,workbench-pyaes,7745,1983,7491,"{'length_of_message': 460, 'num_of_iterations': 460}",0,1024,40,73,2944,1983,15236,550461440,21
10,144,10,71,0,1664,db0130ed-f4c0-4cd7-aad5-f3995deca77c,1723088127365,538320896,140,RAM1664,10,,4,12140544,241280,0,False,workbench-pyaes,0,145,0,"{'length_of_message': 110, 'num_of_iterations': 110}",0,1024,10,71,1664,145,0,550461440,22
9,26486,10,71,0,512,933644f8-5f38-4ecc-b34b-b3c8b46a05d4,1723088150284,538324992,6790,RAM512,9,418,13,12136448,13561344,0,True,workbench-pyaes,42,26487,42,"{'length_of_message': 910, 'num_of_iterations': 910}",418,1024,70,71,512,26487,84,550461440,22
,,,,,512,d6d0b2dd-8596-46d9-a5ff-1f408035e9d9,1723088248127,,,,,,,,,,,,,12558,,"{'length_of_message': 610, 'num_of_iterations': 610}",,,,73,,,,,
9,981,10,71,0,512,7bfe67ec-9fe1-414d-8b98-d18a257c97d0,1723088133794,538320896,280,RAM512,10,,13,12140544,502784,0,False,workbench-pyaes,11350,982,15909,"{'length_of_message': 160, 'num_of_iterations': 160}",0,1024,20,71,512,982,27259,550461440,22
11,682,10,71,0,2432,652d791e-7d20-47d1-bb4c-06e5b8e81da5,1723088140290,538320896,690,RAM2432,11,,2,12140544,1661056,0,False,workbench-pyaes,3241,683,538,"{'length_of_message': 260, 'num_of_iterations': 260}",0,1024,10,71,2432,683,3779,550461440,22
10,64,10,71,0,1152,8969ffc0-79d9-4f24-b7a9-7cbe6a56a5d8,1723088126789,538320896,50,RAM1152,10,,6,12140544,74880,0,False,workbench-pyaes,6380,65,8503,"{'length_of_message': 60, 'num_of_iterations': 60}",0,1024,0,71,1152,65,14883,550461440,22
10,516,10,71,0,512,3c97df56-b3f1-49c9-ba54-ddfb8827ee53,1723088126914,538320896,150,RAM512,10,,13,12140544,264704,0,False,workbench-pyaes,14453,517,16471,"{'length_of_message': 110, 'num_of_iterations': 110}",0,1024,20,71,512,517,30924,550461440,22
9,1749,10,70,0,1024,1b6fd4b8-a455-463c-bb69-beb8831e8767,1723088143459,538324992,1020,RAM1024,9,505,6,12136448,1792000,0,True,workbench-pyaes,42,1750,42,"{'length_of_message': 310, 'num_of_iterations': 310}",505,1024,80,70,1024,1750,84,550461440,21
11,15201,10,73,0,1152,8a5f4bf0-8ac4-4a93-9553-4e63fa169171,1723088170090,538320896,6580,RAM1152,11,,6,12140544,17512704,0,False,workbench-pyaes,7889,15202,7833,"{'length_of_message': 960, 'num_of_iterations': 960}",0,1024,20,73,1152,15202,15722,550461440,21
10,19869,9,71,0,256,f26adab5-78c6-4567-9f50-6177c7ee7baa,1723088183548,538320896,2730,RAM256,10,,27,12140544,5086720,0,False,workbench-pyaes,7961,19870,7899,"{'length_of_message': 510, 'num_of_iterations': 510}",0,1024,50,71,256,19870,15860,550461440,22
11,8481,10,72,0,896,f24667e5-3743-4f5f-959e-2c2a07a7f79c,1723088142084,538320896,4230,RAM896,11,,8,12140544,7599872,0,False,workbench-pyaes,12983,8482,7737,"{'length_of_message': 660, 'num_of_iterations': 660}",0,1024,90,72,896,8482,20720,550461440,21
10,2006,10,73,0,1920,c610952c-0fdd-4430-abf7-5d5adb2c1cd6,1723088170325,538320896,2070,RAM1920,10,,3,12140544,3853440,0,False,workbench-pyaes,7865,2007,7845,"{'length_of_message': 460, 'num_of_iterations': 460}",0,1024,40,73,1920,2007,15710,550461440,21
10,1615,10,73,0,2688,9de260e7-7a5f-44e8-9b43-d450222ad47e,1723088189067,538320896,1640,RAM2688,10,,2,12140544,4343808,0,False,workbench-pyaes,7973,1616,7863,"{'length_of_message': 410, 'num_of_iterations': 410}",0,1024,50,73,2688,1616,15836,550461440,21
9,135,10,70,0,1792,13b3a0a6-a8e5-4ecd-81f8-2f30bb861597,1723088125234,538320896,130,RAM1792,10,,3,12140544,243712,0,False,workbench-pyaes,0,136,0,"{'length_of_message': 110, 'num_of_iterations': 110}",0,1024,30,70,1792,136,0,550461440,22
11,6329,10,74,0,3008,a551e524-bb2c-4f8e-bd35-ee06934e7210,1723088191106,538320896,6370,RAM3008,11,,2,12140544,19040640,0,False,workbench-pyaes,7865,6330,7845,"{'length_of_message': 910, 'num_of_iterations': 910}",0,1024,100,74,3008,6330,15710,550461440,21
11,4191,10,72,0,1536,7771c4b3-1523-4d88-99c1-37a28f11e1ce,1723088145371,538320896,3620,RAM1536,11,,4,12140544,6438912,0,False,workbench-pyaes,12897,4192,7779,"{'length_of_message': 610, 'num_of_iterations': 610}",0,1024,20,72,1536,4192,20676,550461440,21
10,1615,10,71,0,2688,3831e5a1-e997-403c-9eed-0842a0d1b143,1723088163116,538320896,1620,RAM2688,10,,2,12140544,4343808,0,False,workbench-pyaes,11370,1616,16017,"{'length_of_message': 410, 'num_of_iterations': 410}",0,1024,20,71,2688,1616,27387,550461440,22
9,488,10,70,0,512,7c3ca191-080f-43fd-b172-6b1d148c7fba,1723088129292,538324992,210,RAM512,9,,13,12136448,250368,0,False,workbench-pyaes,0,489,0,"{'length_of_message': 110, 'num_of_iterations': 110}",0,1024,130,70,512,489,0,550461440,22
10,2505,10,72,0,2304,d11dd823-ae3a-4b40-b93b-37103324d83b,1723088146365,538320896,2510,RAM2304,10,,3,12140544,5773824,0,False,workbench-pyaes,4558,2506,718,"{'length_of_message': 560, 'num_of_iterations': 560}",0,1024,20,72,2304,2506,5276,550461440,22
8,9,10,70,0,2304,0c961872-8859-48b9-a8f9-e2004fddeaa9,1723088125461,538324992,30,RAM2304,8,389,3,12136448,23040,0,True,workbench-pyaes,42,10,42,"{'length_of_message': 10, 'num_of_iterations': 10}",389,1024,20,70,2304,10,84,550461440,22
11,7355,10,72,0,1152,901e35ca-8498-47d7-a257-775a1df2b23d,1723088148702,538320896,4770,RAM1152,11,,6,12140544,8474112,0,False,workbench-pyaes,15563,7356,7713,"{'length_of_message': 710, 'num_of_iterations': 710}",0,1024,70,72,1152,7356,23276,550461440,21
10,1995,10,71,0,640,077ab18b-ce39-42b0-9ec1-03c744018c3f,1723088136579,538320896,730,RAM640,10,,11,12140544,1277440,0,False,workbench-pyaes,11422,1996,16041,"{'length_of_message': 260, 'num_of_iterations': 260}",0,1024,40,71,640,1996,27463,550461440,22
11,1566,10,72,0,2432,6747088e-35dc-43b3-a093-3206c873b8f1,1723088136631,538320896,1580,RAM2432,11,,2,12140544,3810944,0,False,workbench-pyaes,78,1567,222,"{'length_of_message': 410, 'num_of_iterations': 410}",0,1024,10,72,2432,1567,300,550461440,21
10,1291,10,72,0,2048,b633fdcb-cab8-49db-af09-b6982c997f9b,1723088133091,538320896,1280,RAM2048,10,,3,12140544,2646016,0,False,workbench-pyaes,7073,1292,604,"{'length_of_message': 360, 'num_of_iterations': 360}",0,1024,20,72,2048,1292,7677,550461440,21
11,2681,10,73,0,1024,b549a689-c853-48d1-a39d-5fa4c63241be,1723088183025,538320896,1410,RAM1024,11,,7,12140544,2746368,0,False,workbench-pyaes,7819,2682,7779,"{'length_of_message': 410, 'num_of_iterations': 410}",0,1024,20,73,1024,2682,15598,550461440,21
9,86978,10,71,0,128,8fe7ad19-2627-45b3-aa65-5648f16e2702,1723088210728,538324992,5850,RAM128,9,470,55,12136448,11133312,0,True,workbench-pyaes,42,86979,42,,470,1024,50,71,128,86979,84,550461440,22
10,135,10,71,0,2176,618264fc-b5d7-4bd9-bdfe-d65d1cecc443,1723088127558,538320896,140,RAM2176,10,,3,12140544,295936,0,False,workbench-pyaes,0,136,0,"{'length_of_message': 110, 'num_of_iterations': 110}",0,1024,10,71,2176,136,0,550461440,21
11,5553,10,74,0,1152,48d97116-2e83-4a77-a00d-54d8c74f5cbe,1723088253729,538320896,3620,RAM1152,11,,6,12140544,6398208,0,False,workbench-pyaes,7867,5554,7821,"{'length_of_message': 610, 'num_of_iterations': 610}",0,1024,90,74,1152,5554,15688,550461440,21
10,2935,10,72,0,2048,6497b9cd-0b99-48ab-b0ce-d2048bb46b64,1723088144861,538320896,2950,RAM2048,10,,3,12140544,6012928,0,False,workbench-pyaes,3203,2936,496,"{'length_of_message': 560, 'num_of_iterations': 560}",0,1024,20,72,2048,2936,3699,550461440,21
9,15289,10,71,0,1024,fea52b9c-d8ca-4f45-a3a0-fbf2e51dc67a,1723088163758,538324992,8770,RAM1024,9,487,6,12136448,15656960,0,True,workbench-pyaes,42,15290,42,"{'length_of_message': 960, 'num_of_iterations': 960}",487,1024,160,71,1024,15290,84,550461440,22
10,4043,10,73,0,2816,55d51a3f-3874-4a6b-91e4-5f675d86f656,1723088158843,538320896,4059,RAM2816,10,,2,12140544,11387904,0,False,workbench-pyaes,3200,4044,496,"{'length_of_message': 660, 'num_of_iterations': 660}",0,1024,30,73,2816,4044,3696,550461440,21
11,221,10,71,0,2304,fb5378db-e671-41fb-bb0f-dc71c35dc5a6,1723088130868,538320896,220,RAM2304,11,,3,12140544,511488,0,False,workbench-pyaes,3241,222,538,"{'length_of_message': 160, 'num_of_iterations': 160}",0,1024,0,71,2304,222,3779,550461440,22
11,1998,10,72,0,2944,9718af8b-afa6-4852-9c0d-95073729694c,1723088141836,538320896,2009,RAM2944,11,,2,12140544,5885056,0,False,workbench-pyaes,4490,1999,496,"{'length_of_message': 460, 'num_of_iterations': 460}",0,1024,20,72,2944,1999,4986,550461440,21
11,2872,10,74,0,1792,543d34d4-0e99-4ba8-8740-782c9bcd1a62,1723088193360,538320896,2860,RAM1792,11,,4,12140544,5148416,0,False,workbench-pyaes,3280,2873,718,"{'length_of_message': 560, 'num_of_iterations': 560}",0,1024,20,74,1792,2873,3998,550461440,21
11,4871,10,73,0,1024,84d6d66f-18b6-456b-a834-ee514617598f,1723088235943,538320896,2540,RAM1024,11,,7,12140544,4988928,0,False,workbench-pyaes,7757,4872,7833,"{'length_of_message': 560, 'num_of_iterations': 560}",0,1024,10,73,1024,4872,15590,550461440,21
10,3421,10,74,0,2816,ea67dd41-8dde-4074-ae3c-76841103f464,1723088209184,538320896,3410,RAM2816,10,,2,12140544,9636352,0,False,workbench-pyaes,7757,3422,7767,"{'length_of_message': 610, 'num_of_iterations': 610}",0,1024,40,74,2816,3422,15524,550461440,21
10,2468,10,73,0,1920,7e8aab1d-00aa-4867-b3ac-d4a7d8b64617,1723088181016,538320896,2480,RAM1920,10,,3,12140544,4740480,0,False,workbench-pyaes,7803,2469,7941,"{'length_of_message': 510, 'num_of_iterations': 510}",0,1024,30,73,1920,2469,15744,550461440,21
11,3825,10,74,0,1152,71cadd1b-5978-489f-83e7-dbfe677ae94a,1723088216387,538320896,2480,RAM1152,11,,6,12140544,4407552,0,False,workbench-pyaes,7999,3826,7953,"{'length_of_message': 510, 'num_of_iterations': 510}",0,1024,30,74,1152,3826,15952,550461440,21
8,6,10,70,0,2816,fa83728b-0e60-4eee-a3c7-70ceede0a693,1723088125858,538324992,40,RAM2816,9,464,2,12136448,19712,0,True,workbench-pyaes,42,7,42,"{'length_of_message': 10, 'num_of_iterations': 10}",464,1024,60,70,2816,7,84,550461440,22
11,928,10,72,0,1792,7d79c9dc-db3a-4a06-af61-081de8c8645c,1723088130423,538320896,940,RAM1792,11,,4,12140544,1664768,0,False,workbench-pyaes,174,929,198,"{'length_of_message': 310, 'num_of_iterations': 310}",0,1024,10,72,1792,929,372,550461440,21
10,1979,10,72,0,2816,ed3ec5e1-928a-4728-9fb3-fca98d7a21fb,1723088141602,538320896,1990,RAM2816,10,,2,12140544,5575680,0,False,workbench-pyaes,4546,1980,496,"{'length_of_message': 460, 'num_of_iterations': 460}",0,1024,0,72,2816,1980,5042,550461440,21
11,4039,10,73,0,1024,2df8fef2-d089-46a5-9b39-dfd8216f66e4,1723088214981,538320896,2110,RAM1024,11,,7,12140544,4136960,0,False,workbench-pyaes,7867,4040,7941,"{'length_of_message': 510, 'num_of_iterations': 510}",0,1024,0,73,1024,4040,15808,550461440,21
10,15961,10,72,0,256,a34f0939-126c-4e8c-92eb-0d96ece6232c,1723088172241,538320896,2190,RAM256,10,,28,12140544,4086272,0,False,workbench-pyaes,7757,15962,7779,"{'length_of_message': 460, 'num_of_iterations': 460}",0,1024,20,72,256,15962,15536,550461440,21
10,2529,9,73,0,1408,573c5c24-15ef-4b72-aeb1-f0c8f8215cb7,1723088200728,538320896,2029,RAM1408,10,,5,12140544,3562240,0,False,workbench-pyaes,7861,2530,7875,"{'length_of_message': 460, 'num_of_iterations': 460}",0,1024,40,73,1408,2530,15736,550461440,21
9,8,10,71,0,2816,d80e5a3c-67f8-482a-93bf-5170b9454356,1723088126859,538320896,10,RAM2816,9,,2,12140544,25344,0,False,workbench-pyaes,4485,9,7170,"{'length_of_message': 10, 'num_of_iterations': 10}",0,1024,0,71,2816,9,11655,550461440,22
10,59,10,71,0,1536,6433a96d-2551-42e5-a4fd-0ee2389e63a5,1723088127959,538320896,50,RAM1536,11,,4,12140544,92160,0,False,workbench-pyaes,13262,60,9035,"{'length_of_message': 60, 'num_of_iterations': 60}",0,1024,0,71,1536,60,22297,550461440,22
11,2556,10,72,0,896,2256b078-026c-41b4-b941-52e457f15a21,1723088150890,538320896,1310,RAM896,11,,8,12140544,2291072,0,False,workbench-pyaes,7891,2557,7845,"{'length_of_message': 360, 'num_of_iterations': 360}",0,1024,40,72,896,2557,15736,550461440,22
10,2270,10,72,0,1280,cd8f4e45-5f82-424c-b79c-6c8b2f91462d,1723088133200,538320896,1650,RAM1280,10,,5,12140544,2906880,0,False,workbench-pyaes,7138,2271,538,"{'length_of_message': 410, 'num_of_iterations': 410}",0,1024,30,72,1280,2271,7676,550461440,21
10,6572,10,73,0,2816,ff976691-7759-4c16-8439-78aa76546468,1723088182462,538320896,6610,RAM2816,10,,2,12140544,18509568,0,False,workbench-pyaes,3242,6573,538,"{'length_of_message': 860, 'num_of_iterations': 860}",0,1024,40,73,2816,6573,3780,550461440,21
10,9787,9,71,0,256,012630f5-6ecc-4dd6-92fa-b4e718cfa430,1723088174563,538320896,1360,RAM256,10,,27,12140544,2505728,0,False,workbench-pyaes,7825,9788,7845,"{'length_of_message': 360, 'num_of_iterations': 360}",0,1024,10,71,256,9788,15670,550461440,22
9,10664,11,70,0,512,25d71316-2807-4db4-8b16-7985db441770,1723088134372,538324992,3000,RAM512,9,476,13,12136448,5460480,0,True,workbench-pyaes,42,10665,42,"{'length_of_message': 560, 'num_of_iterations': 560}",476,1024,120,70,512,10665,84,550461440,22
11,120779,9,73,0,128,203a8a79-6639-4bc2-b0e0-478486683f66,1723088366378,538320896,8020,RAM128,11,,57,12140544,15459840,0,False,workbench-pyaes,20099,120780,8089,,0,1024,50,73,128,120780,28188,550461440,21
10,478,10,71,0,1024,1f85368f-07b6-4d35-99d8-a47bb3d4b01e,1723088125210,538320896,280,RAM1024,11,,6,12140544,490496,0,False,workbench-pyaes,11280,479,15777,"{'length_of_message': 160, 'num_of_iterations': 160}",0,1024,0,71,1024,479,27057,550461440,22
10,655,10,71,0,1280,250d7f76-8f65-4412-b579-b6bdf6bc8371,1723088126768,538320896,480,RAM1280,10,,5,12140544,839680,0,False,workbench-pyaes,0,656,0,"{'length_of_message': 210, 'num_of_iterations': 210}",0,1024,0,71,1280,656,0,550461440,22
10,77111,10,72,0,128,00c95862-f74d-4e13-a647-eb361492bd86,1723088321640,538320896,5140,RAM128,11,,56,12140544,9870336,0,False,workbench-pyaes,11360,77112,16397,,0,1024,30,72,128,77112,27757,550461440,21
9,2712,10,70,0,640,6d5ac77f-dda5-47c4-a8b7-65d524977f09,1723088126583,538324992,1080,RAM640,9,456,10,12136448,1736320,0,True,workbench-pyaes,42,2713,42,"{'length_of_message': 310, 'num_of_iterations': 310}",456,1024,240,70,640,2713,84,550461440,22
11,8304,10,74,0,2944,2ff15b66-d3c4-4bae-9abb-a54718849606,1723088199876,538320896,8320,RAM2944,11,,2,12140544,24449920,0,False,workbench-pyaes,3278,8305,718,"{'length_of_message': 960, 'num_of_iterations': 960}",0,1024,60,74,2944,8305,3996,550461440,21
10,2685,9,73,0,896,47ea5204-e7ef-4998-8876-53451105d07d,1723088170500,538320896,1350,RAM896,10,,8,12140544,2406656,0,False,workbench-pyaes,7861,2686,7779,"{'length_of_message': 360, 'num_of_iterations': 360}",0,1024,20,73,896,2686,15640,550461440,21
9,137,10,70,0,2048,fb7dd799-9000-4e80-ad52-510c235606de,1723088125419,538324992,130,RAM2048,9,,3,12136448,282624,0,False,workbench-pyaes,0,138,0,"{'length_of_message': 110, 'num_of_iterations': 110}",0,1024,20,70,2048,138,0,550461440,22
9,9831,10,70,0,768,62a80778-30c3-4205-a4aa-15f93499653e,1723088133549,538324992,4210,RAM768,9,484,9,12136448,7550976,0,True,workbench-pyaes,42,9832,42,"{'length_of_message': 660, 'num_of_iterations': 660}",484,1024,100,70,768,9832,84,550461440,22
10,2318,10,73,0,1280,4b808e84-f822-4437-87f4-db21ef53162e,1723088185214,538320896,1670,RAM1280,10,,5,12140544,2968320,0,False,workbench-pyaes,7813,2319,7611,"{'length_of_message': 410, 'num_of_iterations': 410}",0,1024,20,73,1280,2319,15424,550461440,21
11,2837,9,73,0,2560,067956cf-5ed4-4fec-9185-b9e4e7334268,1723088245782,538320896,2850,RAM2560,11,,2,12140544,7265280,0,False,workbench-pyaes,7823,2838,7833,"{'length_of_message': 560, 'num_of_iterations': 560}",0,1024,20,73,2560,2838,15656,550461440,21
11,457,10,71,0,2304,946fa3fd-06d9-4426-9063-da9cae30675c,1723088127799,538320896,460,RAM2304,11,,3,12140544,1055232,0,False,workbench-pyaes,4538,458,496,"{'length_of_message': 210, 'num_of_iterations': 210}",0,1024,10,71,2304,458,5034,550461440,22
11,4594,10,73,0,2304,d8ed93a2-8793-45df-96b7-21d7bfb7d11d,1723088160950,538320896,4620,RAM2304,11,,3,12140544,10586880,0,False,workbench-pyaes,10401,4595,7845,"{'length_of_message': 710, 'num_of_iterations': 710}",0,1024,80,73,2304,4595,18246,550461440,21
10,7105,10,73,0,640,f33f79a5-8737-4e4c-a65f-5ee534b5e23f,1723088210892,538320896,2550,RAM640,10,,11,12140544,4547840,0,False,workbench-pyaes,7931,7106,7809,"{'length_of_message': 510, 'num_of_iterations': 510}",0,1024,60,73,640,7106,15740,550461440,21
10,2093,10,72,0,2304,5caa62e9-d79c-4e58-9f5e-66d6b69c2989,1723088182482,538320896,2100,RAM2304,10,,3,12140544,4824576,0,False,workbench-pyaes,7729,2094,7779,"{'length_of_message': 510, 'num_of_iterations': 510}",0,1024,60,72,2304,2094,15508,550461440,21
10,5799,10,73,0,1664,43b5bd2e-d9be-4282-83b0-29d193ddcf3a,1723088158146,538320896,5370,RAM1664,10,,4,12140544,9651200,0,False,workbench-pyaes,3276,5800,718,"{'length_of_message': 760, 'num_of_iterations': 760}",0,1024,60,73,1664,5800,3994,550461440,21
10,1576,10,73,0,2304,2f732810-dca1-4ed1-8120-2a13465c0acd,1723088188454,538320896,1590,RAM2304,10,,3,12140544,3633408,0,False,workbench-pyaes,7893,1577,7845,"{'length_of_message': 410, 'num_of_iterations': 410}",0,1024,10,73,2304,1577,15738,550461440,21
9,8185,10,70,0,384,9e4a7f5f-e2f4-47a5-bd29-ae074b27abbc,1723088131922,538324992,1740,RAM384,9,482,18,12136448,3143424,0,True,workbench-pyaes,42,8186,42,"{'length_of_message': 410, 'num_of_iterations': 410}",482,1024,60,70,384,8186,84,550461440,22
10,3504,10,71,0,512,08905e97-95c2-4074-82e5-1764fc6c4002,1723088142284,538320896,1010,RAM512,10,,13,12140544,1794560,0,False,workbench-pyaes,11344,3505,15687,"{'length_of_message': 310, 'num_of_iterations': 310}",0,1024,10,71,512,3505,27031,550461440,22
11,3449,10,74,0,1792,7917868e-d5d1-4ece-aeab-20ea18beb34f,1723088259911,538320896,3480,RAM1792,11,,4,12140544,6182400,0,False,workbench-pyaes,7867,3450,7821,"{'length_of_message': 610, 'num_of_iterations': 610}",0,1024,70,74,1792,3450,15688,550461440,21
10,1247,10,72,0,1408,e5225600-c1ce-40a2-b6a1-5affa7a5cfaf,1723088129439,538320896,990,RAM1408,10,,5,12140544,1757184,0,False,workbench-pyaes,0,1248,0,"{'length_of_message': 310, 'num_of_iterations': 310}",0,1024,10,72,1408,1248,0,550461440,21
10,9645,10,71,0,896,293e8353-9d16-4526-946d-a4bd8521635d,1723088144944,538320896,4820,RAM896,10,,7,12140544,8642816,0,False,workbench-pyaes,11414,9646,16041,"{'length_of_message': 710, 'num_of_iterations': 710}",0,1024,40,71,896,9646,27455,550461440,22
11,1055,10,73,0,3008,6c437c36-87a0-483f-8795-b5bf4b1fa2a2,1723088156647,538320896,1060,RAM3008,11,,2,12140544,3176448,0,False,workbench-pyaes,0,1056,0,"{'length_of_message': 360, 'num_of_iterations': 360}",0,1024,0,73,3008,1056,0,550461440,21
10,122663,10,73,0,128,e145ba6c-01d3-4e7c-9705-46b8bd969757,1723088306512,538320896,8170,RAM128,10,,57,12140544,15700992,0,False,workbench-pyaes,10521,122664,8007,,0,1024,80,73,128,122664,18528,550461440,21
9,596,10,70,0,768,f5290b5b-379a-4ae7-8bdd-503c9c36a311,1723088129115,538324992,270,RAM768,9,,9,12136448,458496,0,False,workbench-pyaes,0,597,0,"{'length_of_message': 160, 'num_of_iterations': 160}",0,1024,50,70,768,597,0,550461440,22
11,1597,10,72,0,2688,bd87bbe3-6016-4e2a-865e-675a183bacf4,1723088137921,538320896,1600,RAM2688,11,,2,12140544,4295424,0,False,workbench-pyaes,4481,1598,496,"{'length_of_message': 410, 'num_of_iterations': 410}",0,1024,0,72,2688,1598,4977,550461440,21
11,8780,10,73,0,512,8142fbbd-94f1-4172-97ca-5ef850200e74,1723088172465,538320896,2500,RAM512,11,,14,12140544,4495872,0,False,workbench-pyaes,7889,8781,7737,"{'length_of_message': 510, 'num_of_iterations': 510}",0,1024,10,73,512,8781,15626,550461440,22
11,1473,9,73,0,1408,d0c7f438-b0d7-4e20-b4e2-3b3637f7c353,1723088159717,538320896,750,RAM1408,11,,5,12140544,2075392,0,False,workbench-pyaes,7861,1474,7875,"{'length_of_message': 310, 'num_of_iterations': 310}",0,1024,30,73,1408,1474,15736,550461440,21
10,6,10,71,0,2816,6e762872-85a4-4efe-81d3-a94d436616f6,1723088128092,538320896,10,RAM2816,10,,2,12140544,19712,0,False,workbench-pyaes,0,7,0,"{'length_of_message': 10, 'num_of_iterations': 10}",0,1024,10,71,2816,7,0,550461440,21
9,7431,10,70,0,512,cd0b25bc-42c4-4673-8e5a-207276c6bfbf,1723088131324,538324992,2080,RAM512,9,476,13,12136448,3805184,0,True,workbench-pyaes,42,7432,42,"{'length_of_message': 460, 'num_of_iterations': 460}",476,1024,80,70,512,7432,84,550461440,26
10,458,10,72,0,2176,5827c286-53d7-489a-9305-d6d737f00b13,1723088143223,538320896,460,RAM2176,10,,3,12140544,998784,0,False,workbench-pyaes,3200,459,496,"{'length_of_message': 210, 'num_of_iterations': 210}",0,1024,0,72,2176,459,3696,550461440,21
9,5676,10,70,0,768,1e462eee-36d0-4121-8613-0934f969ef2a,1723088129337,538324992,2320,RAM768,9,428,9,12136448,4359936,0,True,workbench-pyaes,42,5677,42,"{'length_of_message': 510, 'num_of_iterations': 510}",428,1024,160,70,768,5677,84,550461440,22
9,9651,10,70,0,256,62132656-acfd-4f7c-be38-efa78ce7cad8,1723088133538,538324992,1340,RAM256,9,475,27,12136448,2470912,0,True,workbench-pyaes,42,9652,42,"{'length_of_message': 360, 'num_of_iterations': 360}",475,1024,60,70,256,9652,84,550461440,22
11,4002,10,73,0,2560,84d9f23d-520d-40ac-b31e-a890f58f9173,1723088157625,538320896,4019,RAM2560,11,,2,12140544,10247680,0,False,workbench-pyaes,3203,4003,496,"{'length_of_message': 660, 'num_of_iterations': 660}",0,1024,40,73,2560,4003,3699,550461440,21
11,136,10,72,0,2048,59ef0240-25f3-44c1-80c0-ba0df0a2027e,1723088130084,538320896,150,RAM2048,11,,3,12140544,280576,0,False,workbench-pyaes,120,137,264,"{'length_of_message': 110, 'num_of_iterations': 110}",0,1024,0,72,2048,137,384,550461440,21
11,7,10,71,0,2304,1fe7387c-6bc8-4bf2-9c83-ff4c669bb88d,1723088126711,538320896,10,RAM2304,11,,3,12140544,18432,0,False,workbench-pyaes,494,8,1211,"{'length_of_message': 10, 'num_of_iterations': 10}",0,1024,0,71,2304,8,1705,550461440,22
11,2876,10,72,0,2688,d1212dfc-0551-4458-8a32-91aa44415c9b,1723088148892,538320896,2900,RAM2688,11,,2,12140544,7733376,0,False,workbench-pyaes,3200,2877,496,"{'length_of_message': 560, 'num_of_iterations': 560}",0,1024,10,72,2688,2877,3696,550461440,21
11,4964,11,73,0,896,7ec70cf2-0dc5-4222-98f1-38ac720ec695,1723088174514,538320896,2500,RAM896,11,,8,12140544,4448640,0,False,workbench-pyaes,7899,4965,7845,"{'length_of_message': 510, 'num_of_iterations': 510}",0,1024,40,73,896,4965,15744,550461440,21
11,1574,10,72,0,2304,be944b54-a436-44a6-a35f-ced12f02593e,1723088136434,538320896,1580,RAM2304,11,,3,12140544,3628800,0,False,workbench-pyaes,132,1575,156,"{'length_of_message': 410, 'num_of_iterations': 410}",0,1024,10,72,2304,1575,288,550461440,21
8,12,10,70,0,768,029035b3-3fca-4485-8914-6714ca18ddc8,1723088123705,538324992,70,RAM768,9,477,9,12136448,9984,0,True,workbench-pyaes,42,13,42,"{'length_of_message': 10, 'num_of_iterations': 10}",477,1024,150,70,768,13,84,550461440,22
10,16121,9,73,0,896,ef1bc342-98c5-4658-8001-ca95c9ddc7bf,1723088158042,538320896,8050,RAM896,10,,8,12140544,14445312,0,False,workbench-pyaes,3272,16122,718,"{'length_of_message': 910, 'num_of_iterations': 910}",0,1024,120,73,896,16122,3990,550461440,21
10,1389,10,72,0,896,0c3166bf-71f3-4825-a3fc-024bedae2766,1723088148481,538320896,700,RAM896,10,,8,12140544,1245440,0,False,workbench-pyaes,7891,1390,7779,"{'length_of_message': 260, 'num_of_iterations': 260}",0,1024,30,72,896,1390,15670,550461440,22
10,3769,10,71,0,256,b31cddc5-f16d-409a-9eef-ee063ce52602,1723088135500,538320896,510,RAM256,10,,27,12140544,965120,0,False,workbench-pyaes,11494,3770,16333,"{'length_of_message': 210, 'num_of_iterations': 210}",0,1024,10,71,256,3770,27827,550461440,22
10,267,10,72,0,2688,d8f03916-9364-451a-9866-2f3626ccee83,1723088135763,538320896,280,RAM2688,10,,2,12140544,720384,0,False,workbench-pyaes,3326,268,926,"{'length_of_message': 160, 'num_of_iterations': 160}",0,1024,0,72,2688,268,4252,550461440,21
10,1262,10,72,0,1920,b01ffeaf-838e-4cfb-beff-6a76716d63dc,1723088154258,538320896,1250,RAM1920,10,,3,12140544,2424960,0,False,workbench-pyaes,7893,1263,7845,"{'length_of_message': 360, 'num_of_iterations': 360}",0,1024,20,72,1920,1263,15738,550461440,21
10,4275,9,73,0,896,c33a6287-68bf-418c-afd6-b7e91dce7368,1723088165378,538320896,2150,RAM896,10,,8,12140544,3831296,0,False,workbench-pyaes,7889,4276,7845,"{'length_of_message': 460, 'num_of_iterations': 460}",0,1024,30,73,896,4276,15734,550461440,21
10,143,10,71,0,2432,4980e29d-1133-4393-9f64-014c37c05ae7,1723088127702,538320896,130,RAM2432,11,,2,12140544,350208,0,False,workbench-pyaes,11090,144,15645,"{'length_of_message': 110, 'num_of_iterations': 110}",0,1024,0,71,2432,144,26735,550461440,22
11,3482,10,73,0,1280,e70d7751-8a34-411a-b802-6fa7b4fe87e2,1723088218287,538320896,2500,RAM1280,11,,5,12140544,4458240,0,False,workbench-pyaes,7865,3483,7821,"{'length_of_message': 510, 'num_of_iterations': 510}",0,1024,40,73,1280,3483,15686,550461440,22
11,1595,11,73,0,3008,da01455c-96f1-49c3-88a3-2f14ba9c7c97,1723088190150,538320896,1590,RAM3008,11,,2,12140544,4800768,0,False,workbench-pyaes,3322,1596,760,"{'length_of_message': 410, 'num_of_iterations': 410}",0,1024,50,73,3008,1596,4082,550461440,21
11,5240,10,71,0,1152,3941263e-a0ba-4c25-a061-45ee4cd7c027,1723088139670,538320896,2270,RAM1152,11,,6,12140544,6037632,0,False,workbench-pyaes,3236,5241,538,"{'length_of_message': 560, 'num_of_iterations': 560}",0,1024,10,71,1152,5241,3774,550461440,21
9,14746,10,71,0,768,42b592e5-08ce-41f7-9785-eb1228c59ffb,1723088138600,538324992,6310,RAM768,9,470,9,12136448,11325696,0,True,workbench-pyaes,42,14747,42,"{'length_of_message': 810, 'num_of_iterations': 810}",470,1024,110,71,768,14747,84,550461440,22
11,811,10,72,0,1024,78591561-35df-4ff1-b7aa-becd2fb8c8c0,1723088134040,538320896,470,RAM1024,11,,7,12140544,831488,0,False,workbench-pyaes,4546,812,496,"{'length_of_message': 210, 'num_of_iterations': 210}",0,1024,0,72,1024,812,5042,550461440,21
8,18,10,70,0,896,25227d8e-c07d-4db7-84df-dba016e6f3a2,1723088124340,538324992,20,RAM896,9,488,7,12136448,17024,0,True,workbench-pyaes,42,19,42,"{'length_of_message': 10, 'num_of_iterations': 10}",488,1024,30,70,896,19,84,550461440,22
10,58,10,71,0,1280,6ce812bd-d498-416d-b42a-3591f6a7a08c,1723088126854,538320896,50,RAM1280,10,,5,12140544,75520,0,False,workbench-pyaes,0,59,0,"{'length_of_message': 60, 'num_of_iterations': 60}",0,1024,10,71,1280,59,0,550461440,22
10,2941,10,74,0,2688,176e1374-7034-4e53-8c4a-370312bdbde1,1723088246172,538320896,2970,RAM2688,10,,2,12140544,7908096,0,False,workbench-pyaes,7825,2942,7767,"{'length_of_message': 560, 'num_of_iterations': 560}",0,1024,20,74,2688,2942,15592,550461440,21
11,2879,10,71,0,1152,d9f3303e-5bd7-4ff0-84ac-441ac869af3c,1723088132818,538320896,1270,RAM1152,11,,6,12140544,3317760,0,False,workbench-pyaes,11012,2880,15645,"{'length_of_message': 410, 'num_of_iterations': 410}",0,1024,0,71,1152,2880,26657,550461440,21
10,1230,10,71,0,384,8ed86dc5-0114-4a6e-b90f-0178538ac1cb,1723088129738,538320896,220,RAM384,10,,18,12140544,472704,0,False,workbench-pyaes,11292,1231,16165,"{'length_of_message': 160, 'num_of_iterations': 160}",0,1024,50,71,384,1231,27457,550461440,22
10,1403,10,72,0,1664,30cea706-bdb2-4e44-935d-919d576c9c2e,1723088153131,538320896,1290,RAM1664,10,,4,12140544,2336256,0,False,workbench-pyaes,3281,1404,718,"{'length_of_message': 360, 'num_of_iterations': 360}",0,1024,0,72,1664,1404,3999,550461440,21
10,3561,10,74,0,2688,e14824e0-8977-4954-b001-7ec6dcfaa727,1723088208150,538320896,3570,RAM2688,10,,2,12140544,9574656,0,False,workbench-pyaes,7825,3562,7911,"{'length_of_message': 610, 'num_of_iterations': 610}",0,1024,30,74,2688,3562,15736,550461440,21
9,14580,10,70,0,384,8474b1cb-9983-4050-b8ca-131e1810c14b,1723088138432,538324992,3060,RAM384,9,471,18,12136448,5599104,0,True,workbench-pyaes,42,14581,42,"{'length_of_message': 560, 'num_of_iterations': 560}",471,1024,90,70,384,14581,84,550461440,22
9,246,10,70,0,1024,aa1ba4da-7540-49d5-8651-47742f081bd4,1723088125036,538324992,160,RAM1024,9,481,6,12136448,252928,0,True,workbench-pyaes,42,247,42,"{'length_of_message': 110, 'num_of_iterations': 110}",481,1024,50,70,1024,247,84,550461440,22
11,39929,11,71,0,128,2e6613f2-7d1f-4a22-a1c4-a74939c79a87,1723088203549,538320896,2680,RAM128,11,,55,12140544,5111040,0,False,workbench-pyaes,11498,39930,16201,"{'length_of_message': 510, 'num_of_iterations': 510}",0,1024,30,71,128,39930,27699,550461440,22
11,2412,10,72,0,2688,dfeadfa8-f27a-4025-aa16-11c869cd67a4,1723088144199,538320896,2430,RAM2688,11,,2,12140544,6486144,0,False,workbench-pyaes,4484,2413,496,"{'length_of_message': 510, 'num_of_iterations': 510}",0,1024,20,72,2688,2413,4980,550461440,21
10,786,10,72,0,1536,0a008afe-08a8-4f3d-b0c2-94fb5e6e732f,1723088128252,538320896,680,RAM1536,10,,4,12140544,1208832,0,False,workbench-pyaes,0,787,0,"{'length_of_message': 260, 'num_of_iterations': 260}",0,1024,0,72,1536,787,0,550461440,21
10,677,10,72,0,2944,42aadd1c-6a16-4aeb-8380-a7f3845d2706,1723088140797,538320896,670,RAM2944,10,,2,12140544,1996032,0,False,workbench-pyaes,3197,678,496,"{'length_of_message': 260, 'num_of_iterations': 260}",0,1024,10,72,2944,678,3693,550461440,21
10,4296,10,72,0,1024,c68b0142-b769-4ce4-93cc-46decb5fb9ba,1723088135196,538320896,2480,RAM1024,10,,7,12140544,4400128,0,False,workbench-pyaes,120,4297,264,"{'length_of_message': 510, 'num_of_iterations': 510}",0,1024,30,72,1024,4297,384,550461440,21
10,1631,10,72,0,2048,5fb67e89-6dfe-40b5-a302-893b4c24f334,1723088135598,538320896,1640,RAM2048,10,,3,12140544,3342336,0,False,workbench-pyaes,78,1632,222,"{'length_of_message': 410, 'num_of_iterations': 410}",0,1024,20,72,2048,1632,300,550461440,21
9,173,10,70,0,1408,86bf7e7e-0937-4881-bf83-a53b4147c056,1723088125177,538320896,160,RAM1408,9,,4,12140544,244992,0,False,workbench-pyaes,42,174,42,"{'length_of_message': 110, 'num_of_iterations': 110}",0,1024,20,70,1408,174,84,550461440,22
10,105,10,71,0,768,b1562601-ec93-42be-91aa-6cb0772ce437,1723088126588,538320896,80,RAM768,10,,9,12140544,81408,0,False,workbench-pyaes,11212,106,15909,"{'length_of_message': 60, 'num_of_iterations': 60}",0,1024,20,71,768,106,27121,550461440,22
9,16071,10,70,0,256,30e0dcee-ef1c-4b89-a397-f6eb12ec450b,1723088139783,538324992,2270,RAM256,9,487,27,12136448,4114432,0,True,workbench-pyaes,42,16072,42,"{'length_of_message': 460, 'num_of_iterations': 460}",487,1024,70,70,256,16072,84,550461440,22
10,1141,10,72,0,768,437b923b-9436-48ce-9442-954c6080229c,1723088140719,538320896,520,RAM768,10,,9,12140544,877056,0,False,workbench-pyaes,11286,1142,15975,"{'length_of_message': 210, 'num_of_iterations': 210}",0,1024,50,72,768,1142,27261,550461440,22
8,277,10,70,0,896,899732b1-e8cc-4aff-860a-1fbcd7cd015e,1723088124874,538324992,160,RAM896,9,484,7,12136448,249088,0,True,workbench-pyaes,42,278,42,"{'length_of_message': 110, 'num_of_iterations': 110}",484,1024,50,70,896,278,84,550461440,22
11,787,10,71,0,1536,9fa7d076-b8f6-4b97-af6d-d9b753915ba5,1723088138971,538320896,680,RAM1536,11,,4,12140544,1210368,0,False,workbench-pyaes,11352,788,15909,"{'length_of_message': 260, 'num_of_iterations': 260}",0,1024,20,71,1536,788,27261,550461440,22
11,25007,10,72,0,256,3d9453ad-3453-4c0a-8834-e9ee60761326,1723088204493,538320896,2850,RAM256,11,,28,12140544,6402048,0,False,workbench-pyaes,11490,25008,16107,"{'length_of_message': 610, 'num_of_iterations': 610}",0,1024,50,72,256,25008,27597,550461440,22
11,1333,10,72,0,1280,8d846382-f584-4642-821b-51bf8fa3974e,1723088144847,538320896,960,RAM1280,11,,5,12140544,1707520,0,False,workbench-pyaes,3198,1334,496,"{'length_of_message': 310, 'num_of_iterations': 310}",0,1024,10,72,1280,1334,3694,550461440,21
9,22783,9,71,0,512,fd294ec9-807a-4f0a-a98d-2824033f6e81,1723088146654,538324992,6450,RAM512,9,487,13,12136448,11665408,0,True,workbench-pyaes,42,22784,42,"{'length_of_message': 810, 'num_of_iterations': 810}",487,1024,120,71,512,22784,84,550461440,22
11,10471,10,73,0,512,a6554617-6bef-4eb8-a783-518200bd5bfa,1723088183506,538320896,2990,RAM512,11,,14,12140544,5361664,0,False,workbench-pyaes,7823,10472,7899,"{'length_of_message': 560, 'num_of_iterations': 560}",0,1024,10,73,512,10472,15722,550461440,21
9,12722,10,70,0,256,416b5958-2dd3-4061-92ee-ef7a6320d0fd,1723088136646,538324992,1760,RAM256,9,508,27,12136448,3257088,0,True,workbench-pyaes,42,12723,42,"{'length_of_message': 410, 'num_of_iterations': 410}",508,1024,70,70,256,12723,84,550461440,22
11,5897,10,73,0,2432,3ed76352-77f7-464b-8f2e-a88d6aecf7f0,1723088172611,538320896,5880,RAM2432,11,,3,12140544,14343936,0,False,workbench-pyaes,3320,5898,760,"{'length_of_message': 810, 'num_of_iterations': 810}",0,1024,30,73,2432,5898,4080,550461440,21
10,4147,10,73,0,2688,0a03ff0e-6506-4f22-9c63-71314a259c2e,1723088158905,538320896,4170,RAM2688,10,,2,12140544,11149824,0,False,workbench-pyaes,3274,4148,718,"{'length_of_message': 660, 'num_of_iterations': 660}",0,1024,10,73,2688,4148,3992,550461440,21
11,134,10,71,0,1792,11dd8283-e176-47b9-bfc0-9126662187e5,1723088127437,538320896,140,RAM1792,11,,3,12140544,241920,0,False,workbench-pyaes,4412,135,0,"{'length_of_message': 110, 'num_of_iterations': 110}",0,1024,10,71,1792,135,4412,550461440,22
10,2247,10,73,0,768,6a1f786a-4a4e-4733-a302-1633e5cdbb92,1723088155922,538320896,970,RAM768,11,,9,12140544,1726464,0,False,workbench-pyaes,3198,2248,496,"{'length_of_message': 310, 'num_of_iterations': 310}",0,1024,20,73,768,2248,3694,550461440,22
10,7394,10,71,0,256,bdbd1675-3680-4066-8e7e-46a2a019c118,1723088146183,538320896,1130,RAM256,10,,27,12140544,1893120,0,False,workbench-pyaes,11168,7395,16231,"{'length_of_message': 310, 'num_of_iterations': 310}",0,1024,60,71,256,7395,27399,550461440,22
10,675,10,72,0,2560,715f5d51-e6ce-45ec-953a-4ae3c7ed27ef,1723088129734,538320896,680,RAM2560,10,,2,12140544,1730560,0,False,workbench-pyaes,0,676,0,"{'length_of_message': 260, 'num_of_iterations': 260}",0,1024,20,72,2560,676,0,550461440,21
10,5,10,71,0,1920,43b22706-592c-4350-8c55-5edad875541b,1723088127816,538320896,0,RAM1920,10,,3,12140544,11520,0,False,workbench-pyaes,0,6,0,"{'length_of_message': 10, 'num_of_iterations': 10}",0,1024,0,71,1920,6,0,550461440,22
11,1440,10,72,0,1536,6ec00a27-c8cc-42c2-a94a-9f996bba68e6,1723088153144,538320896,1250,RAM1536,11,,4,12140544,2213376,0,False,workbench-pyaes,7825,1441,7737,"{'length_of_message': 360, 'num_of_iterations': 360}",0,1024,20,72,1536,1441,15562,550461440,22
,,,,,2688,07a30e06-bfbf-4fbc-b1a5-2b457929c55d,1723088264165,,,,,,,,,,,,,3573,,"{'length_of_message': 610, 'num_of_iterations': 610}",,,,74,,,,,
10,2525,11,71,0,512,8ef4bc7a-d744-4fb4-8b9a-a0bdbd958df9,1723088137111,538320896,710,RAM512,10,,13,12140544,1293312,0,False,workbench-pyaes,11170,2526,15645,"{'length_of_message': 260, 'num_of_iterations': 260}",0,1024,10,71,512,2526,26815,550461440,22
8,102,9,70,0,896,9730d9e5-9c3d-4b61-891b-a38cf0b6935e,1723088124465,538324992,80,RAM896,9,477,7,12136448,92288,0,True,workbench-pyaes,42,103,42,"{'length_of_message': 60, 'num_of_iterations': 60}",477,1024,50,70,896,103,84,550461440,22
9,197,10,70,0,1152,4fedb379-e17f-4f07-8485-42f0857fa9a7,1723088125144,538324992,150,RAM1152,9,426,6,12136448,228096,0,True,workbench-pyaes,42,198,42,"{'length_of_message': 110, 'num_of_iterations': 110}",426,1024,40,70,1152,198,84,550461440,22
8,113,10,70,0,2304,e018236b-c235-4781-897f-bf1160a6cd63,1723088125895,538324992,140,RAM2304,9,406,3,12136448,262656,0,True,workbench-pyaes,42,114,42,"{'length_of_message': 110, 'num_of_iterations': 110}",406,1024,30,70,2304,114,84,550461440,22
11,6980,10,73,0,2304,128aba85-41b4-4816-bd67-092b82c9f3ad,1723088188578,538320896,7010,RAM2304,11,,3,12140544,16084224,0,False,workbench-pyaes,7907,6981,7851,"{'length_of_message': 960, 'num_of_iterations': 960}",0,1024,80,73,2304,6981,15758,550461440,21
9,263,10,70,0,2816,87cd2b10-8060-41fb-98c8-8130930badcf,1723088126370,538320896,280,RAM2816,9,,2,12140544,743424,0,False,workbench-pyaes,42,264,42,"{'length_of_message': 160, 'num_of_iterations': 160}",0,1024,20,70,2816,264,84,550461440,22
10,403,10,71,0,2304,a7cbae03-2807-4aa4-8158-65d9f906c33a,1723088135557,538320896,400,RAM2304,10,,3,12140544,930816,0,False,workbench-pyaes,11396,404,15711,"{'length_of_message': 210, 'num_of_iterations': 210}",0,1024,20,71,2304,404,27107,550461440,22
9,17989,10,71,0,768,23f5feee-bb08-4dba-8ccc-2a270d63695f,1723088141865,538324992,7690,RAM768,9,488,9,12136448,13816320,0,True,workbench-pyaes,42,17990,42,"{'length_of_message': 910, 'num_of_iterations': 910}",488,1024,130,71,768,17990,84,550461440,22
10,7379,10,73,0,640,e8bd05bd-dd04-4919-8b7a-18278c5bf18a,1723088171076,538320896,2640,RAM640,10,,11,12140544,4723200,0,False,workbench-pyaes,7955,7380,7803,"{'length_of_message': 510, 'num_of_iterations': 510}",0,1024,50,73,640,7380,15758,550461440,21
,,,,,1408,2db61a0f-007e-4744-8037-40a71298ccc7,1723088256551,,,,,,,,,,,,,4622,,"{'length_of_message': 610, 'num_of_iterations': 610}",,,,74,,,,,
11,817,10,71,0,1024,f9f59e06-4c53-462c-bb2e-43bb5ae73b87,1723088126111,538320896,470,RAM1024,11,,6,12140544,837632,0,False,workbench-pyaes,3132,818,66,"{'length_of_message': 210, 'num_of_iterations': 210}",0,1024,20,71,1024,818,3198,550461440,22
10,48652,10,71,0,128,53b2947a-c90e-4e1d-bd2e-9dbcf01f1e60,1723088270917,538320896,3270,RAM128,10,,55,12140544,6227584,0,False,workbench-pyaes,8047,48653,7779,"{'length_of_message': 560, 'num_of_iterations': 560}",0,1024,50,71,128,48653,15826,550461440,22
10,5,10,71,0,1024,7d31c6b9-c647-4526-8f38-c382c3b45941,1723088127539,538320896,0,RAM1024,10,,6,12140544,6144,0,False,workbench-pyaes,0,6,0,"{'length_of_message': 10, 'num_of_iterations': 10}",0,1024,0,71,1024,6,0,550461440,22
8,7,10,70,0,2688,efb5a90a-e0cb-45b3-9a89-bdeaeaf981cb,1723088125758,538324992,40,RAM2688,9,471,2,12136448,21504,0,True,workbench-pyaes,42,8,42,"{'length_of_message': 10, 'num_of_iterations': 10}",471,1024,50,70,2688,8,84,550461440,22
10,457,10,72,0,1920,4b9b0e53-5292-4ad5-ad00-d13944f87ed2,1723088143127,538320896,470,RAM1920,10,,3,12140544,879360,0,False,workbench-pyaes,3196,458,496,"{'length_of_message': 210, 'num_of_iterations': 210}",0,1024,20,72,1920,458,3692,550461440,21
10,2062,11,73,0,2176,76a28308-6ab5-4a12-aaf8-b094e75c4856,1723088181179,538320896,2070,RAM2176,10,,3,12140544,4489088,0,False,workbench-pyaes,7803,2063,7875,"{'length_of_message': 510, 'num_of_iterations': 510}",0,1024,10,73,2176,2063,15678,550461440,21
10,2524,9,72,0,1408,d3c21e0f-cc33-4c15-9315-ddd2341c457d,1723088168186,538320896,2009,RAM1408,10,,5,12140544,3555200,0,False,workbench-pyaes,7817,2525,7545,"{'length_of_message': 460, 'num_of_iterations': 460}",0,1024,30,72,1408,2525,15362,550461440,22
10,453,10,71,0,2816,153d7b61-d3a8-41f3-90a0-1189c8eed465,1723088143769,538320896,460,RAM2816,10,,2,12140544,1278464,0,False,workbench-pyaes,3195,454,496,"{'length_of_message': 210, 'num_of_iterations': 210}",0,1024,0,71,2816,454,3691,550461440,22
11,5,10,72,0,2432,33155f8b-7fc5-41ed-9a5d-909b3398071d,1723088128036,538320896,10,RAM2432,11,,2,12140544,14592,0,False,workbench-pyaes,0,6,0,"{'length_of_message': 10, 'num_of_iterations': 10}",0,1024,0,72,2432,6,0,550461440,21
11,2035,10,72,0,1408,1b46160b-fb7b-46d5-86de-922facba3c08,1723088159458,538320896,1620,RAM1408,11,,5,12140544,2866688,0,False,workbench-pyaes,7887,2036,7803,"{'length_of_message': 410, 'num_of_iterations': 410}",0,1024,50,72,1408,2036,15690,550461440,21
9,355,10,70,0,256,e3d55d0b-6700-457b-9d7a-bb8a5016d984,1723088127873,538324992,50,RAM256,9,,27,12136448,91136,0,False,workbench-pyaes,42,356,42,"{'length_of_message': 60, 'num_of_iterations': 60}",0,1024,30,70,256,356,84,550461440,22
11,574,10,72,0,3008,258ec3ac-6652-4c4e-b79e-8e5d7a118af5,1723088140918,538320896,580,RAM3008,11,,2,12140544,1729600,0,False,workbench-pyaes,4490,575,496,"{'length_of_message': 260, 'num_of_iterations': 260}",0,1024,10,72,3008,575,4986,550461440,21
10,985,9,72,0,896,a4900eb1-8fc4-4a04-9ab3-e1ac6ef265dc,1723088141759,538320896,500,RAM896,10,,8,12140544,883456,0,False,workbench-pyaes,7859,986,7713,"{'length_of_message': 210, 'num_of_iterations': 210}",0,1024,10,72,896,986,15572,550461440,21
11,1580,9,73,0,2560,77ba2049-3364-4144-9573-6e13bcb8faa6,1723088188893,538320896,1630,RAM2560,11,,2,12140544,4047360,0,False,workbench-pyaes,7863,1581,7755,"{'length_of_message': 410, 'num_of_iterations': 410}",0,1024,40,73,2560,1581,15618,550461440,21
11,1595,9,72,0,2560,9dabac84-dda3-4f17-b615-956c7436d9a0,1723088162934,538320896,1600,RAM2560,11,,2,12140544,4085760,0,False,workbench-pyaes,7663,1596,7545,"{'length_of_message': 410, 'num_of_iterations': 410}",0,1024,10,72,2560,1596,15208,550461440,21
11,262,10,71,0,2432,ffbfa233-a8d2-4343-aba5-1d90959bcb34,1723088135440,538320896,270,RAM2432,11,,2,12140544,639616,0,False,workbench-pyaes,3272,263,718,"{'length_of_message': 160, 'num_of_iterations': 160}",0,1024,10,71,2432,263,3990,550461440,22
11,952,11,72,0,3008,0566c141-307c-44c8-95d1-c9795ab61737,1723088162437,538320896,970,RAM3008,11,,2,12140544,2866624,0,False,workbench-pyaes,7667,953,7557,"{'length_of_message': 310, 'num_of_iterations': 310}",0,1024,0,72,3008,953,15224,550461440,21
11,460,10,71,0,2432,43f37a83-11a3-43a2-adca-0b747f1abc68,1723088143658,538320896,470,RAM2432,11,,2,12140544,1121152,0,False,workbench-pyaes,3196,461,496,"{'length_of_message': 210, 'num_of_iterations': 210}",0,1024,10,71,2432,461,3692,550461440,22
11,1279,10,72,0,2048,a8239f97-197b-44ad-81c1-ae3fda4641f9,1723088154487,538320896,1300,RAM2048,11,,3,12140544,2621440,0,False,workbench-pyaes,7673,1280,7623,"{'length_of_message': 360, 'num_of_iterations': 360}",0,1024,20,72,2048,1280,15296,550461440,21
11,2294,10,74,0,1792,49ee64b2-7cad-46ed-a786-62346ebeed41,1723088180338,538320896,2120,RAM1792,11,,4,12140544,4112640,0,False,workbench-pyaes,7869,2295,7941,"{'length_of_message': 510, 'num_of_iterations': 510}",0,1024,10,74,1792,2295,15810,550461440,21
11,4738,10,73,0,768,56abdf14-df8f-4443-8e90-f8091eb34002,1723088161044,538320896,2029,RAM768,11,,9,12140544,3639552,0,False,workbench-pyaes,3274,4739,718,"{'length_of_message': 460, 'num_of_iterations': 460}",0,1024,30,73,768,4739,3992,550461440,22
10,1216,10,72,0,1024,cdd73ad8-a7ba-4ff8-8063-e8d19ed9bc73,1723088148688,538320896,760,RAM1024,10,,7,12140544,1246208,0,False,workbench-pyaes,8001,1217,7953,"{'length_of_message': 260, 'num_of_iterations': 260}",0,1024,80,72,1024,1217,15954,550461440,21
11,5,10,71,0,896,a8810c54-b793-419f-ac60-254bf29595a3,1723088126313,538320896,0,RAM896,11,,7,12140544,5376,0,False,workbench-pyaes,0,6,0,"{'length_of_message': 10, 'num_of_iterations': 10}",0,1024,10,71,896,6,0,550461440,22
10,6056,10,72,0,2688,8a9cdcea-30c6-48c9-b184-dfc3f685d13c,1723088173697,538320896,6060,RAM2688,10,,2,12140544,16281216,0,False,workbench-pyaes,7829,6057,7803,"{'length_of_message': 810, 'num_of_iterations': 810}",0,1024,50,72,2688,6057,15632,550461440,22
11,9538,9,73,0,1024,95bc8037-d428-44ec-acc8-aa9f35a462c3,1723088149022,538320896,5480,RAM1024,11,,7,12140544,9767936,0,False,workbench-pyaes,78,9539,222,"{'length_of_message': 760, 'num_of_iterations': 760}",0,1024,100,73,1024,9539,300,550461440,21
10,288,10,71,0,1664,c347da07-185e-4e94-bae6-362a9055d87e,1723088130544,538320896,260,RAM1664,10,,4,12140544,480896,0,False,workbench-pyaes,0,289,0,"{'length_of_message': 160, 'num_of_iterations': 160}",0,1024,20,71,1664,289,0,550461440,21
10,50,10,71,0,2560,c7f8e5c1-bce5-41c9-badb-7c2791062073,1723088127222,538320896,50,RAM2560,10,,2,12140544,130560,0,False,workbench-pyaes,9562,51,8569,"{'length_of_message': 60, 'num_of_iterations': 60}",0,1024,0,71,2560,51,18131,550461440,22
10,946,10,71,0,2048,abfc0818-08f3-4830-b702-66ec50aa6efe,1723088130503,538320896,940,RAM2048,10,,3,12140544,1939456,0,False,workbench-pyaes,0,947,0,"{'length_of_message': 310, 'num_of_iterations': 310}",0,1024,10,71,2048,947,0,550461440,21
10,981,9,71,0,896,4ce3046e-7067-409f-a6b3-a54a3b3d1762,1723088133880,538320896,500,RAM896,10,,7,12140544,879872,0,False,workbench-pyaes,3275,982,718,"{'length_of_message': 210, 'num_of_iterations': 210}",0,1024,10,71,896,982,3993,550461440,22
10,2838,10,73,0,1920,9171211c-3bb4-4fec-bed6-a08df4fe10d9,1723088242672,538320896,2850,RAM1920,10,,3,12140544,5450880,0,False,workbench-pyaes,7693,2839,7833,"{'length_of_message': 560, 'num_of_iterations': 560}",0,1024,30,73,1920,2839,15526,550461440,21
11,4073,10,73,0,1024,cea19d3c-e27c-4001-ad6d-a83ded9e6f4b,1723088175202,538320896,2130,RAM1024,11,,7,12140544,4171776,0,False,workbench-pyaes,3322,4074,760,"{'length_of_message': 510, 'num_of_iterations': 510}",0,1024,0,73,1024,4074,4082,550461440,21
11,652,10,72,0,1280,f383b5cc-e77f-4060-9684-90be20c23d2a,1723088142477,538320896,490,RAM1280,11,,5,12140544,835840,0,False,workbench-pyaes,10257,653,7611,"{'length_of_message': 210, 'num_of_iterations': 210}",0,1024,10,72,1280,653,17868,550461440,21
10,907,10,72,0,1408,2ebbe022-e6af-469c-8e33-5a4d6c50e359,1723088138822,538320896,730,RAM1408,10,,5,12140544,1278464,0,False,workbench-pyaes,10381,908,7581,"{'length_of_message': 260, 'num_of_iterations': 260}",0,1024,20,72,1408,908,17962,550461440,21
11,2110,10,73,0,1024,4fa37d94-504f-4091-8e26-16b616c84e68,1723088170583,538320896,1100,RAM1024,11,,7,12140544,2161664,0,False,workbench-pyaes,7747,2111,7581,"{'length_of_message': 360, 'num_of_iterations': 360}",0,1024,10,73,1024,2111,15328,550461440,21
10,2093,10,71,0,2304,49d20d6c-a990-497f-81e1-37d76cbd6e33,1723088142882,538320896,2100,RAM2304,10,,3,12140544,4824576,0,False,workbench-pyaes,3195,2094,496,"{'length_of_message': 510, 'num_of_iterations': 510}",0,1024,10,71,2304,2094,3691,550461440,22
10,1747,10,72,0,2304,503978c4-522f-484f-9dc8-77a943083c4f,1723088172029,538320896,1760,RAM2304,10,,3,12140544,4027392,0,False,workbench-pyaes,7671,1748,7623,"{'length_of_message': 460, 'num_of_iterations': 460}",0,1024,10,72,2304,1748,15294,550461440,21
10,2404,10,72,0,2176,0843f6ca-da38-4b70-860a-03b62c797d37,1723088141736,538320896,2410,RAM2176,10,,3,12140544,5233280,0,False,workbench-pyaes,3203,2405,496,"{'length_of_message': 510, 'num_of_iterations': 510}",0,1024,20,72,2176,2405,3699,550461440,21
10,4606,10,73,0,640,edbb014e-ce8f-4727-86d7-37172bec8430,1723088180289,538320896,1670,RAM640,10,,11,12140544,2948480,0,False,workbench-pyaes,7889,4607,7779,"{'length_of_message': 410, 'num_of_iterations': 410}",0,1024,10,73,640,4607,15668,550461440,22
11,5219,10,73,0,1920,ee77e51c-99fa-4c27-8610-83492b57f437,1723088161695,538320896,5210,RAM1920,11,,3,12140544,10022400,0,False,workbench-pyaes,3278,5220,718,"{'length_of_message': 760, 'num_of_iterations': 760}",0,1024,40,73,1920,5220,3996,550461440,21
11,1561,10,74,0,1920,bdae4d2b-da00-4bd4-9dff-de052ad4b06b,1723088186832,538320896,1580,RAM1920,11,,3,12140544,2999040,0,False,workbench-pyaes,7787,1562,7599,"{'length_of_message': 410, 'num_of_iterations': 410}",0,1024,20,74,1920,1562,15386,550461440,21
11,1986,10,74,0,2432,f4a8d278-b727-452d-a0f5-8a69647f53fb,1723088204810,538320896,2009,RAM2432,11,,3,12140544,4832384,0,False,workbench-pyaes,7801,1987,7821,"{'length_of_message': 460, 'num_of_iterations': 460}",0,1024,40,74,2432,1987,15622,550461440,21
11,3434,10,73,0,2304,0e6fd701-3280-427e-807c-d4172aecd575,1723088151521,538320896,3450,RAM2304,11,,3,12140544,7914240,0,False,workbench-pyaes,3198,3435,496,"{'length_of_message': 610, 'num_of_iterations': 610}",0,1024,10,73,2304,3435,3694,550461440,21
10,2820,10,72,0,2816,3808b670-701e-4454-a2a7-0d9000e30105,1723088149238,538320896,2830,RAM2816,10,,2,12140544,7943936,0,False,workbench-pyaes,3195,2821,496,"{'length_of_message': 560, 'num_of_iterations': 560}",0,1024,30,72,2816,2821,3691,550461440,21
10,2019,9,72,0,640,85cd3ad6-6f17-4d0d-9737-52266fa5c854,1723088147415,538320896,710,RAM640,10,,11,12140544,1292800,0,False,workbench-pyaes,11422,2020,15909,"{'length_of_message': 260, 'num_of_iterations': 260}",0,1024,40,72,640,2020,27331,550461440,22
11,684,10,71,0,2176,07c8b4fc-f44b-433e-a449-b11e313fdba3,1723088150530,538320896,700,RAM2176,11,,3,12140544,1490560,0,False,workbench-pyaes,0,685,0,"{'length_of_message': 260, 'num_of_iterations': 260}",0,1024,0,71,2176,685,0,550461440,22
9,466,10,70,0,1152,c42a9216-82d8-4d17-85d2-a6896f55ec70,1723088134728,538324992,220,RAM1152,9,354,6,12136448,537984,0,True,workbench-pyaes,42,467,42,"{'length_of_message': 160, 'num_of_iterations': 160}",354,1024,60,70,1152,467,84,550461440,21
11,105367,10,72,0,128,3d02125f-8163-41a5-b095-d1f5755791df,1723088349789,538320896,6400,RAM128,11,,56,12140544,13487104,0,False,workbench-pyaes,11996,105368,16251,,0,1024,50,72,128,105368,28247,550461440,21
8,320,10,70,0,768,7d10c2c9-8bdc-4490-9ab8-0b27f529c569,1723088123984,538324992,130,RAM768,9,393,9,12136448,246528,0,True,workbench-pyaes,42,321,42,"{'length_of_message': 110, 'num_of_iterations': 110}",393,1024,50,70,768,321,84,550461440,22
11,2860,10,72,0,2944,42dd0243-77cd-450f-bbe8-8f58d9574bf8,1723088150161,538320896,2880,RAM2944,11,,2,12140544,8422784,0,False,workbench-pyaes,3195,2861,496,"{'length_of_message': 560, 'num_of_iterations': 560}",0,1024,10,72,2944,2861,3691,550461440,21
10,300,10,71,0,1664,c65729f5-6ad1-4ed7-9a6e-f23878c1d825,1723088125683,538320896,280,RAM1664,10,,4,12140544,500864,0,False,workbench-pyaes,14459,301,16273,"{'length_of_message': 160, 'num_of_iterations': 160}",0,1024,10,71,1664,301,30732,550461440,22
10,2363,10,71,0,1920,30f01dc8-2a39-4c1d-8182-6800810a90bf,1723088140815,538320896,2370,RAM1920,10,,3,12140544,4538880,0,False,workbench-pyaes,3204,2364,496,"{'length_of_message': 510, 'num_of_iterations': 510}",0,1024,20,71,1920,2364,3700,550461440,22
11,1699,9,73,0,1024,ab7b6059-9255-42b6-aa58-32df34a7d29f,1723088158184,538320896,1720,RAM1024,11,,7,12140544,1740800,0,False,workbench-pyaes,7931,1700,7845,"{'length_of_message': 310, 'num_of_iterations': 310}",0,1024,490,73,1024,1700,15776,550461440,21
10,86238,10,72,0,128,6db6b69e-b16b-4a35-9e74-8120d7ce982a,1723088331149,538320896,5760,RAM128,10,,56,12140544,11038592,0,False,workbench-pyaes,7977,86239,7809,,0,1024,60,72,128,86239,15786,550461440,21
10,48,10,71,0,2816,d4929c41-99d5-4dc9-b51d-79af3ed39f77,1723088128304,538320896,50,RAM2816,10,,2,12140544,137984,0,False,workbench-pyaes,0,49,0,"{'length_of_message': 60, 'num_of_iterations': 60}",0,1024,0,71,2816,49,0,550461440,21
10,664,10,72,0,2816,e970e999-b4d7-4f32-a028-0339ed0558d1,1723088151345,538320896,690,RAM2816,10,,2,12140544,1872640,0,False,workbench-pyaes,3200,665,496,"{'length_of_message': 260, 'num_of_iterations': 260}",0,1024,0,72,2816,665,3696,550461440,21
11,6675,10,72,0,2432,ec35b451-b2b3-4689-8ae3-e9aabbf7ebae,1723088178547,538320896,6700,RAM2432,11,,2,12140544,16236032,0,False,workbench-pyaes,7853,6676,7809,"{'length_of_message': 860, 'num_of_iterations': 860}",0,1024,60,72,2432,6676,15662,550461440,22
11,1221,10,72,0,2432,400fcfb8-e024-4faa-b847-4ac381fa2459,1723088155535,538320896,1230,RAM2432,11,,2,12140544,2971904,0,False,workbench-pyaes,3196,1222,496,"{'length_of_message': 360, 'num_of_iterations': 360}",0,1024,10,72,2432,1222,3692,550461440,21
10,135,9,71,0,2560,d3938a2c-f6cb-48a8-a088-218143906f0f,1723088127774,538320896,150,RAM2560,10,,2,12140544,348160,0,False,workbench-pyaes,11154,136,15645,"{'length_of_message': 110, 'num_of_iterations': 110}",0,1024,0,71,2560,136,26799,550461440,22
,,,,,1024,3625dbff-1f21-4b13-b0cb-92ffddfef2c2,1723088251878,,,,,,,,,,,,,5875,,"{'length_of_message': 610, 'num_of_iterations': 610}",,,,73,,,,,
10,11641,10,71,0,128,7459081e-d933-43f6-8f1d-e9a9198b60fb,1723088157012,538320896,780,RAM128,11,,55,12140544,1490176,0,False,workbench-pyaes,11498,11642,16201,"{'length_of_message': 260, 'num_of_iterations': 260}",0,1024,0,71,128,11642,27699,550461440,22
9,15526,9,71,0,640,412450ce-e837-4337-a630-80debb427eaf,1723088139429,538324992,5520,RAM640,9,489,11,12136448,9937280,0,True,workbench-pyaes,42,15527,42,"{'length_of_message': 760, 'num_of_iterations': 760}",489,1024,90,71,640,15527,84,550461440,22
10,50,10,71,0,2944,a6a8c917-7f5e-4567-a575-05535cab346d,1723088127269,538320896,50,RAM2944,10,,2,12140544,150144,0,False,workbench-pyaes,9624,51,8635,"{'length_of_message': 60, 'num_of_iterations': 60}",0,1024,0,71,2944,51,18259,550461440,21
8,363,10,70,0,1280,3aeb198a-34ed-405f-926f-12768dc746ef,1723088135055,538324992,270,RAM1280,9,487,5,12136448,465920,0,True,workbench-pyaes,42,364,42,"{'length_of_message': 160, 'num_of_iterations': 160}",487,1024,40,70,1280,364,84,550461440,22
9,37224,10,71,0,384,5f1c3a24-2756-4d11-9b24-c801cf5ab237,1723088161095,538324992,7770,RAM384,9,485,18,12136448,14294400,0,True,workbench-pyaes,42,37225,42,"{'length_of_message': 910, 'num_of_iterations': 910}",485,1024,170,71,384,37225,84,550461440,22
11,48,10,71,0,2432,f21be0d6-0790-4820-97c2-68861a3b2206,1723088127125,538320896,50,RAM2432,11,,2,12140544,119168,0,False,workbench-pyaes,614,49,1187,"{'length_of_message': 60, 'num_of_iterations': 60}",0,1024,10,71,2432,49,1801,550461440,22
10,1236,10,72,0,2560,2bfd61cb-eb5a-4be4-8749-1a6eef679870,1723088134385,538320896,1250,RAM2560,10,,2,12140544,3166720,0,False,workbench-pyaes,0,1237,0,"{'length_of_message': 360, 'num_of_iterations': 360}",0,1024,20,72,2560,1237,0,550461440,21
11,5,10,72,0,2304,6196d5ea-21af-4f4d-be81-0e2fef054d28,1723088128019,538320896,10,RAM2304,11,,3,12140544,13824,0,False,workbench-pyaes,0,6,0,"{'length_of_message': 10, 'num_of_iterations': 10}",0,1024,0,72,2304,6,0,550461440,21
11,3450,10,71,0,384,e66b7408-c55e-4c6c-a9bc-344f680642e2,1723088148851,538320896,720,RAM384,11,,18,12140544,1325184,0,False,workbench-pyaes,3202,3451,496,"{'length_of_message': 260, 'num_of_iterations': 260}",0,1024,20,71,384,3451,3698,550461440,22
10,688,10,71,0,2176,c7721944-94c1-45e1-9be4-66e2f6522fe3,1723088139964,538320896,700,RAM2176,11,,3,12140544,1499264,0,False,workbench-pyaes,11288,689,15711,"{'length_of_message': 260, 'num_of_iterations': 260}",0,1024,0,71,2176,689,26999,550461440,22
11,8348,10,74,0,2048,8cedf7ca-940a-46bc-aae6-9d35356f4a03,1723088184918,538320896,8280,RAM2048,11,,3,12140544,17098752,0,False,workbench-pyaes,3320,8349,760,"{'length_of_message': 960, 'num_of_iterations': 960}",0,1024,40,74,2048,8349,4080,550461440,21
8,62,10,70,0,1408,d4d5d2d4-83b0-4942-9f8b-bae1eea8141d,1723088124962,538324992,50,RAM1408,9,499,4,12136448,88704,0,True,workbench-pyaes,0,63,0,"{'length_of_message': 60, 'num_of_iterations': 60}",499,1024,30,70,1408,63,0,550461440,22
11,48,10,71,0,2304,2a42d191-8e8a-4e9d-a161-8fb55788eb94,1723088127104,538320896,40,RAM2304,11,,3,12140544,112896,0,False,workbench-pyaes,9222,49,8010,"{'length_of_message': 60, 'num_of_iterations': 60}",0,1024,0,71,2304,49,17232,550461440,22
9,4568,10,70,0,768,cbc52c74-3428-4605-ab51-bda8bb23a155,1723088128399,538324992,1790,RAM768,9,412,9,12136448,3508992,0,True,workbench-pyaes,42,4569,42,"{'length_of_message': 460, 'num_of_iterations': 460}",412,1024,50,70,768,4569,84,550461440,22
11,230,9,70,0,1024,4d176270-05da-4eca-9d99-6fe2a3d4772a,1723088127098,538320896,140,RAM1024,11,,6,12140544,236544,0,False,workbench-pyaes,0,231,0,"{'length_of_message': 110, 'num_of_iterations': 110}",0,1024,0,70,1024,231,0,550461440,22
9,139,10,70,0,2944,7a241d7f-4ff7-4ac0-9056-7162f7b61e38,1723088126097,538324992,130,RAM2944,9,,2,12136448,412160,0,False,workbench-pyaes,0,140,0,"{'length_of_message': 110, 'num_of_iterations': 110}",0,1024,20,70,2944,140,0,550461440,22
11,4623,10,72,0,2944,7858f7e7-52d1-4cfe-9e67-743c4e666ab8,1723088165583,538320896,4640,RAM2944,11,,2,12140544,13613056,0,False,workbench-pyaes,3279,4624,718,"{'length_of_message': 710, 'num_of_iterations': 710}",0,1024,20,72,2944,4624,3997,550461440,21
10,1062,10,72,0,1664,f1bcebea-8421-4959-b182-3a65ff0b0ac1,1723088144860,538320896,970,RAM1664,10,,4,12140544,1768832,0,False,workbench-pyaes,78,1063,222,"{'length_of_message': 310, 'num_of_iterations': 310}",0,1024,0,72,1664,1063,300,550461440,22
10,765,10,71,0,1664,57d7b078-5a35-4fff-ba21-fdfd20f8bd8c,1723088128364,538320896,700,RAM1664,10,,4,12140544,1274624,0,False,workbench-pyaes,4478,766,496,"{'length_of_message': 260, 'num_of_iterations': 260}",0,1024,10,71,1664,766,4974,550461440,21
10,81,10,71,0,896,cb44f699-accc-4424-944e-2219518ff072,1723088127799,538320896,40,RAM896,10,,7,12140544,73472,0,False,workbench-pyaes,3134,82,66,"{'length_of_message': 60, 'num_of_iterations': 60}",0,1024,0,71,896,82,3200,550461440,22
11,389,10,72,0,3008,2e991d11-38af-4bc1-bbd6-d35180dfad53,1723088144049,538320896,390,RAM3008,11,,2,12140544,1173120,0,False,workbench-pyaes,78,390,222,"{'length_of_message': 210, 'num_of_iterations': 210}",0,1024,0,72,3008,390,300,550461440,21
11,667,10,72,0,2432,f74cb053-bee9-47c3-bf9e-bafdfffd7ed3,1723088151053,538320896,670,RAM2432,11,,2,12140544,1624576,0,False,workbench-pyaes,3196,668,496,"{'length_of_message': 260, 'num_of_iterations': 260}",0,1024,10,72,2432,668,3692,550461440,21
11,7152,10,73,0,1792,fb943eb2-a8c1-4d16-9988-7a57637b8751,1723088176769,538320896,6560,RAM1792,11,,4,12140544,12818176,0,False,workbench-pyaes,7887,7153,7833,"{'length_of_message': 910, 'num_of_iterations': 910}",0,1024,60,73,1792,7153,15720,550461440,21
11,6607,10,73,0,1920,a3146e64-9a25-4be3-a097-f2ad0ba63168,1723088171821,538320896,6620,RAM1920,11,,3,12140544,12687360,0,False,workbench-pyaes,7823,6608,7935,"{'length_of_message': 860, 'num_of_iterations': 860}",0,1024,70,73,1920,6608,15758,550461440,21
11,1970,10,74,0,2560,4e56438d-2cef-4452-8454-fab42740a693,1723088205422,538320896,1990,RAM2560,11,,2,12140544,5045760,0,False,workbench-pyaes,7867,1971,7809,"{'length_of_message': 460, 'num_of_iterations': 460}",0,1024,20,74,2560,1971,15676,550461440,21
9,5,10,71,0,1408,410bdeb0-ebf2-4dda-930e-6e59d178a82b,1723088126494,538320896,10,RAM1408,9,,5,12140544,8448,0,False,workbench-pyaes,876,6,801,"{'length_of_message': 10, 'num_of_iterations': 10}",0,1024,10,71,1408,6,1677,550461440,22
11,48,10,72,0,2304,d82d80bd-da06-4b77-86b0-cea6b2878061,1723088128144,538320896,60,RAM2304,11,,3,12140544,112896,0,False,workbench-pyaes,0,49,0,"{'length_of_message': 60, 'num_of_iterations': 60}",0,1024,0,72,2304,49,0,550461440,21
11,1950,9,71,0,1408,108445c6-443e-4964-8e07-066afbf85708,1723088131651,538320896,980,RAM1408,11,,5,12140544,2747008,0,False,workbench-pyaes,42,1951,42,"{'length_of_message': 360, 'num_of_iterations': 360}",0,1024,10,71,1408,1951,84,550461440,21
9,13352,10,70,0,512,7dbd597e-1cd0-4667-9bbc-ee89cb70c6f7,1723088137090,538324992,3830,RAM512,9,491,13,12136448,6836736,0,True,workbench-pyaes,42,13353,42,"{'length_of_message': 610, 'num_of_iterations': 610}",491,1024,130,70,512,13353,84,550461440,22
10,3274,10,72,0,896,332b9091-696a-4992-9083-c198eee11736,1723088131154,538320896,1650,RAM896,10,,8,12140544,2934400,0,False,workbench-pyaes,4563,3275,968,"{'length_of_message': 410, 'num_of_iterations': 410}",0,1024,30,72,896,3275,5531,550461440,22
9,17384,10,71,0,512,8d719575-8f36-4622-8598-05b52ebff70e,1723088141292,538324992,5030,RAM512,9,491,13,12136448,8901120,0,True,workbench-pyaes,42,17385,42,"{'length_of_message': 710, 'num_of_iterations': 710}",491,1024,290,71,512,17385,84,550461440,22
10,1262,10,72,0,2688,72429806-0c1c-4c5b-82d6-64d9493c95f6,1723088175382,538320896,1270,RAM2688,10,,2,12140544,3394944,0,False,workbench-pyaes,7815,1263,7581,"{'length_of_message': 360, 'num_of_iterations': 360}",0,1024,10,72,2688,1263,15396,550461440,22
8,49,10,70,0,2560,7496e8c0-2ce6-439a-8499-72472248d33f,1723088125881,538324992,60,RAM2560,9,455,2,12136448,128000,0,True,workbench-pyaes,42,50,42,"{'length_of_message': 60, 'num_of_iterations': 60}",455,1024,60,70,2560,50,84,550461440,22
10,1333,9,72,0,640,2ab1fc4a-7500-44f5-b357-2b75edc77c36,1723088140909,538320896,510,RAM640,11,,11,12140544,853760,0,False,workbench-pyaes,11232,1334,16099,"{'length_of_message': 210, 'num_of_iterations': 210}",0,1024,40,72,640,1334,27331,550461440,22
11,134976,10,73,0,128,53edab58-4e34-46e2-9e19-7699f6fcb690,1723088318689,538320896,9010,RAM128,11,,57,12140544,17277056,0,False,workbench-pyaes,8045,134977,8035,,0,1024,80,73,128,134977,16080,550461440,22
10,3016,10,72,0,768,3a9862de-0aa2-4ee9-bb0b-3408a81d49d3,1723088148279,538320896,1280,RAM768,10,,9,12140544,2317056,0,False,workbench-pyaes,11236,3017,15711,"{'length_of_message': 360, 'num_of_iterations': 360}",0,1024,30,72,768,3017,26947,550461440,22
11,98514,10,72,0,128,421c7cd7-5e7e-46e1-a463-df6a4655efa0,1723088282391,538320896,6580,RAM128,11,,56,12140544,12609920,0,False,workbench-pyaes,11716,98515,16075,,0,1024,40,72,128,98515,27791,550461440,22
11,3440,9,73,0,2560,5d80b34a-21d1-4e4c-81eb-567512b04584,1723088208031,538320896,3440,RAM2560,11,,2,12140544,8808960,0,False,workbench-pyaes,7823,3441,7779,"{'length_of_message': 610, 'num_of_iterations': 610}",0,1024,40,73,2560,3441,15602,550461440,21
9,26997,11,71,0,384,4411b347-fb0a-4517-bc35-a60735195e12,1723088150900,538324992,5700,RAM384,9,488,18,12136448,10367232,0,True,workbench-pyaes,42,26998,42,"{'length_of_message': 760, 'num_of_iterations': 760}",488,1024,150,71,384,26998,84,550461440,21
8,129,10,70,0,128,c9a1999b-dc94-43dd-8d39-3eed02cdda86,1723088123780,538324992,20,RAM128,9,417,54,12136448,16640,0,True,workbench-pyaes,42,130,42,"{'length_of_message': 10, 'num_of_iterations': 10}",417,1024,40,70,128,130,84,550461440,22
11,1563,10,73,0,2432,e42f2502-39a0-4c8e-830c-53e5c7533ae3,1723088162726,538320896,1580,RAM2432,11,,3,12140544,3803648,0,False,workbench-pyaes,3201,1564,496,"{'length_of_message': 410, 'num_of_iterations': 410}",0,1024,20,73,2432,1564,3697,550461440,21
11,4470,10,72,0,512,ac994579-44d6-4a6f-b3e3-150ba9805d0a,1723088149729,538320896,1020,RAM512,11,,14,12140544,2289152,0,False,workbench-pyaes,11366,4471,16231,"{'length_of_message': 360, 'num_of_iterations': 360}",0,1024,30,72,512,4471,27597,550461440,22
10,5,10,71,0,2048,136bd45d-a6c3-4c28-b26a-8c5a1e14e7e2,1723088127877,538320896,10,RAM2048,10,,3,12140544,12288,0,False,workbench-pyaes,3129,6,66,"{'length_of_message': 10, 'num_of_iterations': 10}",0,1024,0,71,2048,6,3195,550461440,22
10,8548,10,72,0,768,ced6248a-94f1-4d62-bc7c-92b59d83c668,1723088188037,538320896,3650,RAM768,10,,9,12140544,6565632,0,False,workbench-pyaes,7841,8549,7797,"{'length_of_message': 610, 'num_of_iterations': 610}",0,1024,20,72,768,8549,15638,550461440,22
11,50,11,71,0,3008,a7577e08-78c3-4acb-9797-bd82d2bf51c2,1723088128342,538320896,60,RAM3008,11,,2,12140544,153408,0,False,workbench-pyaes,6959,51,8988,"{'length_of_message': 60, 'num_of_iterations': 60}",0,1024,10,71,3008,51,15947,550461440,22
11,96298,9,73,0,128,4250965f-615d-4c27-8606-f6add760dcac,1723088463237,538320896,6430,RAM128,11,,57,12140544,12326272,0,False,workbench-pyaes,5041,96299,7857,,0,1024,50,73,128,96299,12898,550461440,21
10,2102,10,74,0,1408,cc52835f-8a12-41b5-9448-85392a4846b4,1723088185182,538320896,1690,RAM1408,10,,5,12140544,2961024,0,False,workbench-pyaes,7855,2103,7491,"{'length_of_message': 410, 'num_of_iterations': 410}",0,1024,50,74,1408,2103,15346,550461440,21
10,696,10,72,0,2048,bdd39a7a-fee6-4011-8fa0-e4610b679c2f,1723088150464,538320896,710,RAM2048,10,,3,12140544,1427456,0,False,workbench-pyaes,3195,697,496,"{'length_of_message': 260, 'num_of_iterations': 260}",0,1024,10,72,2048,697,3691,550461440,21
11,83,10,71,0,896,1eeb1f1e-f033-4436-bb2c-2b9dc720b782,1723088126726,538320896,50,RAM896,11,,7,12140544,75264,0,False,workbench-pyaes,0,84,0,"{'length_of_message': 60, 'num_of_iterations': 60}",0,1024,0,71,896,84,0,550461440,22
10,5,10,71,0,2176,9e80bb51-bbbb-47e1-8644-cce677f92fba,1723088126734,538320896,10,RAM2176,10,,3,12140544,13056,0,False,workbench-pyaes,0,6,0,"{'length_of_message': 10, 'num_of_iterations': 10}",0,1024,0,71,2176,6,0,550461440,22
10,2418,10,71,0,384,62a7a705-668f-4724-958d-732f4b25f5c0,1723088141989,538320896,530,RAM384,10,,18,12140544,928896,0,False,workbench-pyaes,3320,2419,760,"{'length_of_message': 210, 'num_of_iterations': 210}",0,1024,40,71,384,2419,4080,550461440,22
10,1622,10,72,0,768,7a0b73d9-a63b-4b25-bdc9-6470c12a5884,1723088147038,538320896,690,RAM768,10,,9,12140544,1246464,0,False,workbench-pyaes,11224,1623,15975,"{'length_of_message': 260, 'num_of_iterations': 260}",0,1024,20,72,768,1623,27199,550461440,22
11,2415,10,72,0,2944,e234f440-31bc-4be8-8b16-0eec7e9dadea,1723088145346,538320896,2430,RAM2944,11,,2,12140544,7112704,0,False,workbench-pyaes,78,2416,222,"{'length_of_message': 510, 'num_of_iterations': 510}",0,1024,40,72,2944,2416,300,550461440,21
10,1367,10,73,0,1664,f1815964-48cb-4993-b516-2c55c60c33a2,1723088172657,538320896,1280,RAM1664,10,,4,12140544,2276352,0,False,workbench-pyaes,7811,1368,7557,"{'length_of_message': 360, 'num_of_iterations': 360}",0,1024,0,73,1664,1368,15368,550461440,21
10,8549,9,72,0,1408,36fc48d1-29d7-462f-99fe-9f95dcd8cbe5,1723088165159,538320896,6740,RAM1408,10,,5,12140544,12038400,0,False,workbench-pyaes,11404,8550,16041,"{'length_of_message': 860, 'num_of_iterations': 860}",0,1024,40,72,1408,8550,27445,550461440,22
10,7692,10,73,0,2048,c3d1d000-2a98-473f-b92d-e79c908e0bd9,1723088178218,538320896,7710,RAM2048,10,,3,12140544,15755264,0,False,workbench-pyaes,7825,7693,7779,"{'length_of_message': 910, 'num_of_iterations': 910}",0,1024,50,73,2048,7693,15604,550461440,21
11,3437,10,73,0,1792,d2d95c44-3d08-4ecc-b280-e21dc07e1f54,1723088148035,538320896,3440,RAM1792,11,,4,12140544,6160896,0,False,workbench-pyaes,3203,3438,496,"{'length_of_message': 610, 'num_of_iterations': 610}",0,1024,40,73,1792,3438,3699,550461440,21
11,234,10,72,0,1024,b007dc39-b60f-46a2-abd8-3184bc19bf4b,1723088129514,538320896,140,RAM1024,11,,7,12140544,240640,0,False,workbench-pyaes,42,235,42,"{'length_of_message': 110, 'num_of_iterations': 110}",0,1024,0,72,1024,235,84,550461440,21
11,2864,10,74,0,2048,e630b743-1b70-45c9-9892-c6c58a81943e,1723088194085,538320896,2870,RAM2048,11,,3,12140544,5867520,0,False,workbench-pyaes,3280,2865,718,"{'length_of_message': 560, 'num_of_iterations': 560}",0,1024,30,74,2048,2865,3998,550461440,21
11,797,10,71,0,2560,1b4d6d4b-cc06-4a00-a968-e851300ddd7f,1723088146837,538320896,720,RAM2560,11,,2,12140544,2042880,0,False,workbench-pyaes,3195,798,496,"{'length_of_message': 310, 'num_of_iterations': 310}",0,1024,10,71,2560,798,3691,550461440,22
10,4228,9,71,0,896,cfbf2f57-7793-428f-8ec5-1008d8174660,1723088132683,538320896,2120,RAM896,10,,7,12140544,3789184,0,False,workbench-pyaes,3242,4229,538,"{'length_of_message': 460, 'num_of_iterations': 460}",0,1024,30,71,896,4229,3780,550461440,22
11,206,9,71,0,1408,4787e1d9-477c-4e5a-aa96-ca6ee0957fe6,1723088127294,538320896,110,RAM1408,11,,5,12140544,291456,0,False,workbench-pyaes,0,207,0,"{'length_of_message': 110, 'num_of_iterations': 110}",0,1024,0,71,1408,207,0,550461440,21
9,7552,10,71,0,1664,c3338760-1e52-4c22-b491-0bad35d56782,1723088166784,538324992,6830,RAM1664,9,470,4,12136448,12568192,0,True,workbench-pyaes,0,7553,0,"{'length_of_message': 860, 'num_of_iterations': 860}",470,1024,80,71,1664,7553,0,550461440,21
11,1780,10,73,0,1664,77eb0e7d-1a53-4efa-af12-dd07ccacec9d,1723088185836,538320896,1620,RAM1664,11,,4,12140544,2963584,0,False,workbench-pyaes,7745,1781,7557,"{'length_of_message': 410, 'num_of_iterations': 410}",0,1024,10,73,1664,1781,15302,550461440,21
10,2857,10,72,0,1024,92298df5-3e18-408e-975e-31102265896a,1723088130875,538320896,1630,RAM1024,10,,7,12140544,2926592,0,False,workbench-pyaes,7652,2858,992,"{'length_of_message': 410, 'num_of_iterations': 410}",0,1024,40,72,1024,2858,8644,550461440,21
10,123,9,70,0,640,5827b580-a9a1-4c03-b332-244611aac98d,1723088127684,538324992,40,RAM640,10,,10,12136448,79360,0,False,workbench-pyaes,0,124,0,"{'length_of_message': 60, 'num_of_iterations': 60}",0,1024,10,70,640,124,0,550461440,22
10,517,10,71,0,1664,623572a4-6863-4ef4-bd80-c0a76aee925f,1723088126984,538320896,470,RAM1664,10,,4,12140544,861952,0,False,workbench-pyaes,0,518,0,"{'length_of_message': 210, 'num_of_iterations': 210}",0,1024,0,71,1664,518,0,550461440,22
10,1672,11,71,0,512,404e8392-7a27-4bb0-9edf-9eb16ad71651,1723088141249,538320896,490,RAM512,11,,13,12140544,856576,0,False,workbench-pyaes,3321,1673,760,"{'length_of_message': 210, 'num_of_iterations': 210}",0,1024,20,71,512,1673,4081,550461440,22
10,5309,10,71,0,256,4a869e2b-1f92-4a03-8ba0-879bc41c862b,1723088139817,538320896,740,RAM256,10,,27,12140544,1359360,0,False,workbench-pyaes,11308,5310,16157,"{'length_of_message': 260, 'num_of_iterations': 260}",0,1024,10,71,256,5310,27465,550461440,22
10,116,11,71,0,2176,cd1edbe6-3e7f-4661-bb54-d0ca704a0237,1723088130306,538320896,120,RAM2176,10,,3,12140544,254592,0,False,workbench-pyaes,3199,117,496,"{'length_of_message': 110, 'num_of_iterations': 110}",0,1024,0,71,2176,117,3695,550461440,22
11,3288,11,73,0,896,425e342a-b36b-4b3a-ac1f-d640c326f079,1723088182838,538320896,1650,RAM896,11,,8,12140544,2946944,0,False,workbench-pyaes,7755,3289,7767,"{'length_of_message': 410, 'num_of_iterations': 410}",0,1024,30,73,896,3289,15522,550461440,21
11,137,10,71,0,2944,e0b60d81-816a-4d90-a342-d8a26ac5b46c,1723088130539,538320896,130,RAM2944,11,,2,12140544,406272,0,False,workbench-pyaes,4547,138,562,"{'length_of_message': 110, 'num_of_iterations': 110}",0,1024,20,71,2944,138,5109,550461440,21
11,576,10,72,0,3008,b1a39ad0-cf04-485c-998c-a706dc4557ab,1723088151684,538320896,580,RAM3008,11,,2,12140544,1735616,0,False,workbench-pyaes,3203,577,496,"{'length_of_message': 260, 'num_of_iterations': 260}",0,1024,0,72,3008,577,3699,550461440,21
10,17289,10,73,0,384,5c79844c-de99-41b7-8b84-4cba6f1cb6d5,1723088252836,538320896,3730,RAM384,10,,19,12140544,6639360,0,False,workbench-pyaes,7887,17290,7905,"{'length_of_message': 610, 'num_of_iterations': 610}",0,1024,150,73,384,17290,15792,550461440,22
9,172,10,70,0,512,8f6cdd8b-629d-4ffe-a23f-498aa0b8fb9b,1723088127731,538324992,50,RAM512,9,,13,12136448,88576,0,False,workbench-pyaes,0,173,0,"{'length_of_message': 60, 'num_of_iterations': 60}",0,1024,0,70,512,173,0,550461440,22
